2025-12-01 19:05:59 [INFO] test_cases.process.test_create_process - Starting test_filter_process_by_name
2025-12-01 19:05:59 [INFO] test_cases.process.test_create_process - Opening login page...
2025-12-01 19:06:07 [INFO] pages.base_page - Page fully loaded.
2025-12-01 19:06:07 [INFO] pages.login.login - Opening: https://qaradius.in.qamajor.radius-ois.ai/play/login
2025-12-01 19:06:07 [INFO] test_cases.process.test_create_process - Login page opened.
2025-12-01 19:06:07 [INFO] test_cases.process.test_create_process - Attempting login...
2025-12-01 19:06:07 [INFO] pages.base_page - Element visible: ('id', 'loginForm.username')
2025-12-01 19:06:07 [INFO] pages.base_page - Element visible: ('id', 'password')
2025-12-01 19:06:07 [INFO] pages.base_page - Element visible: ('id', 'loginForm.Login')
2025-12-01 19:06:07 [INFO] pages.login.login - Login submitted for user: playadmin
2025-12-01 19:06:07 [INFO] pages.common.loader - Waiting for loader to disappear...
2025-12-01 19:06:08 [INFO] pages.base_page - Loader appeared.
2025-12-01 19:06:15 [INFO] pages.base_page - Loader disappeared.
2025-12-01 19:06:15 [INFO] pages.common.loader - Loader Stopped.
2025-12-01 19:06:15 [INFO] pages.login.login - Login submitted successfully.
2025-12-01 19:06:15 [INFO] utils.screenshot - Screenshot saved: D:\2025\SELENIUM-PYTHON\PLAY_RADIUS_AUTOMATION\screenshots\Login Submitted successfully_20251201_190615.png
2025-12-01 19:06:15 [INFO] test_cases.process.test_create_process - Login complete.
2025-12-01 19:06:15 [INFO] test_cases.process.test_create_process - Waiting for page to load after login...
2025-12-01 19:06:15 [INFO] pages.common.loader - Waiting for loader to disappear...
2025-12-01 19:06:20 [INFO] pages.base_page - Loader was not observed during initial check, proceeding without waiting for invisibility.
2025-12-01 19:06:20 [INFO] pages.common.loader - Loader Stopped.
2025-12-01 19:06:20 [INFO] test_cases.process.test_create_process - Page loaded.
2025-12-01 19:06:20 [INFO] test_cases.process.test_create_process - Navigating to Process section via Side Menu...
2025-12-01 19:06:20 [INFO] pages.common.loader - Waiting for loader to disappear...
2025-12-01 19:06:25 [INFO] pages.base_page - Loader was not observed during initial check, proceeding without waiting for invisibility.
2025-12-01 19:06:25 [INFO] pages.common.loader - Loader Stopped.
2025-12-01 19:06:25 [INFO] pages.base_page - Element clickable: ('xpath', "//button[@title='Process']")
2025-12-01 19:06:26 [INFO] pages.common.sidemenupage - Process Showing
2025-12-01 19:06:26 [INFO] utils.screenshot - Screenshot saved: D:\2025\SELENIUM-PYTHON\PLAY_RADIUS_AUTOMATION\screenshots\Process Showing_20251201_190626.png
2025-12-01 19:06:26 [INFO] test_cases.process.test_create_process - Navigated to Process section.
2025-12-01 19:06:26 [INFO] pages.common.loader - Waiting for loader to disappear...
2025-12-01 19:06:31 [INFO] pages.base_page - Loader was not observed during initial check, proceeding without waiting for invisibility.
2025-12-01 19:06:31 [INFO] pages.common.loader - Loader Stopped.
2025-12-01 19:06:31 [INFO] pages.base_page - Element clickable: ('xpath', "//button[@id='add-entity']")
2025-12-01 19:06:35 [INFO] pages.base_page - Element visible: ('xpath', "//input[@name='processName']")
2025-12-01 19:06:35 [INFO] automation - Process Name entered: 'SMK_PLAY_24OCT_A'
2025-12-01 19:06:35 [INFO] automation - Setting channel configuration
2025-12-01 19:06:35 [INFO] pages.base_page - Element clickable: ('xpath', "//*[@id='process-basic-info']/div[2]/div/form/div/div/div[4]/div/div/div[3]/label")
2025-12-01 19:06:35 [INFO] pages.base_page - Element clickable: ('xpath', "//button[@title='Save']")
2025-12-01 19:06:37 [INFO] pages.base_page - Toast appeared: Process name already exists
2025-12-01 19:06:39 [INFO] automation - Captured Toast: Process name already exists
2025-12-01 19:06:39 [INFO] pages.common.loader - Waiting for loader to disappear...
2025-12-01 19:06:44 [INFO] pages.base_page - Loader was not observed during initial check, proceeding without waiting for invisibility.
2025-12-01 19:06:44 [INFO] pages.common.loader - Loader Stopped.
2025-12-01 19:06:44 [INFO] utils.screenshot - Screenshot saved: D:\2025\SELENIUM-PYTHON\PLAY_RADIUS_AUTOMATION\screenshots\Process_Created_Play_Automation_Process_965_20251201_190644.png
2025-12-01 19:06:44 [INFO] pages.common.loader - Waiting for loader to disappear...
2025-12-01 19:06:50 [INFO] pages.base_page - Loader was not observed during initial check, proceeding without waiting for invisibility.
2025-12-01 19:06:50 [INFO] pages.common.loader - Loader Stopped.
2025-12-01 19:07:00 [INFO] utils.screenshot - Screenshot saved: D:\2025\SELENIUM-PYTHON\PLAY_RADIUS_AUTOMATION\screenshots\wait_until_clickable_error___button[@id='add-entity']_20251201_190700.png
2025-12-01 19:07:00 [ERROR] pages.base_page - wait_until_clickable failed for ('xpath', "//button[@id='add-entity']"): Message: 
Stacktrace:
Symbols not available. Dumping unresolved backtrace:
	0x4a4103
	0x4a4144
	0x2ae71d
	0x2fa03d
	0x2fa41b
	0x3417f2
	0x31c954
	0x33ee17
	0x31c706
	0x2eda30
	0x2eed54
	0x7157b4
	0x71098a
	0x4cc392
	0x4bc4c8
	0x4c324d
	0x4ac478
	0x4ac63c
	0x4967ca
	0x769d5d49
	0x779ad6db
	0x779ad661
Traceback (most recent call last):
  File "D:\2025\SELENIUM-PYTHON\PLAY_RADIUS_AUTOMATION\pages\base_page.py", line 172, in _wait_for_condition
    element = wait_obj.until(condition) # Use the passed wait_obj
  File "D:\2025\SELENIUM-PYTHON\PLAY_RADIUS_AUTOMATION\.venv\Lib\site-packages\selenium\webdriver\support\wait.py", line 138, in until
    raise TimeoutException(message, screen, stacktrace)
selenium.common.exceptions.TimeoutException: Message: 
Stacktrace:
Symbols not available. Dumping unresolved backtrace:
	0x4a4103
	0x4a4144
	0x2ae71d
	0x2fa03d
	0x2fa41b
	0x3417f2
	0x31c954
	0x33ee17
	0x31c706
	0x2eda30
	0x2eed54
	0x7157b4
	0x71098a
	0x4cc392
	0x4bc4c8
	0x4c324d
	0x4ac478
	0x4ac63c
	0x4967ca
	0x769d5d49
	0x779ad6db
	0x779ad661

2025-12-01 19:07:01 [INFO] pages.base_page - Element visible: ('xpath', "//input[@name='processName']")
2025-12-01 19:07:01 [INFO] automation - Process Name entered: 'Play_Automation_Process_965'
2025-12-01 19:07:01 [INFO] automation - Setting channel configuration
2025-12-01 19:07:01 [INFO] pages.base_page - Element clickable: ('xpath', "//*[@id='process-basic-info']/div[2]/div/form/div/div/div[4]/div/div/div[3]/label")
2025-12-01 19:07:01 [INFO] pages.base_page - Element clickable: ('xpath', "//button[@title='Save']")
2025-12-01 19:07:07 [INFO] utils.screenshot - Screenshot saved: D:\2025\SELENIUM-PYTHON\PLAY_RADIUS_AUTOMATION\screenshots\toast_capture_error_20251201_190707.png
2025-12-01 19:07:07 [ERROR] pages.base_page - No toast captured: Message: 
Stacktrace:
Symbols not available. Dumping unresolved backtrace:
	0x4a4103
	0x4a4144
	0x2ae71d
	0x2fa03d
	0x2fa41b
	0x3417f2
	0x31c954
	0x33ee17
	0x31c706
	0x2eda30
	0x2eed54
	0x7157b4
	0x71098a
	0x4cc392
	0x4bc4c8
	0x4c324d
	0x4ac478
	0x4ac63c
	0x4967ca
	0x769d5d49
	0x779ad6db
	0x779ad661
Traceback (most recent call last):
  File "D:\2025\SELENIUM-PYTHON\PLAY_RADIUS_AUTOMATION\pages\base_page.py", line 237, in capture_toast
    toast = WebDriverWait(self.driver, timeout).until(
        EC.visibility_of_element_located(locator)
    )
  File "D:\2025\SELENIUM-PYTHON\PLAY_RADIUS_AUTOMATION\.venv\Lib\site-packages\selenium\webdriver\support\wait.py", line 138, in until
    raise TimeoutException(message, screen, stacktrace)
selenium.common.exceptions.TimeoutException: Message: 
Stacktrace:
Symbols not available. Dumping unresolved backtrace:
	0x4a4103
	0x4a4144
	0x2ae71d
	0x2fa03d
	0x2fa41b
	0x3417f2
	0x31c954
	0x33ee17
	0x31c706
	0x2eda30
	0x2eed54
	0x7157b4
	0x71098a
	0x4cc392
	0x4bc4c8
	0x4c324d
	0x4ac478
	0x4ac63c
	0x4967ca
	0x769d5d49
	0x779ad6db
	0x779ad661

2025-12-01 19:07:07 [INFO] automation - Captured Toast: None
2025-12-01 19:07:07 [INFO] pages.common.loader - Waiting for loader to disappear...
2025-12-01 19:07:12 [INFO] pages.base_page - Loader was not observed during initial check, proceeding without waiting for invisibility.
2025-12-01 19:07:12 [INFO] pages.common.loader - Loader Stopped.
2025-12-01 19:07:12 [INFO] utils.screenshot - Screenshot saved: D:\2025\SELENIUM-PYTHON\PLAY_RADIUS_AUTOMATION\screenshots\Process_Created_Play_Automation_Process_965_20251201_190712.png
2025-12-01 19:07:12 [INFO] utils.screenshot - Screenshot saved: D:\2025\SELENIUM-PYTHON\PLAY_RADIUS_AUTOMATION\screenshots\failed_test_process_name_already_exist_20251201_190712.png
2025-12-01 19:19:10 [INFO] test_cases.process.test_create_process - Starting test_filter_process_by_name
2025-12-01 19:19:10 [INFO] test_cases.process.test_create_process - Opening login page...
2025-12-01 19:19:17 [INFO] pages.base_page - Page fully loaded.
2025-12-01 19:19:17 [INFO] pages.login.login - Opening: https://qaradius.in.qamajor.radius-ois.ai/play/login
2025-12-01 19:19:17 [INFO] test_cases.process.test_create_process - Login page opened.
2025-12-01 19:19:17 [INFO] test_cases.process.test_create_process - Attempting login...
2025-12-01 19:19:17 [INFO] pages.base_page - Element visible: ('id', 'loginForm.username')
2025-12-01 19:19:17 [INFO] pages.base_page - Element visible: ('id', 'password')
2025-12-01 19:19:17 [INFO] pages.base_page - Element visible: ('id', 'loginForm.Login')
2025-12-01 19:19:18 [INFO] pages.login.login - Login submitted for user: playadmin
2025-12-01 19:19:18 [INFO] pages.common.loader - Waiting for loader to disappear...
2025-12-01 19:19:18 [INFO] pages.base_page - Loader appeared.
2025-12-01 19:19:25 [INFO] pages.base_page - Loader disappeared.
2025-12-01 19:19:25 [INFO] pages.common.loader - Loader Stopped.
2025-12-01 19:19:25 [INFO] pages.login.login - Login submitted successfully.
2025-12-01 19:19:26 [INFO] utils.screenshot - Screenshot saved: D:\2025\SELENIUM-PYTHON\PLAY_RADIUS_AUTOMATION\screenshots\Login Submitted successfully_20251201_191925.png
2025-12-01 19:19:26 [INFO] test_cases.process.test_create_process - Login complete.
2025-12-01 19:19:26 [INFO] test_cases.process.test_create_process - Waiting for page to load after login...
2025-12-01 19:19:26 [INFO] pages.common.loader - Waiting for loader to disappear...
2025-12-01 19:19:31 [INFO] pages.base_page - Loader was not observed during initial check, proceeding without waiting for invisibility.
2025-12-01 19:19:31 [INFO] pages.common.loader - Loader Stopped.
2025-12-01 19:19:31 [INFO] test_cases.process.test_create_process - Page loaded.
2025-12-01 19:19:31 [INFO] test_cases.process.test_create_process - Navigating to Process section via Side Menu...
2025-12-01 19:19:31 [INFO] pages.common.loader - Waiting for loader to disappear...
2025-12-01 19:19:36 [INFO] pages.base_page - Loader was not observed during initial check, proceeding without waiting for invisibility.
2025-12-01 19:19:36 [INFO] pages.common.loader - Loader Stopped.
2025-12-01 19:19:36 [INFO] pages.base_page - Element clickable: ('xpath', "//button[@title='Process']")
2025-12-01 19:19:36 [INFO] pages.common.sidemenupage - Process Showing
2025-12-01 19:19:37 [INFO] utils.screenshot - Screenshot saved: D:\2025\SELENIUM-PYTHON\PLAY_RADIUS_AUTOMATION\screenshots\Process Showing_20251201_191936.png
2025-12-01 19:19:37 [INFO] test_cases.process.test_create_process - Navigated to Process section.
2025-12-01 19:19:37 [INFO] pages.common.loader - Waiting for loader to disappear...
2025-12-01 19:19:42 [INFO] pages.base_page - Loader was not observed during initial check, proceeding without waiting for invisibility.
2025-12-01 19:19:42 [INFO] pages.common.loader - Loader Stopped.
2025-12-01 19:19:42 [INFO] pages.base_page - Element clickable: ('xpath', "//button[@id='add-entity']")
2025-12-01 19:19:45 [INFO] pages.base_page - Element visible: ('xpath', "//input[@name='processName']")
2025-12-01 19:19:45 [INFO] automation - Process Name entered: 'SMK_PLAY_24OCT_A'
2025-12-01 19:19:45 [INFO] automation - Setting channel configuration
2025-12-01 19:19:45 [INFO] pages.base_page - Element clickable: ('xpath', "//*[@id='process-basic-info']/div[2]/div/form/div/div/div[4]/div/div/div[3]/label")
2025-12-01 19:19:46 [INFO] pages.base_page - Element clickable: ('xpath', "//button[@title='Save']")
2025-12-01 19:19:47 [INFO] pages.base_page - Toast appeared: Process name already exists
2025-12-01 19:19:50 [INFO] automation - Captured Toast: Process name already exists
2025-12-01 19:19:50 [INFO] pages.common.loader - Waiting for loader to disappear...
2025-12-01 19:19:55 [INFO] pages.base_page - Loader was not observed during initial check, proceeding without waiting for invisibility.
2025-12-01 19:19:55 [INFO] pages.common.loader - Loader Stopped.
2025-12-01 19:19:55 [INFO] utils.screenshot - Screenshot saved: D:\2025\SELENIUM-PYTHON\PLAY_RADIUS_AUTOMATION\screenshots\Process_Created_Play_Automation_Process_966_20251201_191955.png
2025-12-01 19:19:55 [INFO] pages.common.loader - Waiting for loader to disappear...
2025-12-01 19:20:00 [INFO] pages.base_page - Loader was not observed during initial check, proceeding without waiting for invisibility.
2025-12-01 19:20:00 [INFO] pages.common.loader - Loader Stopped.
2025-12-01 19:20:11 [INFO] utils.screenshot - Screenshot saved: D:\2025\SELENIUM-PYTHON\PLAY_RADIUS_AUTOMATION\screenshots\wait_until_clickable_error___button[@id='add-entity']_20251201_192011.png
2025-12-01 19:20:11 [ERROR] pages.base_page - wait_until_clickable failed for ('xpath', "//button[@id='add-entity']"): Message: 
Stacktrace:
Symbols not available. Dumping unresolved backtrace:
	0x984103
	0x984144
	0x78e71d
	0x7da03d
	0x7da41b
	0x8217f2
	0x7fc954
	0x81ee17
	0x7fc706
	0x7cda30
	0x7ced54
	0xbf57b4
	0xbf098a
	0x9ac392
	0x99c4c8
	0x9a324d
	0x98c478
	0x98c63c
	0x9767ca
	0x769d5d49
	0x779ad6db
	0x779ad661
Traceback (most recent call last):
  File "D:\2025\SELENIUM-PYTHON\PLAY_RADIUS_AUTOMATION\pages\base_page.py", line 172, in _wait_for_condition
    element = wait_obj.until(condition) # Use the passed wait_obj
  File "D:\2025\SELENIUM-PYTHON\PLAY_RADIUS_AUTOMATION\.venv\Lib\site-packages\selenium\webdriver\support\wait.py", line 138, in until
    raise TimeoutException(message, screen, stacktrace)
selenium.common.exceptions.TimeoutException: Message: 
Stacktrace:
Symbols not available. Dumping unresolved backtrace:
	0x984103
	0x984144
	0x78e71d
	0x7da03d
	0x7da41b
	0x8217f2
	0x7fc954
	0x81ee17
	0x7fc706
	0x7cda30
	0x7ced54
	0xbf57b4
	0xbf098a
	0x9ac392
	0x99c4c8
	0x9a324d
	0x98c478
	0x98c63c
	0x9767ca
	0x769d5d49
	0x779ad6db
	0x779ad661

2025-12-01 19:20:11 [INFO] pages.base_page - Element visible: ('xpath', "//input[@name='processName']")
2025-12-01 19:20:11 [INFO] automation - Process Name entered: 'SMK_PLAY_24OCT_A'
2025-12-01 19:20:11 [INFO] automation - Setting channel configuration
2025-12-01 19:20:11 [INFO] pages.base_page - Element clickable: ('xpath', "//*[@id='process-basic-info']/div[2]/div/form/div/div/div[4]/div/div/div[3]/label")
2025-12-01 19:20:12 [INFO] pages.base_page - Element clickable: ('xpath', "//button[@title='Save']")
2025-12-01 19:20:17 [INFO] utils.screenshot - Screenshot saved: D:\2025\SELENIUM-PYTHON\PLAY_RADIUS_AUTOMATION\screenshots\toast_capture_error_20251201_192017.png
2025-12-01 19:20:17 [ERROR] pages.base_page - No toast captured: Message: 
Stacktrace:
Symbols not available. Dumping unresolved backtrace:
	0x984103
	0x984144
	0x78e71d
	0x7da03d
	0x7da41b
	0x8217f2
	0x7fc954
	0x81ee17
	0x7fc706
	0x7cda30
	0x7ced54
	0xbf57b4
	0xbf098a
	0x9ac392
	0x99c4c8
	0x9a324d
	0x98c478
	0x98c63c
	0x9767ca
	0x769d5d49
	0x779ad6db
	0x779ad661
Traceback (most recent call last):
  File "D:\2025\SELENIUM-PYTHON\PLAY_RADIUS_AUTOMATION\pages\base_page.py", line 237, in capture_toast
    toast = WebDriverWait(self.driver, timeout).until(
        EC.visibility_of_element_located(locator)
    )
  File "D:\2025\SELENIUM-PYTHON\PLAY_RADIUS_AUTOMATION\.venv\Lib\site-packages\selenium\webdriver\support\wait.py", line 138, in until
    raise TimeoutException(message, screen, stacktrace)
selenium.common.exceptions.TimeoutException: Message: 
Stacktrace:
Symbols not available. Dumping unresolved backtrace:
	0x984103
	0x984144
	0x78e71d
	0x7da03d
	0x7da41b
	0x8217f2
	0x7fc954
	0x81ee17
	0x7fc706
	0x7cda30
	0x7ced54
	0xbf57b4
	0xbf098a
	0x9ac392
	0x99c4c8
	0x9a324d
	0x98c478
	0x98c63c
	0x9767ca
	0x769d5d49
	0x779ad6db
	0x779ad661

2025-12-01 19:20:17 [INFO] automation - Captured Toast: None
2025-12-01 19:20:17 [INFO] pages.common.loader - Waiting for loader to disappear...
2025-12-01 19:20:22 [INFO] pages.base_page - Loader was not observed during initial check, proceeding without waiting for invisibility.
2025-12-01 19:20:22 [INFO] pages.common.loader - Loader Stopped.
2025-12-01 19:20:22 [INFO] utils.screenshot - Screenshot saved: D:\2025\SELENIUM-PYTHON\PLAY_RADIUS_AUTOMATION\screenshots\Process_Created_Play_Automation_Process_966_20251201_192022.png
2025-12-01 19:20:22 [INFO] pages.common.loader - Waiting for loader to disappear...
2025-12-01 19:20:27 [INFO] pages.base_page - Loader was not observed during initial check, proceeding without waiting for invisibility.
2025-12-01 19:20:27 [INFO] pages.common.loader - Loader Stopped.
2025-12-01 19:20:38 [INFO] utils.screenshot - Screenshot saved: D:\2025\SELENIUM-PYTHON\PLAY_RADIUS_AUTOMATION\screenshots\wait_until_clickable_error___button[@id='add-entity']_20251201_192038.png
2025-12-01 19:20:38 [ERROR] pages.base_page - wait_until_clickable failed for ('xpath', "//button[@id='add-entity']"): Message: 
Stacktrace:
Symbols not available. Dumping unresolved backtrace:
	0x984103
	0x984144
	0x78e71d
	0x7da03d
	0x7da41b
	0x8217f2
	0x7fc954
	0x81ee17
	0x7fc706
	0x7cda30
	0x7ced54
	0xbf57b4
	0xbf098a
	0x9ac392
	0x99c4c8
	0x9a324d
	0x98c478
	0x98c63c
	0x9767ca
	0x769d5d49
	0x779ad6db
	0x779ad661
Traceback (most recent call last):
  File "D:\2025\SELENIUM-PYTHON\PLAY_RADIUS_AUTOMATION\pages\base_page.py", line 172, in _wait_for_condition
    element = wait_obj.until(condition) # Use the passed wait_obj
  File "D:\2025\SELENIUM-PYTHON\PLAY_RADIUS_AUTOMATION\.venv\Lib\site-packages\selenium\webdriver\support\wait.py", line 138, in until
    raise TimeoutException(message, screen, stacktrace)
selenium.common.exceptions.TimeoutException: Message: 
Stacktrace:
Symbols not available. Dumping unresolved backtrace:
	0x984103
	0x984144
	0x78e71d
	0x7da03d
	0x7da41b
	0x8217f2
	0x7fc954
	0x81ee17
	0x7fc706
	0x7cda30
	0x7ced54
	0xbf57b4
	0xbf098a
	0x9ac392
	0x99c4c8
	0x9a324d
	0x98c478
	0x98c63c
	0x9767ca
	0x769d5d49
	0x779ad6db
	0x779ad661

2025-12-01 19:20:38 [INFO] pages.base_page - Element visible: ('xpath', "//input[@name='processName']")
2025-12-01 19:20:39 [INFO] automation - Process Name entered: 'Play_Automation_Process_966'
2025-12-01 19:20:39 [INFO] automation - Setting channel configuration
2025-12-01 19:20:39 [INFO] pages.base_page - Element clickable: ('xpath', "//*[@id='process-basic-info']/div[2]/div/form/div/div/div[4]/div/div/div[3]/label")
2025-12-01 19:20:39 [INFO] pages.base_page - Element clickable: ('xpath', "//button[@title='Save']")
2025-12-01 19:20:44 [INFO] utils.screenshot - Screenshot saved: D:\2025\SELENIUM-PYTHON\PLAY_RADIUS_AUTOMATION\screenshots\toast_capture_error_20251201_192044.png
2025-12-01 19:20:44 [ERROR] pages.base_page - No toast captured: Message: 
Stacktrace:
Symbols not available. Dumping unresolved backtrace:
	0x984103
	0x984144
	0x78e71d
	0x7da03d
	0x7da41b
	0x8217f2
	0x7fc954
	0x81ee17
	0x7fc706
	0x7cda30
	0x7ced54
	0xbf57b4
	0xbf098a
	0x9ac392
	0x99c4c8
	0x9a324d
	0x98c478
	0x98c63c
	0x9767ca
	0x769d5d49
	0x779ad6db
	0x779ad661
Traceback (most recent call last):
  File "D:\2025\SELENIUM-PYTHON\PLAY_RADIUS_AUTOMATION\pages\base_page.py", line 237, in capture_toast
    toast = WebDriverWait(self.driver, timeout).until(
        EC.visibility_of_element_located(locator)
    )
  File "D:\2025\SELENIUM-PYTHON\PLAY_RADIUS_AUTOMATION\.venv\Lib\site-packages\selenium\webdriver\support\wait.py", line 138, in until
    raise TimeoutException(message, screen, stacktrace)
selenium.common.exceptions.TimeoutException: Message: 
Stacktrace:
Symbols not available. Dumping unresolved backtrace:
	0x984103
	0x984144
	0x78e71d
	0x7da03d
	0x7da41b
	0x8217f2
	0x7fc954
	0x81ee17
	0x7fc706
	0x7cda30
	0x7ced54
	0xbf57b4
	0xbf098a
	0x9ac392
	0x99c4c8
	0x9a324d
	0x98c478
	0x98c63c
	0x9767ca
	0x769d5d49
	0x779ad6db
	0x779ad661

2025-12-01 19:20:44 [INFO] automation - Captured Toast: None
2025-12-01 19:20:44 [INFO] pages.common.loader - Waiting for loader to disappear...
2025-12-01 19:20:50 [INFO] pages.base_page - Loader was not observed during initial check, proceeding without waiting for invisibility.
2025-12-01 19:20:50 [INFO] pages.common.loader - Loader Stopped.
2025-12-01 19:20:50 [INFO] utils.screenshot - Screenshot saved: D:\2025\SELENIUM-PYTHON\PLAY_RADIUS_AUTOMATION\screenshots\Process_Created_Play_Automation_Process_966_20251201_192050.png
2025-12-01 19:20:50 [INFO] utils.screenshot - Screenshot saved: D:\2025\SELENIUM-PYTHON\PLAY_RADIUS_AUTOMATION\screenshots\failed_test_process_name_already_exist_20251201_192050.png
2025-12-01 19:23:34 [INFO] test_cases.process.test_create_process - Starting test_filter_process_by_name
2025-12-01 19:23:34 [INFO] test_cases.process.test_create_process - Opening login page...
2025-12-01 19:23:41 [INFO] pages.base_page - Page fully loaded.
2025-12-01 19:23:41 [INFO] pages.login.login - Opening: https://qaradius.in.qamajor.radius-ois.ai/play/login
2025-12-01 19:23:41 [INFO] test_cases.process.test_create_process - Login page opened.
2025-12-01 19:23:41 [INFO] test_cases.process.test_create_process - Attempting login...
2025-12-01 19:23:41 [INFO] pages.base_page - Element visible: ('id', 'loginForm.username')
2025-12-01 19:23:41 [INFO] pages.base_page - Element visible: ('id', 'password')
2025-12-01 19:23:41 [INFO] pages.base_page - Element visible: ('id', 'loginForm.Login')
2025-12-01 19:23:42 [INFO] pages.login.login - Login submitted for user: playadmin
2025-12-01 19:23:42 [INFO] pages.common.loader - Waiting for loader to disappear...
2025-12-01 19:23:42 [INFO] pages.base_page - Loader appeared.
2025-12-01 19:23:49 [INFO] pages.base_page - Loader disappeared.
2025-12-01 19:23:49 [INFO] pages.common.loader - Loader Stopped.
2025-12-01 19:23:49 [INFO] pages.login.login - Login submitted successfully.
2025-12-01 19:23:49 [INFO] utils.screenshot - Screenshot saved: D:\2025\SELENIUM-PYTHON\PLAY_RADIUS_AUTOMATION\screenshots\Login Submitted successfully_20251201_192349.png
2025-12-01 19:23:49 [INFO] test_cases.process.test_create_process - Login complete.
2025-12-01 19:23:49 [INFO] test_cases.process.test_create_process - Waiting for page to load after login...
2025-12-01 19:23:49 [INFO] pages.common.loader - Waiting for loader to disappear...
2025-12-01 19:23:54 [INFO] pages.base_page - Loader was not observed during initial check, proceeding without waiting for invisibility.
2025-12-01 19:23:54 [INFO] pages.common.loader - Loader Stopped.
2025-12-01 19:23:54 [INFO] test_cases.process.test_create_process - Page loaded.
2025-12-01 19:23:54 [INFO] test_cases.process.test_create_process - Navigating to Process section via Side Menu...
2025-12-01 19:23:54 [INFO] pages.common.loader - Waiting for loader to disappear...
2025-12-01 19:23:59 [INFO] pages.base_page - Loader was not observed during initial check, proceeding without waiting for invisibility.
2025-12-01 19:23:59 [INFO] pages.common.loader - Loader Stopped.
2025-12-01 19:23:59 [INFO] pages.base_page - Element clickable: ('xpath', "//button[@title='Process']")
2025-12-01 19:24:00 [INFO] pages.common.sidemenupage - Process Showing
2025-12-01 19:24:00 [INFO] utils.screenshot - Screenshot saved: D:\2025\SELENIUM-PYTHON\PLAY_RADIUS_AUTOMATION\screenshots\Process Showing_20251201_192400.png
2025-12-01 19:24:00 [INFO] test_cases.process.test_create_process - Navigated to Process section.
2025-12-01 19:24:00 [INFO] pages.common.loader - Waiting for loader to disappear...
2025-12-01 19:24:05 [INFO] pages.base_page - Loader was not observed during initial check, proceeding without waiting for invisibility.
2025-12-01 19:24:05 [INFO] pages.common.loader - Loader Stopped.
2025-12-01 19:24:05 [INFO] pages.base_page - Element clickable: ('xpath', "//button[@id='add-entity']")
2025-12-01 19:24:09 [INFO] pages.base_page - Element visible: ('xpath', "//input[@name='processName']")
2025-12-01 19:24:09 [INFO] automation - Process Name entered: 'SMK_PLAY_24OCT_A'
2025-12-01 19:24:09 [INFO] automation - Setting channel configuration
2025-12-01 19:24:09 [INFO] pages.base_page - Element clickable: ('xpath', "//*[@id='process-basic-info']/div[2]/div/form/div/div/div[4]/div/div/div[3]/label")
2025-12-01 19:24:10 [INFO] pages.base_page - Element clickable: ('xpath', "//button[@title='Save']")
2025-12-01 19:24:11 [INFO] pages.base_page - Toast appeared: Process name already exists
2025-12-01 19:24:14 [INFO] automation - Captured Toast: Process name already exists
2025-12-01 19:24:14 [INFO] pages.common.loader - Waiting for loader to disappear...
2025-12-01 19:24:19 [INFO] pages.base_page - Loader was not observed during initial check, proceeding without waiting for invisibility.
2025-12-01 19:24:19 [INFO] pages.common.loader - Loader Stopped.
2025-12-01 19:24:19 [INFO] utils.screenshot - Screenshot saved: D:\2025\SELENIUM-PYTHON\PLAY_RADIUS_AUTOMATION\screenshots\Process_Created_Play_Automation_Process_967_20251201_192419.png
2025-12-01 19:24:19 [INFO] pages.common.loader - Waiting for loader to disappear...
2025-12-01 19:24:24 [INFO] pages.base_page - Loader was not observed during initial check, proceeding without waiting for invisibility.
2025-12-01 19:24:24 [INFO] pages.common.loader - Loader Stopped.
2025-12-01 19:24:35 [INFO] utils.screenshot - Screenshot saved: D:\2025\SELENIUM-PYTHON\PLAY_RADIUS_AUTOMATION\screenshots\wait_until_clickable_error___button[@id='add-entity']_20251201_192434.png
2025-12-01 19:24:35 [ERROR] pages.base_page - wait_until_clickable failed for ('xpath', "//button[@id='add-entity']"): Message: 
Stacktrace:
Symbols not available. Dumping unresolved backtrace:
	0xfd4103
	0xfd4144
	0xdde71d
	0xe2a03d
	0xe2a41b
	0xe717f2
	0xe4c954
	0xe6ee17
	0xe4c706
	0xe1da30
	0xe1ed54
	0x12457b4
	0x124098a
	0xffc392
	0xfec4c8
	0xff324d
	0xfdc478
	0xfdc63c
	0xfc67ca
	0x769d5d49
	0x779ad6db
	0x779ad661
Traceback (most recent call last):
  File "D:\2025\SELENIUM-PYTHON\PLAY_RADIUS_AUTOMATION\pages\base_page.py", line 172, in _wait_for_condition
    element = wait_obj.until(condition) # Use the passed wait_obj
  File "D:\2025\SELENIUM-PYTHON\PLAY_RADIUS_AUTOMATION\.venv\Lib\site-packages\selenium\webdriver\support\wait.py", line 138, in until
    raise TimeoutException(message, screen, stacktrace)
selenium.common.exceptions.TimeoutException: Message: 
Stacktrace:
Symbols not available. Dumping unresolved backtrace:
	0xfd4103
	0xfd4144
	0xdde71d
	0xe2a03d
	0xe2a41b
	0xe717f2
	0xe4c954
	0xe6ee17
	0xe4c706
	0xe1da30
	0xe1ed54
	0x12457b4
	0x124098a
	0xffc392
	0xfec4c8
	0xff324d
	0xfdc478
	0xfdc63c
	0xfc67ca
	0x769d5d49
	0x779ad6db
	0x779ad661

2025-12-01 19:24:35 [INFO] pages.base_page - Element visible: ('xpath', "//input[@name='processName']")
2025-12-01 19:24:35 [INFO] automation - Process Name entered: 'SMK_PLAY_24OCT_A'
2025-12-01 19:24:35 [INFO] automation - Setting channel configuration
2025-12-01 19:24:35 [INFO] pages.base_page - Element clickable: ('xpath', "//*[@id='process-basic-info']/div[2]/div/form/div/div/div[4]/div/div/div[3]/label")
2025-12-01 19:24:36 [INFO] pages.base_page - Element clickable: ('xpath', "//button[@title='Save']")
2025-12-01 19:24:37 [INFO] pages.base_page - Toast appeared: Process name already exists
2025-12-01 19:24:39 [INFO] automation - Captured Toast: Process name already exists
2025-12-01 19:24:39 [INFO] pages.common.loader - Waiting for loader to disappear...
2025-12-01 19:24:44 [INFO] pages.base_page - Loader was not observed during initial check, proceeding without waiting for invisibility.
2025-12-01 19:24:44 [INFO] pages.common.loader - Loader Stopped.
2025-12-01 19:24:44 [INFO] utils.screenshot - Screenshot saved: D:\2025\SELENIUM-PYTHON\PLAY_RADIUS_AUTOMATION\screenshots\Process_Created_Play_Automation_Process_967_20251201_192444.png
2025-12-01 19:24:44 [INFO] pages.common.loader - Waiting for loader to disappear...
2025-12-01 19:24:49 [INFO] pages.base_page - Loader was not observed during initial check, proceeding without waiting for invisibility.
2025-12-01 19:24:49 [INFO] pages.common.loader - Loader Stopped.
2025-12-01 19:25:00 [INFO] utils.screenshot - Screenshot saved: D:\2025\SELENIUM-PYTHON\PLAY_RADIUS_AUTOMATION\screenshots\wait_until_clickable_error___button[@id='add-entity']_20251201_192500.png
2025-12-01 19:25:00 [ERROR] pages.base_page - wait_until_clickable failed for ('xpath', "//button[@id='add-entity']"): Message: 
Stacktrace:
Symbols not available. Dumping unresolved backtrace:
	0xfd4103
	0xfd4144
	0xdde71d
	0xe2a03d
	0xe2a41b
	0xe717f2
	0xe4c954
	0xe6ee17
	0xe4c706
	0xe1da30
	0xe1ed54
	0x12457b4
	0x124098a
	0xffc392
	0xfec4c8
	0xff324d
	0xfdc478
	0xfdc63c
	0xfc67ca
	0x769d5d49
	0x779ad6db
	0x779ad661
Traceback (most recent call last):
  File "D:\2025\SELENIUM-PYTHON\PLAY_RADIUS_AUTOMATION\pages\base_page.py", line 172, in _wait_for_condition
    element = wait_obj.until(condition) # Use the passed wait_obj
  File "D:\2025\SELENIUM-PYTHON\PLAY_RADIUS_AUTOMATION\.venv\Lib\site-packages\selenium\webdriver\support\wait.py", line 138, in until
    raise TimeoutException(message, screen, stacktrace)
selenium.common.exceptions.TimeoutException: Message: 
Stacktrace:
Symbols not available. Dumping unresolved backtrace:
	0xfd4103
	0xfd4144
	0xdde71d
	0xe2a03d
	0xe2a41b
	0xe717f2
	0xe4c954
	0xe6ee17
	0xe4c706
	0xe1da30
	0xe1ed54
	0x12457b4
	0x124098a
	0xffc392
	0xfec4c8
	0xff324d
	0xfdc478
	0xfdc63c
	0xfc67ca
	0x769d5d49
	0x779ad6db
	0x779ad661

2025-12-01 19:25:00 [INFO] pages.base_page - Element visible: ('xpath', "//input[@name='processName']")
2025-12-01 19:25:01 [INFO] automation - Process Name entered: 'Play_Automation_Process_967'
2025-12-01 19:25:01 [INFO] automation - Setting channel configuration
2025-12-01 19:25:01 [INFO] pages.base_page - Element clickable: ('xpath', "//*[@id='process-basic-info']/div[2]/div/form/div/div/div[4]/div/div/div[3]/label")
2025-12-01 19:25:01 [INFO] pages.base_page - Element clickable: ('xpath', "//button[@title='Save']")
2025-12-01 19:25:03 [INFO] pages.base_page - Toast appeared: Process saved successfully
2025-12-01 19:25:05 [INFO] automation - Captured Toast: Process saved successfully
2025-12-01 19:25:05 [INFO] pages.common.loader - Waiting for loader to disappear...
2025-12-01 19:25:10 [INFO] pages.base_page - Loader was not observed during initial check, proceeding without waiting for invisibility.
2025-12-01 19:25:10 [INFO] pages.common.loader - Loader Stopped.
2025-12-01 19:25:11 [INFO] utils.screenshot - Screenshot saved: D:\2025\SELENIUM-PYTHON\PLAY_RADIUS_AUTOMATION\screenshots\Process_Created_Play_Automation_Process_967_20251201_192510.png
2025-12-01 19:25:11 [INFO] utils.screenshot - Screenshot saved: D:\2025\SELENIUM-PYTHON\PLAY_RADIUS_AUTOMATION\screenshots\failed_test_process_name_already_exist_20251201_192511.png
2025-12-01 19:29:51 [INFO] test_cases.process.test_create_process - Starting test_filter_process_by_name
2025-12-01 19:29:51 [INFO] test_cases.process.test_create_process - Opening login page...
2025-12-01 19:29:58 [INFO] pages.base_page - Page fully loaded.
2025-12-01 19:29:58 [INFO] pages.login.login - Opening: https://qaradius.in.qamajor.radius-ois.ai/play/login
2025-12-01 19:29:58 [INFO] test_cases.process.test_create_process - Login page opened.
2025-12-01 19:29:58 [INFO] test_cases.process.test_create_process - Attempting login...
2025-12-01 19:29:58 [INFO] pages.base_page - Element visible: ('id', 'loginForm.username')
2025-12-01 19:29:58 [INFO] pages.base_page - Element visible: ('id', 'password')
2025-12-01 19:29:58 [INFO] pages.base_page - Element visible: ('id', 'loginForm.Login')
2025-12-01 19:29:58 [INFO] pages.login.login - Login submitted for user: playadmin
2025-12-01 19:29:58 [INFO] pages.common.loader - Waiting for loader to disappear...
2025-12-01 19:29:59 [INFO] pages.base_page - Loader appeared.
2025-12-01 19:30:07 [INFO] pages.base_page - Loader disappeared.
2025-12-01 19:30:07 [INFO] pages.common.loader - Loader Stopped.
2025-12-01 19:30:07 [INFO] pages.login.login - Login submitted successfully.
2025-12-01 19:30:07 [INFO] utils.screenshot - Screenshot saved: D:\2025\SELENIUM-PYTHON\PLAY_RADIUS_AUTOMATION\screenshots\Login Submitted successfully_20251201_193007.png
2025-12-01 19:30:07 [INFO] test_cases.process.test_create_process - Login complete.
2025-12-01 19:30:07 [INFO] test_cases.process.test_create_process - Waiting for page to load after login...
2025-12-01 19:30:07 [INFO] pages.common.loader - Waiting for loader to disappear...
2025-12-01 19:30:12 [INFO] pages.base_page - Loader was not observed during initial check, proceeding without waiting for invisibility.
2025-12-01 19:30:12 [INFO] pages.common.loader - Loader Stopped.
2025-12-01 19:30:12 [INFO] test_cases.process.test_create_process - Page loaded.
2025-12-01 19:30:12 [INFO] test_cases.process.test_create_process - Navigating to Process section via Side Menu...
2025-12-01 19:30:12 [INFO] pages.common.loader - Waiting for loader to disappear...
2025-12-01 19:30:17 [INFO] pages.base_page - Loader was not observed during initial check, proceeding without waiting for invisibility.
2025-12-01 19:30:17 [INFO] pages.common.loader - Loader Stopped.
2025-12-01 19:30:18 [INFO] pages.base_page - Element clickable: ('xpath', "//button[@title='Process']")
2025-12-01 19:30:18 [INFO] pages.common.sidemenupage - Process Showing
2025-12-01 19:30:18 [INFO] utils.screenshot - Screenshot saved: D:\2025\SELENIUM-PYTHON\PLAY_RADIUS_AUTOMATION\screenshots\Process Showing_20251201_193018.png
2025-12-01 19:30:18 [INFO] test_cases.process.test_create_process - Navigated to Process section.
2025-12-01 19:30:18 [INFO] pages.common.loader - Waiting for loader to disappear...
2025-12-01 19:30:23 [INFO] pages.base_page - Loader was not observed during initial check, proceeding without waiting for invisibility.
2025-12-01 19:30:23 [INFO] pages.common.loader - Loader Stopped.
2025-12-01 19:30:24 [INFO] pages.base_page - Element clickable: ('xpath', "//button[@id='add-entity']")
2025-12-01 19:30:27 [INFO] pages.base_page - Element visible: ('xpath', "//input[@name='processName']")
2025-12-01 19:30:27 [INFO] automation - Process Name entered: 'SMK_PLAY_24OCT_A'
2025-12-01 19:30:27 [INFO] automation - Setting channel configuration
2025-12-01 19:30:27 [INFO] pages.base_page - Element clickable: ('xpath', "//*[@id='process-basic-info']/div[2]/div/form/div/div/div[4]/div/div/div[3]/label")
2025-12-01 19:30:28 [INFO] pages.base_page - Element clickable: ('xpath', "//button[@title='Save']")
2025-12-01 19:30:29 [INFO] pages.base_page - Toast appeared: Process name already exists
2025-12-01 19:30:32 [INFO] automation - Captured Toast: Process name already exists
2025-12-01 19:30:32 [INFO] pages.common.loader - Waiting for loader to disappear...
2025-12-01 19:30:37 [INFO] pages.base_page - Loader was not observed during initial check, proceeding without waiting for invisibility.
2025-12-01 19:30:37 [INFO] pages.common.loader - Loader Stopped.
2025-12-01 19:30:37 [INFO] utils.screenshot - Screenshot saved: D:\2025\SELENIUM-PYTHON\PLAY_RADIUS_AUTOMATION\screenshots\Process_Created_Play_Automation_Process_968_20251201_193037.png
2025-12-01 19:30:37 [INFO] pages.common.loader - Waiting for loader to disappear...
2025-12-01 19:30:42 [INFO] pages.base_page - Loader was not observed during initial check, proceeding without waiting for invisibility.
2025-12-01 19:30:42 [INFO] pages.common.loader - Loader Stopped.
2025-12-01 19:30:53 [INFO] utils.screenshot - Screenshot saved: D:\2025\SELENIUM-PYTHON\PLAY_RADIUS_AUTOMATION\screenshots\wait_until_clickable_error___button[@id='add-entity']_20251201_193052.png
2025-12-01 19:30:53 [ERROR] pages.base_page - wait_until_clickable failed for ('xpath', "//button[@id='add-entity']"): Message: 
Stacktrace:
Symbols not available. Dumping unresolved backtrace:
	0x1214103
	0x1214144
	0x101e71d
	0x106a03d
	0x106a41b
	0x10b17f2
	0x108c954
	0x10aee17
	0x108c706
	0x105da30
	0x105ed54
	0x14857b4
	0x148098a
	0x123c392
	0x122c4c8
	0x123324d
	0x121c478
	0x121c63c
	0x12067ca
	0x769d5d49
	0x779ad6db
	0x779ad661
Traceback (most recent call last):
  File "D:\2025\SELENIUM-PYTHON\PLAY_RADIUS_AUTOMATION\pages\base_page.py", line 172, in _wait_for_condition
    element = wait_obj.until(condition) # Use the passed wait_obj
  File "D:\2025\SELENIUM-PYTHON\PLAY_RADIUS_AUTOMATION\.venv\Lib\site-packages\selenium\webdriver\support\wait.py", line 138, in until
    raise TimeoutException(message, screen, stacktrace)
selenium.common.exceptions.TimeoutException: Message: 
Stacktrace:
Symbols not available. Dumping unresolved backtrace:
	0x1214103
	0x1214144
	0x101e71d
	0x106a03d
	0x106a41b
	0x10b17f2
	0x108c954
	0x10aee17
	0x108c706
	0x105da30
	0x105ed54
	0x14857b4
	0x148098a
	0x123c392
	0x122c4c8
	0x123324d
	0x121c478
	0x121c63c
	0x12067ca
	0x769d5d49
	0x779ad6db
	0x779ad661

2025-12-01 19:30:53 [INFO] pages.base_page - Element visible: ('xpath', "//input[@name='processName']")
2025-12-01 19:30:53 [INFO] automation - Process Name entered: 'Play_Automation_Process_968'
2025-12-01 19:30:53 [INFO] automation - Setting channel configuration
2025-12-01 19:30:53 [INFO] pages.base_page - Element clickable: ('xpath', "//*[@id='process-basic-info']/div[2]/div/form/div/div/div[4]/div/div/div[3]/label")
2025-12-01 19:30:54 [INFO] pages.base_page - Element clickable: ('xpath', "//button[@title='Save']")
2025-12-01 19:30:55 [INFO] pages.base_page - Toast appeared: Process saved successfully
2025-12-01 19:30:57 [INFO] automation - Captured Toast: Process saved successfully
2025-12-01 19:30:57 [INFO] pages.common.loader - Waiting for loader to disappear...
2025-12-01 19:31:02 [INFO] pages.base_page - Loader was not observed during initial check, proceeding without waiting for invisibility.
2025-12-01 19:31:02 [INFO] pages.common.loader - Loader Stopped.
2025-12-01 19:31:03 [INFO] utils.screenshot - Screenshot saved: D:\2025\SELENIUM-PYTHON\PLAY_RADIUS_AUTOMATION\screenshots\Process_Created_Play_Automation_Process_968_20251201_193102.png
2025-12-01 19:31:03 [INFO] utils.screenshot - Screenshot saved: D:\2025\SELENIUM-PYTHON\PLAY_RADIUS_AUTOMATION\screenshots\failed_test_process_name_already_exist_20251201_193103.png
2025-12-01 19:35:32 [INFO] test_cases.process.test_create_process - Starting test_filter_process_by_name
2025-12-01 19:35:32 [INFO] test_cases.process.test_create_process - Opening login page...
2025-12-01 19:35:38 [INFO] pages.base_page - Page fully loaded.
2025-12-01 19:35:38 [INFO] pages.login.login - Opening: https://qaradius.in.qamajor.radius-ois.ai/play/login
2025-12-01 19:35:38 [INFO] test_cases.process.test_create_process - Login page opened.
2025-12-01 19:35:38 [INFO] test_cases.process.test_create_process - Attempting login...
2025-12-01 19:35:39 [INFO] pages.base_page - Element visible: ('id', 'loginForm.username')
2025-12-01 19:35:39 [INFO] pages.base_page - Element visible: ('id', 'password')
2025-12-01 19:35:39 [INFO] pages.base_page - Element visible: ('id', 'loginForm.Login')
2025-12-01 19:35:39 [INFO] pages.login.login - Login submitted for user: playadmin
2025-12-01 19:35:39 [INFO] pages.common.loader - Waiting for loader to disappear...
2025-12-01 19:35:39 [INFO] pages.base_page - Loader appeared.
2025-12-01 19:35:46 [INFO] pages.base_page - Loader disappeared.
2025-12-01 19:35:46 [INFO] pages.common.loader - Loader Stopped.
2025-12-01 19:35:46 [INFO] pages.login.login - Login submitted successfully.
2025-12-01 19:35:47 [INFO] utils.screenshot - Screenshot saved: D:\2025\SELENIUM-PYTHON\PLAY_RADIUS_AUTOMATION\screenshots\Login Submitted successfully_20251201_193546.png
2025-12-01 19:35:47 [INFO] test_cases.process.test_create_process - Login complete.
2025-12-01 19:35:47 [INFO] test_cases.process.test_create_process - Waiting for page to load after login...
2025-12-01 19:35:47 [INFO] pages.common.loader - Waiting for loader to disappear...
2025-12-01 19:35:52 [INFO] pages.base_page - Loader was not observed during initial check, proceeding without waiting for invisibility.
2025-12-01 19:35:52 [INFO] pages.common.loader - Loader Stopped.
2025-12-01 19:35:52 [INFO] test_cases.process.test_create_process - Page loaded.
2025-12-01 19:35:52 [INFO] test_cases.process.test_create_process - Navigating to Process section via Side Menu...
2025-12-01 19:35:52 [INFO] pages.common.loader - Waiting for loader to disappear...
2025-12-01 19:35:57 [INFO] pages.base_page - Loader was not observed during initial check, proceeding without waiting for invisibility.
2025-12-01 19:35:57 [INFO] pages.common.loader - Loader Stopped.
2025-12-01 19:35:57 [INFO] pages.base_page - Element clickable: ('xpath', "//button[@title='Process']")
2025-12-01 19:35:57 [INFO] pages.common.sidemenupage - Process Showing
2025-12-01 19:35:58 [INFO] utils.screenshot - Screenshot saved: D:\2025\SELENIUM-PYTHON\PLAY_RADIUS_AUTOMATION\screenshots\Process Showing_20251201_193557.png
2025-12-01 19:35:58 [INFO] test_cases.process.test_create_process - Navigated to Process section.
2025-12-01 19:35:58 [INFO] pages.common.loader - Waiting for loader to disappear...
2025-12-01 19:36:03 [INFO] pages.base_page - Loader was not observed during initial check, proceeding without waiting for invisibility.
2025-12-01 19:36:03 [INFO] pages.common.loader - Loader Stopped.
2025-12-01 19:36:03 [INFO] pages.base_page - Element clickable: ('xpath', "//button[@id='add-entity']")
2025-12-01 19:36:06 [INFO] pages.base_page - Element visible: ('xpath', "//input[@name='processName']")
2025-12-01 19:36:06 [INFO] automation - Process Name entered: 'SMK_PLAY_24OCT_A'
2025-12-01 19:36:06 [INFO] automation - Setting channel configuration
2025-12-01 19:36:06 [INFO] pages.base_page - Element clickable: ('xpath', "//*[@id='process-basic-info']/div[2]/div/form/div/div/div[4]/div/div/div[3]/label")
2025-12-01 19:36:07 [INFO] pages.base_page - Element clickable: ('xpath', "//button[@title='Save']")
2025-12-01 19:36:08 [INFO] pages.base_page - Toast appeared: Process name already exists
2025-12-01 19:36:11 [INFO] automation - Captured Toast: Process name already exists
2025-12-01 19:36:17 [INFO] utils.screenshot - Screenshot saved: D:\2025\SELENIUM-PYTHON\PLAY_RADIUS_AUTOMATION\screenshots\toast_capture_error_20251201_193617.png
2025-12-01 19:36:17 [ERROR] pages.base_page - No toast captured: Message: 
Stacktrace:
Symbols not available. Dumping unresolved backtrace:
	0x1224103
	0x1224144
	0x102e71d
	0x107a03d
	0x107a41b
	0x10c17f2
	0x109c954
	0x10bee17
	0x109c706
	0x106da30
	0x106ed54
	0x14957b4
	0x149098a
	0x124c392
	0x123c4c8
	0x124324d
	0x122c478
	0x122c63c
	0x12167ca
	0x769d5d49
	0x779ad6db
	0x779ad661
Traceback (most recent call last):
  File "D:\2025\SELENIUM-PYTHON\PLAY_RADIUS_AUTOMATION\pages\base_page.py", line 237, in capture_toast
    toast = WebDriverWait(self.driver, timeout).until(
        EC.visibility_of_element_located(locator)
    )
  File "D:\2025\SELENIUM-PYTHON\PLAY_RADIUS_AUTOMATION\.venv\Lib\site-packages\selenium\webdriver\support\wait.py", line 138, in until
    raise TimeoutException(message, screen, stacktrace)
selenium.common.exceptions.TimeoutException: Message: 
Stacktrace:
Symbols not available. Dumping unresolved backtrace:
	0x1224103
	0x1224144
	0x102e71d
	0x107a03d
	0x107a41b
	0x10c17f2
	0x109c954
	0x10bee17
	0x109c706
	0x106da30
	0x106ed54
	0x14957b4
	0x149098a
	0x124c392
	0x123c4c8
	0x124324d
	0x122c478
	0x122c63c
	0x12167ca
	0x769d5d49
	0x779ad6db
	0x779ad661

2025-12-01 19:36:17 [INFO] automation - Captured Toast: None
2025-12-01 19:36:17 [INFO] pages.common.loader - Waiting for loader to disappear...
2025-12-01 19:36:22 [INFO] pages.base_page - Loader was not observed during initial check, proceeding without waiting for invisibility.
2025-12-01 19:36:22 [INFO] pages.common.loader - Loader Stopped.
2025-12-01 19:36:22 [INFO] utils.screenshot - Screenshot saved: D:\2025\SELENIUM-PYTHON\PLAY_RADIUS_AUTOMATION\screenshots\Process_Created_Play_Automation_Process_969_20251201_193622.png
2025-12-01 19:36:22 [INFO] pages.common.loader - Waiting for loader to disappear...
2025-12-01 19:36:27 [INFO] pages.base_page - Loader was not observed during initial check, proceeding without waiting for invisibility.
2025-12-01 19:36:27 [INFO] pages.common.loader - Loader Stopped.
2025-12-01 19:36:38 [INFO] utils.screenshot - Screenshot saved: D:\2025\SELENIUM-PYTHON\PLAY_RADIUS_AUTOMATION\screenshots\wait_until_clickable_error___button[@id='add-entity']_20251201_193638.png
2025-12-01 19:36:38 [ERROR] pages.base_page - wait_until_clickable failed for ('xpath', "//button[@id='add-entity']"): Message: 
Stacktrace:
Symbols not available. Dumping unresolved backtrace:
	0x1224103
	0x1224144
	0x102e71d
	0x107a03d
	0x107a41b
	0x10c17f2
	0x109c954
	0x10bee17
	0x109c706
	0x106da30
	0x106ed54
	0x14957b4
	0x149098a
	0x124c392
	0x123c4c8
	0x124324d
	0x122c478
	0x122c63c
	0x12167ca
	0x769d5d49
	0x779ad6db
	0x779ad661
Traceback (most recent call last):
  File "D:\2025\SELENIUM-PYTHON\PLAY_RADIUS_AUTOMATION\pages\base_page.py", line 172, in _wait_for_condition
    element = wait_obj.until(condition) # Use the passed wait_obj
  File "D:\2025\SELENIUM-PYTHON\PLAY_RADIUS_AUTOMATION\.venv\Lib\site-packages\selenium\webdriver\support\wait.py", line 138, in until
    raise TimeoutException(message, screen, stacktrace)
selenium.common.exceptions.TimeoutException: Message: 
Stacktrace:
Symbols not available. Dumping unresolved backtrace:
	0x1224103
	0x1224144
	0x102e71d
	0x107a03d
	0x107a41b
	0x10c17f2
	0x109c954
	0x10bee17
	0x109c706
	0x106da30
	0x106ed54
	0x14957b4
	0x149098a
	0x124c392
	0x123c4c8
	0x124324d
	0x122c478
	0x122c63c
	0x12167ca
	0x769d5d49
	0x779ad6db
	0x779ad661

2025-12-01 19:36:38 [INFO] pages.base_page - Element visible: ('xpath', "//input[@name='processName']")
2025-12-01 19:36:38 [INFO] automation - Process Name entered: 'Play_Automation_Process_969'
2025-12-01 19:36:38 [INFO] automation - Setting channel configuration
2025-12-01 19:36:38 [INFO] pages.base_page - Element clickable: ('xpath', "//*[@id='process-basic-info']/div[2]/div/form/div/div/div[4]/div/div/div[3]/label")
2025-12-01 19:36:39 [INFO] pages.base_page - Element clickable: ('xpath', "//button[@title='Save']")
2025-12-01 19:36:40 [INFO] pages.base_page - Toast appeared: Process saved successfully
2025-12-01 19:36:43 [INFO] automation - Captured Toast: Process saved successfully
2025-12-01 19:36:49 [INFO] utils.screenshot - Screenshot saved: D:\2025\SELENIUM-PYTHON\PLAY_RADIUS_AUTOMATION\screenshots\toast_capture_error_20251201_193649.png
2025-12-01 19:36:49 [ERROR] pages.base_page - No toast captured: Message: 
Stacktrace:
Symbols not available. Dumping unresolved backtrace:
	0x1224103
	0x1224144
	0x102e71d
	0x107a03d
	0x107a41b
	0x10c17f2
	0x109c954
	0x10bee17
	0x109c706
	0x106da30
	0x106ed54
	0x14957b4
	0x149098a
	0x124c392
	0x123c4c8
	0x124324d
	0x122c478
	0x122c63c
	0x12167ca
	0x769d5d49
	0x779ad6db
	0x779ad661
Traceback (most recent call last):
  File "D:\2025\SELENIUM-PYTHON\PLAY_RADIUS_AUTOMATION\pages\base_page.py", line 237, in capture_toast
    toast = WebDriverWait(self.driver, timeout).until(
        EC.visibility_of_element_located(locator)
    )
  File "D:\2025\SELENIUM-PYTHON\PLAY_RADIUS_AUTOMATION\.venv\Lib\site-packages\selenium\webdriver\support\wait.py", line 138, in until
    raise TimeoutException(message, screen, stacktrace)
selenium.common.exceptions.TimeoutException: Message: 
Stacktrace:
Symbols not available. Dumping unresolved backtrace:
	0x1224103
	0x1224144
	0x102e71d
	0x107a03d
	0x107a41b
	0x10c17f2
	0x109c954
	0x10bee17
	0x109c706
	0x106da30
	0x106ed54
	0x14957b4
	0x149098a
	0x124c392
	0x123c4c8
	0x124324d
	0x122c478
	0x122c63c
	0x12167ca
	0x769d5d49
	0x779ad6db
	0x779ad661

2025-12-01 19:36:49 [INFO] automation - Captured Toast: None
2025-12-01 19:36:49 [INFO] pages.common.loader - Waiting for loader to disappear...
2025-12-01 19:36:54 [INFO] pages.base_page - Loader was not observed during initial check, proceeding without waiting for invisibility.
2025-12-01 19:36:54 [INFO] pages.common.loader - Loader Stopped.
2025-12-01 19:36:54 [INFO] utils.screenshot - Screenshot saved: D:\2025\SELENIUM-PYTHON\PLAY_RADIUS_AUTOMATION\screenshots\Process_Created_Play_Automation_Process_969_20251201_193654.png
2025-12-01 19:36:55 [INFO] utils.screenshot - Screenshot saved: D:\2025\SELENIUM-PYTHON\PLAY_RADIUS_AUTOMATION\screenshots\failed_test_process_name_already_exist_20251201_193654.png
2025-12-01 19:39:43 [INFO] test_cases.process.test_create_process - Starting test_process_name_already_exist (testing duplicate process code)
2025-12-01 19:39:43 [INFO] test_cases.process.test_create_process - Opening login page...
2025-12-01 19:39:49 [INFO] pages.base_page - Page fully loaded.
2025-12-01 19:39:49 [INFO] pages.login.login - Opening: https://qaradius.in.qamajor.radius-ois.ai/play/login
2025-12-01 19:39:49 [INFO] test_cases.process.test_create_process - Login page opened.
2025-12-01 19:39:49 [INFO] test_cases.process.test_create_process - Attempting login...
2025-12-01 19:39:49 [INFO] pages.base_page - Element visible: ('id', 'loginForm.username')
2025-12-01 19:39:50 [INFO] pages.base_page - Element visible: ('id', 'password')
2025-12-01 19:39:50 [INFO] pages.base_page - Element visible: ('id', 'loginForm.Login')
2025-12-01 19:39:50 [INFO] pages.login.login - Login submitted for user: playadmin
2025-12-01 19:39:50 [INFO] pages.common.loader - Waiting for loader to disappear...
2025-12-01 19:39:50 [INFO] pages.base_page - Loader appeared.
2025-12-01 19:39:58 [INFO] pages.base_page - Loader disappeared.
2025-12-01 19:39:58 [INFO] pages.common.loader - Loader Stopped.
2025-12-01 19:39:58 [INFO] pages.login.login - Login submitted successfully.
2025-12-01 19:39:58 [INFO] utils.screenshot - Screenshot saved: D:\2025\SELENIUM-PYTHON\PLAY_RADIUS_AUTOMATION\screenshots\Login Submitted successfully_20251201_193958.png
2025-12-01 19:39:58 [INFO] test_cases.process.test_create_process - Login complete.
2025-12-01 19:39:58 [INFO] test_cases.process.test_create_process - Waiting for page to load after login...
2025-12-01 19:39:58 [INFO] pages.common.loader - Waiting for loader to disappear...
2025-12-01 19:40:03 [INFO] pages.base_page - Loader was not observed during initial check, proceeding without waiting for invisibility.
2025-12-01 19:40:03 [INFO] pages.common.loader - Loader Stopped.
2025-12-01 19:40:03 [INFO] test_cases.process.test_create_process - Page loaded.
2025-12-01 19:40:03 [INFO] test_cases.process.test_create_process - Navigating to Process section via Side Menu...
2025-12-01 19:40:03 [INFO] pages.common.loader - Waiting for loader to disappear...
2025-12-01 19:40:08 [INFO] pages.base_page - Loader was not observed during initial check, proceeding without waiting for invisibility.
2025-12-01 19:40:08 [INFO] pages.common.loader - Loader Stopped.
2025-12-01 19:40:08 [INFO] pages.base_page - Element clickable: ('xpath', "//button[@title='Process']")
2025-12-01 19:40:09 [INFO] pages.common.sidemenupage - Process Showing
2025-12-01 19:40:09 [INFO] utils.screenshot - Screenshot saved: D:\2025\SELENIUM-PYTHON\PLAY_RADIUS_AUTOMATION\screenshots\Process Showing_20251201_194009.png
2025-12-01 19:40:09 [INFO] test_cases.process.test_create_process - Navigated to Process section.
2025-12-01 19:40:09 [INFO] pages.common.loader - Waiting for loader to disappear...
2025-12-01 19:40:14 [INFO] pages.base_page - Loader was not observed during initial check, proceeding without waiting for invisibility.
2025-12-01 19:40:14 [INFO] pages.common.loader - Loader Stopped.
2025-12-01 19:40:14 [INFO] pages.base_page - Element clickable: ('xpath', "//button[@id='add-entity']")
2025-12-01 19:40:18 [INFO] pages.base_page - Element visible: ('xpath', "//input[@name='processName']")
2025-12-01 19:40:18 [INFO] automation - Process Name entered: 'SMK_PLAY_24OCT_A970'
2025-12-01 19:40:18 [INFO] automation - Setting channel configuration
2025-12-01 19:40:18 [INFO] pages.base_page - Element clickable: ('xpath', "//*[@id='process-basic-info']/div[2]/div/form/div/div/div[4]/div/div/div[3]/label")
2025-12-01 19:40:19 [INFO] pages.base_page - Element clickable: ('xpath', "//button[@title='Save']")
2025-12-01 19:40:20 [INFO] pages.base_page - Toast appeared: Process saved successfully
2025-12-01 19:40:22 [INFO] automation - Captured Toast: Process saved successfully
2025-12-01 19:40:22 [INFO] pages.common.loader - Waiting for loader to disappear...
2025-12-01 19:40:28 [INFO] pages.base_page - Loader was not observed during initial check, proceeding without waiting for invisibility.
2025-12-01 19:40:28 [INFO] pages.common.loader - Loader Stopped.
2025-12-01 19:40:28 [INFO] utils.screenshot - Screenshot saved: D:\2025\SELENIUM-PYTHON\PLAY_RADIUS_AUTOMATION\screenshots\Process_Created_Play_Automation_Process_970_20251201_194028.png
2025-12-01 19:40:28 [INFO] test_cases.process.test_create_process - Successfully created process: SMK_PLAY_24OCT_A970
2025-12-01 19:40:28 [INFO] pages.common.loader - Waiting for loader to disappear...
2025-12-01 19:40:33 [INFO] pages.base_page - Loader was not observed during initial check, proceeding without waiting for invisibility.
2025-12-01 19:40:33 [INFO] pages.common.loader - Loader Stopped.
2025-12-01 19:40:43 [INFO] utils.screenshot - Screenshot saved: D:\2025\SELENIUM-PYTHON\PLAY_RADIUS_AUTOMATION\screenshots\wait_until_clickable_error___button[@id='add-entity']_20251201_194043.png
2025-12-01 19:40:43 [ERROR] pages.base_page - wait_until_clickable failed for ('xpath', "//button[@id='add-entity']"): Message: 
Stacktrace:
Symbols not available. Dumping unresolved backtrace:
	0x1224103
	0x1224144
	0x102e71d
	0x107a03d
	0x107a41b
	0x10c17f2
	0x109c954
	0x10bee17
	0x109c706
	0x106da30
	0x106ed54
	0x14957b4
	0x149098a
	0x124c392
	0x123c4c8
	0x124324d
	0x122c478
	0x122c63c
	0x12167ca
	0x769d5d49
	0x779ad6db
	0x779ad661
Traceback (most recent call last):
  File "D:\2025\SELENIUM-PYTHON\PLAY_RADIUS_AUTOMATION\pages\base_page.py", line 172, in _wait_for_condition
    element = wait_obj.until(condition) # Use the passed wait_obj
  File "D:\2025\SELENIUM-PYTHON\PLAY_RADIUS_AUTOMATION\.venv\Lib\site-packages\selenium\webdriver\support\wait.py", line 138, in until
    raise TimeoutException(message, screen, stacktrace)
selenium.common.exceptions.TimeoutException: Message: 
Stacktrace:
Symbols not available. Dumping unresolved backtrace:
	0x1224103
	0x1224144
	0x102e71d
	0x107a03d
	0x107a41b
	0x10c17f2
	0x109c954
	0x10bee17
	0x109c706
	0x106da30
	0x106ed54
	0x14957b4
	0x149098a
	0x124c392
	0x123c4c8
	0x124324d
	0x122c478
	0x122c63c
	0x12167ca
	0x769d5d49
	0x779ad6db
	0x779ad661

2025-12-01 19:40:44 [INFO] pages.base_page - Element visible: ('xpath', "//input[@name='processName']")
2025-12-01 19:40:44 [ERROR] automation - Error entering Process Name: Message: invalid element state
  (Session info: chrome=142.0.7444.176)
Stacktrace:
Symbols not available. Dumping unresolved backtrace:
	0x1224103
	0x1224144
	0x102e56b
	0x107176c
	0x109c90c
	0x106f7c4
	0x109cac4
	0x10bee17
	0x109c706
	0x106da30
	0x106ed54
	0x14957b4
	0x149098a
	0x124c392
	0x123c4c8
	0x124324d
	0x122c478
	0x122c63c
	0x12167ca
	0x769d5d49
	0x779ad6db
	0x779ad661
Traceback (most recent call last):
  File "D:\2025\SELENIUM-PYTHON\PLAY_RADIUS_AUTOMATION\pages\process\process_manager\create_process.py", line 170, in add_process_name
    field.clear()
    ~~~~~~~~~~~^^
  File "D:\2025\SELENIUM-PYTHON\PLAY_RADIUS_AUTOMATION\.venv\Lib\site-packages\selenium\webdriver\remote\webelement.py", line 154, in clear
    self._execute(Command.CLEAR_ELEMENT)
    ~~~~~~~~~~~~~^^^^^^^^^^^^^^^^^^^^^^^
  File "D:\2025\SELENIUM-PYTHON\PLAY_RADIUS_AUTOMATION\.venv\Lib\site-packages\selenium\webdriver\remote\webelement.py", line 572, in _execute
    return self._parent.execute(command, params)
           ~~~~~~~~~~~~~~~~~~~~^^^^^^^^^^^^^^^^^
  File "D:\2025\SELENIUM-PYTHON\PLAY_RADIUS_AUTOMATION\.venv\Lib\site-packages\selenium\webdriver\remote\webdriver.py", line 458, in execute
    self.error_handler.check_response(response)
    ~~~~~~~~~~~~~~~~~~~~~~~~~~~~~~~~~^^^^^^^^^^
  File "D:\2025\SELENIUM-PYTHON\PLAY_RADIUS_AUTOMATION\.venv\Lib\site-packages\selenium\webdriver\remote\errorhandler.py", line 233, in check_response
    raise exception_class(message, screen, stacktrace)
selenium.common.exceptions.InvalidElementStateException: Message: invalid element state
  (Session info: chrome=142.0.7444.176)
Stacktrace:
Symbols not available. Dumping unresolved backtrace:
	0x1224103
	0x1224144
	0x102e56b
	0x107176c
	0x109c90c
	0x106f7c4
	0x109cac4
	0x10bee17
	0x109c706
	0x106da30
	0x106ed54
	0x14957b4
	0x149098a
	0x124c392
	0x123c4c8
	0x124324d
	0x122c478
	0x122c63c
	0x12167ca
	0x769d5d49
	0x779ad6db
	0x779ad661

2025-12-01 19:40:44 [INFO] utils.screenshot - Screenshot saved: D:\2025\SELENIUM-PYTHON\PLAY_RADIUS_AUTOMATION\screenshots\failed_test_process_name_already_exist_20251201_194044.png
2025-12-01 19:41:52 [INFO] test_cases.process.test_create_process - Starting test_filter_process_by_name
2025-12-01 19:41:52 [INFO] test_cases.process.test_create_process - Opening login page...
2025-12-01 19:41:58 [INFO] pages.base_page - Page fully loaded.
2025-12-01 19:41:58 [INFO] pages.login.login - Opening: https://qaradius.in.qamajor.radius-ois.ai/play/login
2025-12-01 19:41:58 [INFO] test_cases.process.test_create_process - Login page opened.
2025-12-01 19:41:58 [INFO] test_cases.process.test_create_process - Attempting login...
2025-12-01 19:41:58 [INFO] pages.base_page - Element visible: ('id', 'loginForm.username')
2025-12-01 19:41:59 [INFO] pages.base_page - Element visible: ('id', 'password')
2025-12-01 19:41:59 [INFO] pages.base_page - Element visible: ('id', 'loginForm.Login')
2025-12-01 19:41:59 [INFO] pages.login.login - Login submitted for user: playadmin
2025-12-01 19:41:59 [INFO] pages.common.loader - Waiting for loader to disappear...
2025-12-01 19:41:59 [INFO] pages.base_page - Loader appeared.
2025-12-01 19:42:06 [INFO] pages.base_page - Loader disappeared.
2025-12-01 19:42:06 [INFO] pages.common.loader - Loader Stopped.
2025-12-01 19:42:06 [INFO] pages.login.login - Login submitted successfully.
2025-12-01 19:42:07 [INFO] utils.screenshot - Screenshot saved: D:\2025\SELENIUM-PYTHON\PLAY_RADIUS_AUTOMATION\screenshots\Login Submitted successfully_20251201_194206.png
2025-12-01 19:42:07 [INFO] test_cases.process.test_create_process - Login complete.
2025-12-01 19:42:07 [INFO] test_cases.process.test_create_process - Waiting for page to load after login...
2025-12-01 19:42:07 [INFO] pages.common.loader - Waiting for loader to disappear...
2025-12-01 19:42:12 [INFO] pages.base_page - Loader was not observed during initial check, proceeding without waiting for invisibility.
2025-12-01 19:42:12 [INFO] pages.common.loader - Loader Stopped.
2025-12-01 19:42:12 [INFO] test_cases.process.test_create_process - Page loaded.
2025-12-01 19:42:12 [INFO] test_cases.process.test_create_process - Navigating to Process section via Side Menu...
2025-12-01 19:42:12 [INFO] pages.common.loader - Waiting for loader to disappear...
2025-12-01 19:42:17 [INFO] pages.base_page - Loader was not observed during initial check, proceeding without waiting for invisibility.
2025-12-01 19:42:17 [INFO] pages.common.loader - Loader Stopped.
2025-12-01 19:42:17 [INFO] pages.base_page - Element clickable: ('xpath', "//button[@title='Process']")
2025-12-01 19:42:17 [INFO] pages.common.sidemenupage - Process Showing
2025-12-01 19:42:18 [INFO] utils.screenshot - Screenshot saved: D:\2025\SELENIUM-PYTHON\PLAY_RADIUS_AUTOMATION\screenshots\Process Showing_20251201_194217.png
2025-12-01 19:42:18 [INFO] test_cases.process.test_create_process - Navigated to Process section.
2025-12-01 19:42:18 [INFO] pages.common.loader - Waiting for loader to disappear...
2025-12-01 19:42:23 [INFO] pages.base_page - Loader was not observed during initial check, proceeding without waiting for invisibility.
2025-12-01 19:42:23 [INFO] pages.common.loader - Loader Stopped.
2025-12-01 19:42:23 [INFO] pages.base_page - Element clickable: ('xpath', "//button[@id='add-entity']")
2025-12-01 19:42:26 [INFO] pages.base_page - Element visible: ('xpath', "//input[@name='processName']")
2025-12-01 19:42:26 [INFO] automation - Process Name entered: 'SMK_PLAY_24OCT_A'
2025-12-01 19:42:26 [INFO] automation - Setting channel configuration
2025-12-01 19:42:26 [INFO] pages.base_page - Element clickable: ('xpath', "//*[@id='process-basic-info']/div[2]/div/form/div/div/div[4]/div/div/div[3]/label")
2025-12-01 19:42:27 [INFO] pages.base_page - Element clickable: ('xpath', "//button[@title='Save']")
2025-12-01 19:42:28 [INFO] pages.base_page - Toast appeared: Process name already exists
2025-12-01 19:42:31 [INFO] automation - Captured Toast: Process name already exists
2025-12-01 19:42:31 [INFO] pages.common.loader - Waiting for loader to disappear...
2025-12-01 19:42:36 [INFO] pages.base_page - Loader was not observed during initial check, proceeding without waiting for invisibility.
2025-12-01 19:42:36 [INFO] pages.common.loader - Loader Stopped.
2025-12-01 19:42:36 [INFO] utils.screenshot - Screenshot saved: D:\2025\SELENIUM-PYTHON\PLAY_RADIUS_AUTOMATION\screenshots\Process_Created_Play_Automation_Process_971_20251201_194236.png
2025-12-01 19:42:36 [INFO] pages.base_page - Element clickable: ('xpath', "//button[@title='Close']")
2025-12-01 19:42:36 [INFO] automation - Clicked Close button
2025-12-01 19:42:36 [INFO] test_cases.process.test_create_process - Logging out...
2025-12-01 19:42:36 [INFO] pages.common.loader - Waiting for loader to disappear...
2025-12-01 19:42:36 [INFO] pages.base_page - Loader appeared.
2025-12-01 19:42:42 [INFO] pages.base_page - Loader disappeared.
2025-12-01 19:42:42 [INFO] pages.common.loader - Loader Stopped.
2025-12-01 19:42:42 [INFO] pages.base_page - Element clickable: ('xpath', "//img[@alt='Profile']")
2025-12-01 19:42:42 [INFO] pages.base_page - Clicked element: ('xpath', "//img[@alt='Profile']")
2025-12-01 19:42:42 [INFO] pages.base_page - Element clickable: ('xpath', "//button[@title='Logout']")
2025-12-01 19:42:42 [INFO] pages.base_page - Clicked element: ('xpath', "//button[@title='Logout']")
2025-12-01 19:42:42 [INFO] pages.login.logout - Logout Successfully.
2025-12-01 19:42:46 [INFO] utils.screenshot - Screenshot saved: D:\2025\SELENIUM-PYTHON\PLAY_RADIUS_AUTOMATION\screenshots\Logout_Successfully_20251201_194242.png
2025-12-01 19:42:46 [INFO] pages.base_page - Element visible: ('xpath', "//span[text()='Login']")
2025-12-01 19:42:46 [INFO] test_cases.process.test_create_process - Logout complete. Test finished.
2025-12-01 19:49:58 [INFO] pages.base_page - Page fully loaded.
2025-12-01 19:49:58 [INFO] pages.login.login - Opening: https://qaradius.in.qamajor.radius-ois.ai/play/login
2025-12-01 19:49:58 [INFO] pages.base_page - Element visible: ('id', 'loginForm.username')
2025-12-01 19:49:59 [INFO] pages.base_page - Element visible: ('id', 'password')
2025-12-01 19:49:59 [INFO] pages.base_page - Element visible: ('id', 'loginForm.Login')
2025-12-01 19:49:59 [INFO] pages.login.login - Login submitted for user: playadmin
2025-12-01 19:49:59 [INFO] pages.common.loader - Waiting for loader to disappear...
2025-12-01 19:49:59 [INFO] pages.base_page - Loader appeared.
2025-12-01 19:50:07 [INFO] pages.base_page - Loader disappeared.
2025-12-01 19:50:07 [INFO] pages.common.loader - Loader Stopped.
2025-12-01 19:50:07 [INFO] pages.login.login - Login submitted successfully.
2025-12-01 19:50:07 [INFO] utils.screenshot - Screenshot saved: D:\2025\SELENIUM-PYTHON\PLAY_RADIUS_AUTOMATION\screenshots\Login Submitted successfully_20251201_195007.png
2025-12-01 19:50:07 [INFO] pages.common.loader - Waiting for loader to disappear...
2025-12-01 19:50:12 [INFO] pages.base_page - Loader was not observed during initial check, proceeding without waiting for invisibility.
2025-12-01 19:50:12 [INFO] pages.common.loader - Loader Stopped.
2025-12-01 19:50:12 [INFO] pages.common.loader - Waiting for loader to disappear...
2025-12-01 19:50:17 [INFO] pages.base_page - Loader was not observed during initial check, proceeding without waiting for invisibility.
2025-12-01 19:50:17 [INFO] pages.common.loader - Loader Stopped.
2025-12-01 19:50:17 [INFO] pages.base_page - Element clickable: ('xpath', "//button[@title='Process']")
2025-12-01 19:50:18 [INFO] pages.common.sidemenupage - Process Showing
2025-12-01 19:50:18 [INFO] utils.screenshot - Screenshot saved: D:\2025\SELENIUM-PYTHON\PLAY_RADIUS_AUTOMATION\screenshots\Process Showing_20251201_195018.png
2025-12-01 19:50:29 [INFO] utils.screenshot - Screenshot saved: D:\2025\SELENIUM-PYTHON\PLAY_RADIUS_AUTOMATION\screenshots\wait_until_clickable_error___button[@title='Reset']_20251201_195029.png
2025-12-01 19:50:29 [ERROR] pages.base_page - wait_until_clickable failed for ('xpath', "//button[@title='Reset']"): Message: 
Stacktrace:
Symbols not available. Dumping unresolved backtrace:
	0x884103
	0x884144
	0x68e71d
	0x6da03d
	0x6da41b
	0x7217f2
	0x6fc954
	0x71ee17
	0x6fc706
	0x6cda30
	0x6ced54
	0xaf57b4
	0xaf098a
	0x8ac392
	0x89c4c8
	0x8a324d
	0x88c478
	0x88c63c
	0x8767ca
	0x769d5d49
	0x779ad6db
	0x779ad661
Traceback (most recent call last):
  File "D:\2025\SELENIUM-PYTHON\PLAY_RADIUS_AUTOMATION\pages\base_page.py", line 172, in _wait_for_condition
    element = wait_obj.until(condition) # Use the passed wait_obj
  File "D:\2025\SELENIUM-PYTHON\PLAY_RADIUS_AUTOMATION\.venv\Lib\site-packages\selenium\webdriver\support\wait.py", line 138, in until
    raise TimeoutException(message, screen, stacktrace)
selenium.common.exceptions.TimeoutException: Message: 
Stacktrace:
Symbols not available. Dumping unresolved backtrace:
	0x884103
	0x884144
	0x68e71d
	0x6da03d
	0x6da41b
	0x7217f2
	0x6fc954
	0x71ee17
	0x6fc706
	0x6cda30
	0x6ced54
	0xaf57b4
	0xaf098a
	0x8ac392
	0x89c4c8
	0x8a324d
	0x88c478
	0x88c63c
	0x8767ca
	0x769d5d49
	0x779ad6db
	0x779ad661

2025-12-01 19:50:29 [INFO] utils.screenshot - Screenshot saved: D:\2025\SELENIUM-PYTHON\PLAY_RADIUS_AUTOMATION\screenshots\failed_test_required_field_validation_on_save_20251201_195029.png
2025-12-01 19:51:09 [INFO] pages.base_page - Page fully loaded.
2025-12-01 19:51:09 [INFO] pages.login.login - Opening: https://qaradius.in.qamajor.radius-ois.ai/play/login
2025-12-01 19:51:09 [INFO] pages.base_page - Element visible: ('id', 'loginForm.username')
2025-12-01 19:51:10 [INFO] pages.base_page - Element visible: ('id', 'password')
2025-12-01 19:51:10 [INFO] pages.base_page - Element visible: ('id', 'loginForm.Login')
2025-12-01 19:51:10 [INFO] pages.login.login - Login submitted for user: playadmin
2025-12-01 19:51:10 [INFO] pages.common.loader - Waiting for loader to disappear...
2025-12-01 19:51:10 [INFO] pages.base_page - Loader appeared.
2025-12-01 19:51:18 [INFO] pages.base_page - Loader disappeared.
2025-12-01 19:51:18 [INFO] pages.common.loader - Loader Stopped.
2025-12-01 19:51:18 [INFO] pages.login.login - Login submitted successfully.
2025-12-01 19:51:18 [INFO] utils.screenshot - Screenshot saved: D:\2025\SELENIUM-PYTHON\PLAY_RADIUS_AUTOMATION\screenshots\Login Submitted successfully_20251201_195118.png
2025-12-01 19:51:18 [INFO] pages.common.loader - Waiting for loader to disappear...
2025-12-01 19:51:23 [INFO] pages.base_page - Loader was not observed during initial check, proceeding without waiting for invisibility.
2025-12-01 19:51:23 [INFO] pages.common.loader - Loader Stopped.
2025-12-01 19:51:23 [INFO] pages.common.loader - Waiting for loader to disappear...
2025-12-01 19:51:28 [INFO] pages.base_page - Loader was not observed during initial check, proceeding without waiting for invisibility.
2025-12-01 19:51:28 [INFO] pages.common.loader - Loader Stopped.
2025-12-01 19:51:28 [INFO] pages.base_page - Element clickable: ('xpath', "//button[@title='Process']")
2025-12-01 19:51:29 [INFO] pages.common.sidemenupage - Process Showing
2025-12-01 19:51:29 [INFO] utils.screenshot - Screenshot saved: D:\2025\SELENIUM-PYTHON\PLAY_RADIUS_AUTOMATION\screenshots\Process Showing_20251201_195129.png
2025-12-01 19:51:39 [INFO] utils.screenshot - Screenshot saved: D:\2025\SELENIUM-PYTHON\PLAY_RADIUS_AUTOMATION\screenshots\wait_until_clickable_error___button[@title='Reset']_20251201_195139.png
2025-12-01 19:51:39 [ERROR] pages.base_page - wait_until_clickable failed for ('xpath', "//button[@title='Reset']"): Message: 
Stacktrace:
Symbols not available. Dumping unresolved backtrace:
	0x884103
	0x884144
	0x68e71d
	0x6da03d
	0x6da41b
	0x7217f2
	0x6fc954
	0x71ee17
	0x6fc706
	0x6cda30
	0x6ced54
	0xaf57b4
	0xaf098a
	0x8ac392
	0x89c4c8
	0x8a324d
	0x88c478
	0x88c63c
	0x8767ca
	0x769d5d49
	0x779ad6db
	0x779ad661
Traceback (most recent call last):
  File "D:\2025\SELENIUM-PYTHON\PLAY_RADIUS_AUTOMATION\pages\base_page.py", line 172, in _wait_for_condition
    element = wait_obj.until(condition) # Use the passed wait_obj
  File "D:\2025\SELENIUM-PYTHON\PLAY_RADIUS_AUTOMATION\.venv\Lib\site-packages\selenium\webdriver\support\wait.py", line 138, in until
    raise TimeoutException(message, screen, stacktrace)
selenium.common.exceptions.TimeoutException: Message: 
Stacktrace:
Symbols not available. Dumping unresolved backtrace:
	0x884103
	0x884144
	0x68e71d
	0x6da03d
	0x6da41b
	0x7217f2
	0x6fc954
	0x71ee17
	0x6fc706
	0x6cda30
	0x6ced54
	0xaf57b4
	0xaf098a
	0x8ac392
	0x89c4c8
	0x8a324d
	0x88c478
	0x88c63c
	0x8767ca
	0x769d5d49
	0x779ad6db
	0x779ad661

2025-12-01 19:51:40 [INFO] utils.screenshot - Screenshot saved: D:\2025\SELENIUM-PYTHON\PLAY_RADIUS_AUTOMATION\screenshots\failed_test_required_field_validation_on_save_20251201_195140.png
2025-12-01 19:52:50 [INFO] pages.base_page - Page fully loaded.
2025-12-01 19:52:50 [INFO] pages.login.login - Opening: https://qaradius.in.qamajor.radius-ois.ai/play/login
2025-12-01 19:52:50 [INFO] pages.base_page - Element visible: ('id', 'loginForm.username')
2025-12-01 19:52:51 [INFO] pages.base_page - Element visible: ('id', 'password')
2025-12-01 19:52:51 [INFO] pages.base_page - Element visible: ('id', 'loginForm.Login')
2025-12-01 19:52:51 [INFO] pages.login.login - Login submitted for user: playadmin
2025-12-01 19:52:51 [INFO] pages.common.loader - Waiting for loader to disappear...
2025-12-01 19:52:51 [INFO] pages.base_page - Loader appeared.
2025-12-01 19:52:59 [INFO] pages.base_page - Loader disappeared.
2025-12-01 19:52:59 [INFO] pages.common.loader - Loader Stopped.
2025-12-01 19:52:59 [INFO] pages.login.login - Login submitted successfully.
2025-12-01 19:52:59 [INFO] utils.screenshot - Screenshot saved: D:\2025\SELENIUM-PYTHON\PLAY_RADIUS_AUTOMATION\screenshots\Login Submitted successfully_20251201_195259.png
2025-12-01 19:52:59 [INFO] pages.common.loader - Waiting for loader to disappear...
2025-12-01 19:53:05 [INFO] pages.base_page - Loader was not observed during initial check, proceeding without waiting for invisibility.
2025-12-01 19:53:05 [INFO] pages.common.loader - Loader Stopped.
2025-12-01 19:53:05 [INFO] pages.common.loader - Waiting for loader to disappear...
2025-12-01 19:53:10 [INFO] pages.base_page - Loader was not observed during initial check, proceeding without waiting for invisibility.
2025-12-01 19:53:10 [INFO] pages.common.loader - Loader Stopped.
2025-12-01 19:53:10 [INFO] pages.base_page - Element clickable: ('xpath', "//button[@title='Process']")
2025-12-01 19:53:10 [INFO] pages.common.sidemenupage - Process Showing
2025-12-01 19:53:11 [INFO] utils.screenshot - Screenshot saved: D:\2025\SELENIUM-PYTHON\PLAY_RADIUS_AUTOMATION\screenshots\Process Showing_20251201_195310.png
2025-12-01 19:53:11 [INFO] pages.base_page - Element clickable: ('xpath', "//button[@id='add-entity']")
2025-12-01 19:53:14 [INFO] pages.base_page - Element clickable: ('xpath', "//button[@title='Reset']")
2025-12-01 19:53:14 [INFO] automation - Clicked Reset button
2025-12-01 19:53:14 [INFO] pages.base_page - Element clickable: ('xpath', "//button[@title='Save']")
2025-12-01 19:53:19 [INFO] utils.screenshot - Screenshot saved: D:\2025\SELENIUM-PYTHON\PLAY_RADIUS_AUTOMATION\screenshots\toast_capture_error_20251201_195319.png
2025-12-01 19:53:19 [ERROR] pages.base_page - No toast captured: Message: 
Stacktrace:
Symbols not available. Dumping unresolved backtrace:
	0x884103
	0x884144
	0x68e71d
	0x6da03d
	0x6da41b
	0x7217f2
	0x6fc954
	0x71ee17
	0x6fc706
	0x6cda30
	0x6ced54
	0xaf57b4
	0xaf098a
	0x8ac392
	0x89c4c8
	0x8a324d
	0x88c478
	0x88c63c
	0x8767ca
	0x769d5d49
	0x779ad6db
	0x779ad661
Traceback (most recent call last):
  File "D:\2025\SELENIUM-PYTHON\PLAY_RADIUS_AUTOMATION\pages\base_page.py", line 237, in capture_toast
    toast = WebDriverWait(self.driver, timeout).until(
        EC.visibility_of_element_located(locator)
    )
  File "D:\2025\SELENIUM-PYTHON\PLAY_RADIUS_AUTOMATION\.venv\Lib\site-packages\selenium\webdriver\support\wait.py", line 138, in until
    raise TimeoutException(message, screen, stacktrace)
selenium.common.exceptions.TimeoutException: Message: 
Stacktrace:
Symbols not available. Dumping unresolved backtrace:
	0x884103
	0x884144
	0x68e71d
	0x6da03d
	0x6da41b
	0x7217f2
	0x6fc954
	0x71ee17
	0x6fc706
	0x6cda30
	0x6ced54
	0xaf57b4
	0xaf098a
	0x8ac392
	0x89c4c8
	0x8a324d
	0x88c478
	0x88c63c
	0x8767ca
	0x769d5d49
	0x779ad6db
	0x779ad661

2025-12-01 19:53:19 [INFO] automation - Captured Toast: None
2025-12-01 19:53:19 [INFO] utils.screenshot - Screenshot saved: D:\2025\SELENIUM-PYTHON\PLAY_RADIUS_AUTOMATION\screenshots\wait_until_visible_error_r_20251201_195319.png
2025-12-01 19:53:19 [ERROR] pages.base_page - wait_until_visible failed for process_code: WebDriver.find_element() takes from 1 to 3 positional arguments but 13 were given
Traceback (most recent call last):
  File "D:\2025\SELENIUM-PYTHON\PLAY_RADIUS_AUTOMATION\pages\base_page.py", line 172, in _wait_for_condition
    element = wait_obj.until(condition) # Use the passed wait_obj
  File "D:\2025\SELENIUM-PYTHON\PLAY_RADIUS_AUTOMATION\.venv\Lib\site-packages\selenium\webdriver\support\wait.py", line 129, in until
    value = method(self._driver)
  File "D:\2025\SELENIUM-PYTHON\PLAY_RADIUS_AUTOMATION\.venv\Lib\site-packages\selenium\webdriver\support\expected_conditions.py", line 217, in _predicate
    return _element_if_visible(driver.find_element(*locator))
                               ~~~~~~~~~~~~~~~~~~~^^^^^^^^^^
TypeError: WebDriver.find_element() takes from 1 to 3 positional arguments but 13 were given
2025-12-01 19:53:19 [INFO] utils.screenshot - Screenshot saved: D:\2025\SELENIUM-PYTHON\PLAY_RADIUS_AUTOMATION\screenshots\failed_test_required_field_validation_on_save_20251201_195319.png
2025-12-01 19:55:11 [INFO] pages.base_page - Page fully loaded.
2025-12-01 19:55:11 [INFO] pages.login.login - Opening: https://qaradius.in.qamajor.radius-ois.ai/play/login
2025-12-01 19:55:11 [INFO] pages.base_page - Element visible: ('id', 'loginForm.username')
2025-12-01 19:55:11 [INFO] pages.base_page - Element visible: ('id', 'password')
2025-12-01 19:55:12 [INFO] pages.base_page - Element visible: ('id', 'loginForm.Login')
2025-12-01 19:55:12 [INFO] pages.login.login - Login submitted for user: playadmin
2025-12-01 19:55:12 [INFO] pages.common.loader - Waiting for loader to disappear...
2025-12-01 19:55:12 [INFO] pages.base_page - Loader appeared.
2025-12-01 19:55:19 [INFO] pages.base_page - Loader disappeared.
2025-12-01 19:55:19 [INFO] pages.common.loader - Loader Stopped.
2025-12-01 19:55:19 [INFO] pages.login.login - Login submitted successfully.
2025-12-01 19:55:20 [INFO] utils.screenshot - Screenshot saved: D:\2025\SELENIUM-PYTHON\PLAY_RADIUS_AUTOMATION\screenshots\Login Submitted successfully_20251201_195519.png
2025-12-01 19:55:20 [INFO] pages.common.loader - Waiting for loader to disappear...
2025-12-01 19:55:25 [INFO] pages.base_page - Loader was not observed during initial check, proceeding without waiting for invisibility.
2025-12-01 19:55:25 [INFO] pages.common.loader - Loader Stopped.
2025-12-01 19:55:25 [INFO] pages.common.loader - Waiting for loader to disappear...
2025-12-01 19:55:30 [INFO] pages.base_page - Loader was not observed during initial check, proceeding without waiting for invisibility.
2025-12-01 19:55:30 [INFO] pages.common.loader - Loader Stopped.
2025-12-01 19:55:30 [INFO] pages.base_page - Element clickable: ('xpath', "//button[@title='Process']")
2025-12-01 19:55:30 [INFO] pages.common.sidemenupage - Process Showing
2025-12-01 19:55:31 [INFO] utils.screenshot - Screenshot saved: D:\2025\SELENIUM-PYTHON\PLAY_RADIUS_AUTOMATION\screenshots\Process Showing_20251201_195530.png
2025-12-01 19:55:31 [INFO] pages.base_page - Element clickable: ('xpath', "//button[@id='add-entity']")
2025-12-01 19:55:34 [INFO] pages.base_page - Element clickable: ('xpath', "//button[@title='Reset']")
2025-12-01 19:55:34 [INFO] automation - Clicked Reset button
2025-12-01 19:55:34 [INFO] pages.base_page - Element clickable: ('xpath', "//button[@title='Save']")
2025-12-01 19:55:39 [INFO] utils.screenshot - Screenshot saved: D:\2025\SELENIUM-PYTHON\PLAY_RADIUS_AUTOMATION\screenshots\toast_capture_error_20251201_195539.png
2025-12-01 19:55:39 [ERROR] pages.base_page - No toast captured: Message: 
Stacktrace:
Symbols not available. Dumping unresolved backtrace:
	0x884103
	0x884144
	0x68e71d
	0x6da03d
	0x6da41b
	0x7217f2
	0x6fc954
	0x71ee17
	0x6fc706
	0x6cda30
	0x6ced54
	0xaf57b4
	0xaf098a
	0x8ac392
	0x89c4c8
	0x8a324d
	0x88c478
	0x88c63c
	0x8767ca
	0x769d5d49
	0x779ad6db
	0x779ad661
Traceback (most recent call last):
  File "D:\2025\SELENIUM-PYTHON\PLAY_RADIUS_AUTOMATION\pages\base_page.py", line 237, in capture_toast
    toast = WebDriverWait(self.driver, timeout).until(
        EC.visibility_of_element_located(locator)
    )
  File "D:\2025\SELENIUM-PYTHON\PLAY_RADIUS_AUTOMATION\.venv\Lib\site-packages\selenium\webdriver\support\wait.py", line 138, in until
    raise TimeoutException(message, screen, stacktrace)
selenium.common.exceptions.TimeoutException: Message: 
Stacktrace:
Symbols not available. Dumping unresolved backtrace:
	0x884103
	0x884144
	0x68e71d
	0x6da03d
	0x6da41b
	0x7217f2
	0x6fc954
	0x71ee17
	0x6fc706
	0x6cda30
	0x6ced54
	0xaf57b4
	0xaf098a
	0x8ac392
	0x89c4c8
	0x8a324d
	0x88c478
	0x88c63c
	0x8767ca
	0x769d5d49
	0x779ad6db
	0x779ad661

2025-12-01 19:55:39 [INFO] automation - Captured Toast: None
2025-12-01 19:55:39 [INFO] pages.base_page - Element visible: ('xpath', "//input[@name='processCode']/following-sibling::div[contains(@class, 'invalid-tooltip')]")
2025-12-01 19:55:39 [INFO] pages.common.loader - Waiting for loader to disappear...
2025-12-01 19:55:44 [INFO] pages.base_page - Loader was not observed during initial check, proceeding without waiting for invisibility.
2025-12-01 19:55:44 [INFO] pages.common.loader - Loader Stopped.
2025-12-01 19:55:44 [INFO] pages.base_page - Element clickable: ('xpath', "//img[@alt='Profile']")
2025-12-01 19:55:45 [INFO] pages.base_page - Clicked element: ('xpath', "//img[@alt='Profile']")
2025-12-01 19:55:45 [INFO] pages.base_page - Element clickable: ('xpath', "//button[@title='Logout']")
2025-12-01 19:55:47 [INFO] pages.base_page - Clicked element: ('xpath', "//button[@title='Logout']")
2025-12-01 19:55:47 [INFO] pages.login.logout - Logout Successfully.
2025-12-01 19:55:47 [INFO] utils.screenshot - Screenshot saved: D:\2025\SELENIUM-PYTHON\PLAY_RADIUS_AUTOMATION\screenshots\Logout_Successfully_20251201_195547.png
2025-12-01 19:55:47 [INFO] pages.base_page - Element visible: ('xpath', "//span[text()='Login']")
2025-12-01 20:14:30 [INFO] test_cases.process.test_create_process - Starting test_filter_process_by_name
2025-12-01 20:14:30 [INFO] test_cases.process.test_create_process - Opening login page...
2025-12-01 20:14:36 [INFO] pages.base_page - Page fully loaded.
2025-12-01 20:14:36 [INFO] pages.login.login - Opening: https://qaradius.in.qamajor.radius-ois.ai/play/login
2025-12-01 20:14:36 [INFO] test_cases.process.test_create_process - Login page opened.
2025-12-01 20:14:36 [INFO] test_cases.process.test_create_process - Attempting login...
2025-12-01 20:14:36 [INFO] pages.base_page - Element visible: ('id', 'loginForm.username')
2025-12-01 20:14:36 [INFO] pages.base_page - Element visible: ('id', 'password')
2025-12-01 20:14:36 [INFO] pages.base_page - Element visible: ('id', 'loginForm.Login')
2025-12-01 20:14:37 [INFO] pages.login.login - Login submitted for user: playadmin
2025-12-01 20:14:37 [INFO] pages.common.loader - Waiting for loader to disappear...
2025-12-01 20:14:37 [INFO] pages.base_page - Loader appeared.
2025-12-01 20:14:44 [INFO] pages.base_page - Loader disappeared.
2025-12-01 20:14:44 [INFO] pages.common.loader - Loader Stopped.
2025-12-01 20:14:44 [INFO] pages.login.login - Login submitted successfully.
2025-12-01 20:14:44 [INFO] utils.screenshot - Screenshot saved: D:\2025\SELENIUM-PYTHON\PLAY_RADIUS_AUTOMATION\screenshots\Login Submitted successfully_20251201_201444.png
2025-12-01 20:14:44 [INFO] test_cases.process.test_create_process - Login complete.
2025-12-01 20:14:44 [INFO] test_cases.process.test_create_process - Waiting for page to load after login...
2025-12-01 20:14:44 [INFO] pages.common.loader - Waiting for loader to disappear...
2025-12-01 20:14:49 [INFO] pages.base_page - Loader was not observed during initial check, proceeding without waiting for invisibility.
2025-12-01 20:14:49 [INFO] pages.common.loader - Loader Stopped.
2025-12-01 20:14:49 [INFO] test_cases.process.test_create_process - Page loaded.
2025-12-01 20:14:49 [INFO] test_cases.process.test_create_process - Navigating to Process section via Side Menu...
2025-12-01 20:14:49 [INFO] pages.common.loader - Waiting for loader to disappear...
2025-12-01 20:14:54 [INFO] pages.base_page - Loader was not observed during initial check, proceeding without waiting for invisibility.
2025-12-01 20:14:54 [INFO] pages.common.loader - Loader Stopped.
2025-12-01 20:14:54 [INFO] pages.base_page - Element clickable: ('xpath', "//button[@title='Process']")
2025-12-01 20:14:55 [INFO] pages.common.sidemenupage - Process Showing
2025-12-01 20:14:55 [INFO] utils.screenshot - Screenshot saved: D:\2025\SELENIUM-PYTHON\PLAY_RADIUS_AUTOMATION\screenshots\Process Showing_20251201_201455.png
2025-12-01 20:14:55 [INFO] test_cases.process.test_create_process - Navigated to Process section.
2025-12-01 20:14:55 [INFO] pages.common.loader - Waiting for loader to disappear...
2025-12-01 20:15:00 [INFO] pages.base_page - Loader was not observed during initial check, proceeding without waiting for invisibility.
2025-12-01 20:15:00 [INFO] pages.common.loader - Loader Stopped.
2025-12-01 20:15:00 [INFO] pages.base_page - Element clickable: ('xpath', "//button[@id='add-entity']")
2025-12-01 20:15:04 [INFO] pages.base_page - Element visible: ('xpath', "//input[@name='processName']")
2025-12-01 20:15:04 [INFO] automation - Process Name entered: 'MyProcess_'
2025-12-01 20:15:04 [INFO] automation - Setting channel configuration
2025-12-01 20:15:04 [INFO] pages.base_page - Element clickable: ('xpath', "//*[@id='process-basic-info']/div[2]/div/form/div/div/div[4]/div/div/div[3]/label")
2025-12-01 20:15:05 [INFO] pages.base_page - Element clickable: ('xpath', "//button[@title='Save']")
2025-12-01 20:15:06 [INFO] pages.base_page - Toast appeared: Process name already exists
2025-12-01 20:15:08 [INFO] automation - Captured Toast: Process name already exists
2025-12-01 20:15:08 [INFO] pages.common.loader - Waiting for loader to disappear...
2025-12-01 20:15:13 [INFO] pages.base_page - Loader was not observed during initial check, proceeding without waiting for invisibility.
2025-12-01 20:15:13 [INFO] pages.common.loader - Loader Stopped.
2025-12-01 20:15:13 [INFO] utils.screenshot - Screenshot saved: D:\2025\SELENIUM-PYTHON\PLAY_RADIUS_AUTOMATION\screenshots\Process_Created_Play_Automation_Process_976_20251201_201513.png
2025-12-01 20:15:13 [INFO] pages.common.loader - Waiting for loader to disappear...
2025-12-01 20:15:19 [INFO] pages.base_page - Loader was not observed during initial check, proceeding without waiting for invisibility.
2025-12-01 20:15:19 [INFO] pages.common.loader - Loader Stopped.
2025-12-01 20:15:29 [INFO] utils.screenshot - Screenshot saved: D:\2025\SELENIUM-PYTHON\PLAY_RADIUS_AUTOMATION\screenshots\wait_until_clickable_error___button[@id='add-entity']_20251201_201529.png
2025-12-01 20:15:29 [ERROR] pages.base_page - wait_until_clickable failed for ('xpath', "//button[@id='add-entity']"): Message: 
Stacktrace:
Symbols not available. Dumping unresolved backtrace:
	0x824103
	0x824144
	0x62e71d
	0x67a03d
	0x67a41b
	0x6c17f2
	0x69c954
	0x6bee17
	0x69c706
	0x66da30
	0x66ed54
	0xa957b4
	0xa9098a
	0x84c392
	0x83c4c8
	0x84324d
	0x82c478
	0x82c63c
	0x8167ca
	0x769d5d49
	0x779ad6db
	0x779ad661
Traceback (most recent call last):
  File "D:\2025\SELENIUM-PYTHON\PLAY_RADIUS_AUTOMATION\pages\base_page.py", line 172, in _wait_for_condition
    element = wait_obj.until(condition) # Use the passed wait_obj
  File "D:\2025\SELENIUM-PYTHON\PLAY_RADIUS_AUTOMATION\.venv\Lib\site-packages\selenium\webdriver\support\wait.py", line 138, in until
    raise TimeoutException(message, screen, stacktrace)
selenium.common.exceptions.TimeoutException: Message: 
Stacktrace:
Symbols not available. Dumping unresolved backtrace:
	0x824103
	0x824144
	0x62e71d
	0x67a03d
	0x67a41b
	0x6c17f2
	0x69c954
	0x6bee17
	0x69c706
	0x66da30
	0x66ed54
	0xa957b4
	0xa9098a
	0x84c392
	0x83c4c8
	0x84324d
	0x82c478
	0x82c63c
	0x8167ca
	0x769d5d49
	0x779ad6db
	0x779ad661

2025-12-01 20:15:30 [INFO] pages.base_page - Element visible: ('xpath', "//input[@name='processName']")
2025-12-01 20:15:30 [INFO] automation - Process Name entered: 'Play_Automation_Process_976'
2025-12-01 20:15:30 [INFO] automation - Setting channel configuration
2025-12-01 20:15:30 [INFO] pages.base_page - Element clickable: ('xpath', "//*[@id='process-basic-info']/div[2]/div/form/div/div/div[4]/div/div/div[3]/label")
2025-12-01 20:15:31 [INFO] pages.base_page - Element clickable: ('xpath', "//button[@title='Save']")
2025-12-01 20:15:32 [INFO] pages.base_page - Toast appeared: Process saved successfully
2025-12-01 20:15:34 [INFO] automation - Captured Toast: Process saved successfully
2025-12-01 20:15:34 [INFO] pages.common.loader - Waiting for loader to disappear...
2025-12-01 20:15:39 [INFO] pages.base_page - Loader was not observed during initial check, proceeding without waiting for invisibility.
2025-12-01 20:15:39 [INFO] pages.common.loader - Loader Stopped.
2025-12-01 20:15:40 [INFO] utils.screenshot - Screenshot saved: D:\2025\SELENIUM-PYTHON\PLAY_RADIUS_AUTOMATION\screenshots\Process_Created_Play_Automation_Process_976_20251201_201539.png
2025-12-01 20:15:40 [INFO] test_cases.process.test_create_process - Logging out...
2025-12-01 20:15:40 [INFO] pages.common.loader - Waiting for loader to disappear...
2025-12-01 20:15:45 [INFO] pages.base_page - Loader was not observed during initial check, proceeding without waiting for invisibility.
2025-12-01 20:15:45 [INFO] pages.common.loader - Loader Stopped.
2025-12-01 20:15:45 [INFO] pages.base_page - Element clickable: ('xpath', "//img[@alt='Profile']")
2025-12-01 20:15:45 [INFO] pages.base_page - Clicked element: ('xpath', "//img[@alt='Profile']")
2025-12-01 20:15:45 [INFO] pages.base_page - Element clickable: ('xpath', "//button[@title='Logout']")
2025-12-01 20:15:46 [INFO] pages.base_page - Clicked element: ('xpath', "//button[@title='Logout']")
2025-12-01 20:15:46 [INFO] pages.login.logout - Logout Successfully.
2025-12-01 20:15:48 [INFO] utils.screenshot - Screenshot saved: D:\2025\SELENIUM-PYTHON\PLAY_RADIUS_AUTOMATION\screenshots\Logout_Successfully_20251201_201546.png
2025-12-01 20:15:48 [INFO] pages.base_page - Element visible: ('xpath', "//span[text()='Login']")
2025-12-01 20:15:48 [INFO] test_cases.process.test_create_process - Logout complete. Test finished.
2025-12-01 20:15:54 [INFO] test_cases.process.test_create_process - Starting test_filter_process_by_name
2025-12-01 20:15:54 [INFO] test_cases.process.test_create_process - Opening login page...
2025-12-01 20:16:00 [INFO] pages.base_page - Page fully loaded.
2025-12-01 20:16:00 [INFO] pages.login.login - Opening: https://qaradius.in.qamajor.radius-ois.ai/play/login
2025-12-01 20:16:00 [INFO] test_cases.process.test_create_process - Login page opened.
2025-12-01 20:16:00 [INFO] test_cases.process.test_create_process - Attempting login...
2025-12-01 20:16:00 [INFO] pages.base_page - Element visible: ('id', 'loginForm.username')
2025-12-01 20:16:00 [INFO] pages.base_page - Element visible: ('id', 'password')
2025-12-01 20:16:00 [INFO] pages.base_page - Element visible: ('id', 'loginForm.Login')
2025-12-01 20:16:01 [INFO] pages.login.login - Login submitted for user: playadmin
2025-12-01 20:16:01 [INFO] pages.common.loader - Waiting for loader to disappear...
2025-12-01 20:16:01 [INFO] pages.base_page - Loader appeared.
2025-12-01 20:16:08 [INFO] pages.base_page - Loader disappeared.
2025-12-01 20:16:08 [INFO] pages.common.loader - Loader Stopped.
2025-12-01 20:16:08 [INFO] pages.login.login - Login submitted successfully.
2025-12-01 20:16:09 [INFO] utils.screenshot - Screenshot saved: D:\2025\SELENIUM-PYTHON\PLAY_RADIUS_AUTOMATION\screenshots\Login Submitted successfully_20251201_201608.png
2025-12-01 20:16:09 [INFO] test_cases.process.test_create_process - Login complete.
2025-12-01 20:16:09 [INFO] test_cases.process.test_create_process - Waiting for page to load after login...
2025-12-01 20:16:09 [INFO] pages.common.loader - Waiting for loader to disappear...
2025-12-01 20:16:14 [INFO] pages.base_page - Loader was not observed during initial check, proceeding without waiting for invisibility.
2025-12-01 20:16:14 [INFO] pages.common.loader - Loader Stopped.
2025-12-01 20:16:14 [INFO] test_cases.process.test_create_process - Page loaded.
2025-12-01 20:16:14 [INFO] test_cases.process.test_create_process - Navigating to Process section via Side Menu...
2025-12-01 20:16:14 [INFO] pages.common.loader - Waiting for loader to disappear...
2025-12-01 20:16:19 [INFO] pages.base_page - Loader was not observed during initial check, proceeding without waiting for invisibility.
2025-12-01 20:16:19 [INFO] pages.common.loader - Loader Stopped.
2025-12-01 20:16:19 [INFO] pages.base_page - Element clickable: ('xpath', "//button[@title='Process']")
2025-12-01 20:16:20 [INFO] pages.common.sidemenupage - Process Showing
2025-12-01 20:16:20 [INFO] utils.screenshot - Screenshot saved: D:\2025\SELENIUM-PYTHON\PLAY_RADIUS_AUTOMATION\screenshots\Process Showing_20251201_201620.png
2025-12-01 20:16:20 [INFO] test_cases.process.test_create_process - Navigated to Process section.
2025-12-01 20:16:20 [INFO] pages.common.loader - Waiting for loader to disappear...
2025-12-01 20:16:25 [INFO] pages.base_page - Loader was not observed during initial check, proceeding without waiting for invisibility.
2025-12-01 20:16:25 [INFO] pages.common.loader - Loader Stopped.
2025-12-01 20:16:25 [INFO] pages.base_page - Element clickable: ('xpath', "//button[@id='add-entity']")
2025-12-01 20:16:28 [INFO] pages.base_page - Element visible: ('xpath', "//input[@name='processName']")
2025-12-01 20:16:29 [INFO] automation - Process Name entered: 'SMK_PLAY_24OCT_A'
2025-12-01 20:16:29 [INFO] automation - Setting channel configuration
2025-12-01 20:16:29 [INFO] pages.base_page - Element clickable: ('xpath', "//*[@id='process-basic-info']/div[2]/div/form/div/div/div[4]/div/div/div[3]/label")
2025-12-01 20:16:29 [INFO] pages.base_page - Element clickable: ('xpath', "//button[@title='Save']")
2025-12-01 20:16:30 [INFO] pages.base_page - Toast appeared: Process name already exists
2025-12-01 20:16:33 [INFO] automation - Captured Toast: Process name already exists
2025-12-01 20:16:33 [INFO] pages.common.loader - Waiting for loader to disappear...
2025-12-01 20:16:38 [INFO] pages.base_page - Loader was not observed during initial check, proceeding without waiting for invisibility.
2025-12-01 20:16:38 [INFO] pages.common.loader - Loader Stopped.
2025-12-01 20:16:38 [INFO] utils.screenshot - Screenshot saved: D:\2025\SELENIUM-PYTHON\PLAY_RADIUS_AUTOMATION\screenshots\Process_Created_Play_Automation_Process_977_20251201_201638.png
2025-12-01 20:16:38 [INFO] pages.base_page - Element clickable: ('xpath', "//button[@title='Close']")
2025-12-01 20:16:38 [INFO] automation - Clicked Close button
2025-12-01 20:16:38 [INFO] test_cases.process.test_create_process - Logging out...
2025-12-01 20:16:38 [INFO] pages.common.loader - Waiting for loader to disappear...
2025-12-01 20:16:38 [INFO] pages.base_page - Loader appeared.
2025-12-01 20:16:44 [INFO] pages.base_page - Loader disappeared.
2025-12-01 20:16:44 [INFO] pages.common.loader - Loader Stopped.
2025-12-01 20:16:44 [INFO] pages.base_page - Element clickable: ('xpath', "//img[@alt='Profile']")
2025-12-01 20:16:44 [INFO] pages.base_page - Clicked element: ('xpath', "//img[@alt='Profile']")
2025-12-01 20:16:44 [INFO] pages.base_page - Element clickable: ('xpath', "//button[@title='Logout']")
2025-12-01 20:16:48 [INFO] pages.base_page - Clicked element: ('xpath', "//button[@title='Logout']")
2025-12-01 20:16:48 [INFO] pages.login.logout - Logout Successfully.
2025-12-01 20:16:48 [INFO] utils.screenshot - Screenshot saved: D:\2025\SELENIUM-PYTHON\PLAY_RADIUS_AUTOMATION\screenshots\Logout_Successfully_20251201_201648.png
2025-12-01 20:16:48 [INFO] pages.base_page - Element visible: ('xpath', "//span[text()='Login']")
2025-12-01 20:16:48 [INFO] test_cases.process.test_create_process - Logout complete. Test finished.
2025-12-01 20:16:54 [INFO] test_cases.process.test_create_process - Starting test_filter_process_by_name
2025-12-01 20:16:54 [INFO] test_cases.process.test_create_process - Opening login page...
2025-12-01 20:17:00 [INFO] pages.base_page - Page fully loaded.
2025-12-01 20:17:00 [INFO] pages.login.login - Opening: https://qaradius.in.qamajor.radius-ois.ai/play/login
2025-12-01 20:17:00 [INFO] test_cases.process.test_create_process - Login page opened.
2025-12-01 20:17:00 [INFO] test_cases.process.test_create_process - Attempting login...
2025-12-01 20:17:00 [INFO] pages.base_page - Element visible: ('id', 'loginForm.username')
2025-12-01 20:17:01 [INFO] pages.base_page - Element visible: ('id', 'password')
2025-12-01 20:17:01 [INFO] pages.base_page - Element visible: ('id', 'loginForm.Login')
2025-12-01 20:17:01 [INFO] pages.login.login - Login submitted for user: playadmin
2025-12-01 20:17:01 [INFO] pages.common.loader - Waiting for loader to disappear...
2025-12-01 20:17:01 [INFO] pages.base_page - Loader appeared.
2025-12-01 20:17:09 [INFO] pages.base_page - Loader disappeared.
2025-12-01 20:17:09 [INFO] pages.common.loader - Loader Stopped.
2025-12-01 20:17:09 [INFO] pages.login.login - Login submitted successfully.
2025-12-01 20:17:09 [INFO] utils.screenshot - Screenshot saved: D:\2025\SELENIUM-PYTHON\PLAY_RADIUS_AUTOMATION\screenshots\Login Submitted successfully_20251201_201709.png
2025-12-01 20:17:09 [INFO] test_cases.process.test_create_process - Login complete.
2025-12-01 20:17:09 [INFO] test_cases.process.test_create_process - Waiting for page to load after login...
2025-12-01 20:17:09 [INFO] pages.common.loader - Waiting for loader to disappear...
2025-12-01 20:17:14 [INFO] pages.base_page - Loader was not observed during initial check, proceeding without waiting for invisibility.
2025-12-01 20:17:14 [INFO] pages.common.loader - Loader Stopped.
2025-12-01 20:17:14 [INFO] test_cases.process.test_create_process - Page loaded.
2025-12-01 20:17:14 [INFO] test_cases.process.test_create_process - Navigating to Process section via Side Menu...
2025-12-01 20:17:14 [INFO] pages.common.loader - Waiting for loader to disappear...
2025-12-01 20:17:19 [INFO] pages.base_page - Loader was not observed during initial check, proceeding without waiting for invisibility.
2025-12-01 20:17:19 [INFO] pages.common.loader - Loader Stopped.
2025-12-01 20:17:19 [INFO] pages.base_page - Element clickable: ('xpath', "//button[@title='Process']")
2025-12-01 20:17:20 [INFO] pages.common.sidemenupage - Process Showing
2025-12-01 20:17:20 [INFO] utils.screenshot - Screenshot saved: D:\2025\SELENIUM-PYTHON\PLAY_RADIUS_AUTOMATION\screenshots\Process Showing_20251201_201720.png
2025-12-01 20:17:20 [INFO] test_cases.process.test_create_process - Navigated to Process section.
2025-12-01 20:17:20 [INFO] pages.common.loader - Waiting for loader to disappear...
2025-12-01 20:17:25 [INFO] pages.base_page - Loader was not observed during initial check, proceeding without waiting for invisibility.
2025-12-01 20:17:25 [INFO] pages.common.loader - Loader Stopped.
2025-12-01 20:17:25 [INFO] pages.base_page - Element clickable: ('xpath', "//button[@id='add-entity']")
2025-12-01 20:17:28 [INFO] pages.base_page - Element visible: ('xpath', "//input[@name='processName']")
2025-12-01 20:17:29 [INFO] automation - Process Name entered: 'AUTO_DEFAULT_NAME'
2025-12-01 20:17:29 [INFO] automation - Setting channel configuration
2025-12-01 20:17:29 [INFO] pages.base_page - Element clickable: ('xpath', "//*[@id='process-basic-info']/div[2]/div/form/div/div/div[4]/div/div/div[2]/label")
2025-12-01 20:17:30 [INFO] pages.base_page - Element clickable: ('xpath', "//button[@title='Save']")
2025-12-01 20:17:30 [INFO] pages.base_page - Toast appeared: Process name already exists
2025-12-01 20:17:33 [INFO] automation - Captured Toast: Process name already exists
2025-12-01 20:17:33 [INFO] pages.common.loader - Waiting for loader to disappear...
2025-12-01 20:17:38 [INFO] pages.base_page - Loader was not observed during initial check, proceeding without waiting for invisibility.
2025-12-01 20:17:38 [INFO] pages.common.loader - Loader Stopped.
2025-12-01 20:17:38 [INFO] utils.screenshot - Screenshot saved: D:\2025\SELENIUM-PYTHON\PLAY_RADIUS_AUTOMATION\screenshots\Process_Created_Play_Automation_Process_978_20251201_201738.png
2025-12-01 20:17:39 [INFO] utils.screenshot - Screenshot saved: D:\2025\SELENIUM-PYTHON\PLAY_RADIUS_AUTOMATION\screenshots\failed_test_create_process_with_default_json_data_20251201_201739.png
2025-12-01 20:17:45 [INFO] test_cases.process.test_create_process - Starting test_filter_process_by_name
2025-12-01 20:17:45 [INFO] test_cases.process.test_create_process - Opening login page...
2025-12-01 20:17:50 [INFO] pages.base_page - Page fully loaded.
2025-12-01 20:17:50 [INFO] pages.login.login - Opening: https://qaradius.in.qamajor.radius-ois.ai/play/login
2025-12-01 20:17:50 [INFO] test_cases.process.test_create_process - Login page opened.
2025-12-01 20:17:50 [INFO] test_cases.process.test_create_process - Attempting login...
2025-12-01 20:17:50 [INFO] pages.base_page - Element visible: ('id', 'loginForm.username')
2025-12-01 20:17:51 [INFO] pages.base_page - Element visible: ('id', 'password')
2025-12-01 20:17:51 [INFO] pages.base_page - Element visible: ('id', 'loginForm.Login')
2025-12-01 20:17:51 [INFO] pages.login.login - Login submitted for user: playadmin
2025-12-01 20:17:51 [INFO] pages.common.loader - Waiting for loader to disappear...
2025-12-01 20:17:51 [INFO] pages.base_page - Loader appeared.
2025-12-01 20:17:59 [INFO] pages.base_page - Loader disappeared.
2025-12-01 20:17:59 [INFO] pages.common.loader - Loader Stopped.
2025-12-01 20:17:59 [INFO] pages.login.login - Login submitted successfully.
2025-12-01 20:17:59 [INFO] utils.screenshot - Screenshot saved: D:\2025\SELENIUM-PYTHON\PLAY_RADIUS_AUTOMATION\screenshots\Login Submitted successfully_20251201_201759.png
2025-12-01 20:17:59 [INFO] test_cases.process.test_create_process - Login complete.
2025-12-01 20:17:59 [INFO] test_cases.process.test_create_process - Waiting for page to load after login...
2025-12-01 20:17:59 [INFO] pages.common.loader - Waiting for loader to disappear...
2025-12-01 20:18:04 [INFO] pages.base_page - Loader was not observed during initial check, proceeding without waiting for invisibility.
2025-12-01 20:18:04 [INFO] pages.common.loader - Loader Stopped.
2025-12-01 20:18:04 [INFO] test_cases.process.test_create_process - Page loaded.
2025-12-01 20:18:04 [INFO] test_cases.process.test_create_process - Navigating to Process section via Side Menu...
2025-12-01 20:18:04 [INFO] pages.common.loader - Waiting for loader to disappear...
2025-12-01 20:18:09 [INFO] pages.base_page - Loader was not observed during initial check, proceeding without waiting for invisibility.
2025-12-01 20:18:09 [INFO] pages.common.loader - Loader Stopped.
2025-12-01 20:18:09 [INFO] pages.base_page - Element clickable: ('xpath', "//button[@title='Process']")
2025-12-01 20:18:10 [INFO] pages.common.sidemenupage - Process Showing
2025-12-01 20:18:10 [INFO] utils.screenshot - Screenshot saved: D:\2025\SELENIUM-PYTHON\PLAY_RADIUS_AUTOMATION\screenshots\Process Showing_20251201_201810.png
2025-12-01 20:18:10 [INFO] test_cases.process.test_create_process - Navigated to Process section.
2025-12-01 20:18:10 [INFO] pages.common.loader - Waiting for loader to disappear...
2025-12-01 20:18:15 [INFO] pages.base_page - Loader was not observed during initial check, proceeding without waiting for invisibility.
2025-12-01 20:18:15 [INFO] pages.common.loader - Loader Stopped.
2025-12-01 20:18:15 [INFO] pages.base_page - Element clickable: ('xpath', "//button[@id='add-entity']")
2025-12-01 20:18:19 [INFO] pages.base_page - Element visible: ('xpath', "//input[@name='processName']")
2025-12-01 20:18:19 [INFO] automation - Process Name entered: 'Custom Process Name'
2025-12-01 20:18:19 [INFO] automation - Setting channel configuration
2025-12-01 20:18:19 [INFO] pages.base_page - Element clickable: ('xpath', "//*[@id='process-basic-info']/div[2]/div/form/div/div/div[4]/div/div/div[3]/label")
2025-12-01 20:18:20 [INFO] pages.base_page - Element clickable: ('xpath', "//button[@title='Save']")
2025-12-01 20:18:21 [INFO] pages.base_page - Toast appeared: Process name already exists
2025-12-01 20:18:23 [INFO] automation - Captured Toast: Process name already exists
2025-12-01 20:18:23 [INFO] pages.common.loader - Waiting for loader to disappear...
2025-12-01 20:18:29 [INFO] pages.base_page - Loader was not observed during initial check, proceeding without waiting for invisibility.
2025-12-01 20:18:29 [INFO] pages.common.loader - Loader Stopped.
2025-12-01 20:18:29 [INFO] utils.screenshot - Screenshot saved: D:\2025\SELENIUM-PYTHON\PLAY_RADIUS_AUTOMATION\screenshots\Process_Created_Play_Automation_Process_979_20251201_201829.png
2025-12-01 20:18:29 [INFO] utils.screenshot - Screenshot saved: D:\2025\SELENIUM-PYTHON\PLAY_RADIUS_AUTOMATION\screenshots\failed_test_create_process_by_passing_custom_parameters_20251201_201829.png
2025-12-01 20:18:35 [INFO] test_cases.process.test_create_process - Starting test_filter_process_by_name
2025-12-01 20:18:35 [INFO] test_cases.process.test_create_process - Opening login page...
2025-12-01 20:18:41 [INFO] pages.base_page - Page fully loaded.
2025-12-01 20:18:41 [INFO] pages.login.login - Opening: https://qaradius.in.qamajor.radius-ois.ai/play/login
2025-12-01 20:18:41 [INFO] test_cases.process.test_create_process - Login page opened.
2025-12-01 20:18:41 [INFO] test_cases.process.test_create_process - Attempting login...
2025-12-01 20:18:41 [INFO] pages.base_page - Element visible: ('id', 'loginForm.username')
2025-12-01 20:18:41 [INFO] pages.base_page - Element visible: ('id', 'password')
2025-12-01 20:18:41 [INFO] pages.base_page - Element visible: ('id', 'loginForm.Login')
2025-12-01 20:18:41 [INFO] pages.login.login - Login submitted for user: playadmin
2025-12-01 20:18:41 [INFO] pages.common.loader - Waiting for loader to disappear...
2025-12-01 20:18:42 [INFO] pages.base_page - Loader appeared.
2025-12-01 20:18:49 [INFO] pages.base_page - Loader disappeared.
2025-12-01 20:18:49 [INFO] pages.common.loader - Loader Stopped.
2025-12-01 20:18:49 [INFO] pages.login.login - Login submitted successfully.
2025-12-01 20:18:49 [INFO] utils.screenshot - Screenshot saved: D:\2025\SELENIUM-PYTHON\PLAY_RADIUS_AUTOMATION\screenshots\Login Submitted successfully_20251201_201849.png
2025-12-01 20:18:49 [INFO] test_cases.process.test_create_process - Login complete.
2025-12-01 20:18:49 [INFO] test_cases.process.test_create_process - Waiting for page to load after login...
2025-12-01 20:18:49 [INFO] pages.common.loader - Waiting for loader to disappear...
2025-12-01 20:18:54 [INFO] pages.base_page - Loader was not observed during initial check, proceeding without waiting for invisibility.
2025-12-01 20:18:54 [INFO] pages.common.loader - Loader Stopped.
2025-12-01 20:18:54 [INFO] test_cases.process.test_create_process - Page loaded.
2025-12-01 20:18:54 [INFO] test_cases.process.test_create_process - Navigating to Process section via Side Menu...
2025-12-01 20:18:54 [INFO] pages.common.loader - Waiting for loader to disappear...
2025-12-01 20:18:59 [INFO] pages.base_page - Loader was not observed during initial check, proceeding without waiting for invisibility.
2025-12-01 20:18:59 [INFO] pages.common.loader - Loader Stopped.
2025-12-01 20:18:59 [INFO] pages.base_page - Element clickable: ('xpath', "//button[@title='Process']")
2025-12-01 20:19:00 [INFO] pages.common.sidemenupage - Process Showing
2025-12-01 20:19:00 [INFO] utils.screenshot - Screenshot saved: D:\2025\SELENIUM-PYTHON\PLAY_RADIUS_AUTOMATION\screenshots\Process Showing_20251201_201900.png
2025-12-01 20:19:00 [INFO] test_cases.process.test_create_process - Navigated to Process section.
2025-12-01 20:19:00 [INFO] pages.common.loader - Waiting for loader to disappear...
2025-12-01 20:19:05 [INFO] pages.base_page - Loader was not observed during initial check, proceeding without waiting for invisibility.
2025-12-01 20:19:05 [INFO] pages.common.loader - Loader Stopped.
2025-12-01 20:19:05 [INFO] pages.base_page - Element clickable: ('xpath', "//button[@id='add-entity']")
2025-12-01 20:19:09 [INFO] pages.base_page - Element visible: ('xpath', "//input[@name='processName']")
2025-12-01 20:19:09 [INFO] automation - Process Name entered: 'Multi Channel Process'
2025-12-01 20:19:09 [INFO] automation - Setting channel configuration
2025-12-01 20:19:09 [INFO] pages.base_page - Element clickable: ('xpath', "//*[@id='process-basic-info']/div[2]/div/form/div/div/div[4]/div/div/div[1]/label")
2025-12-01 20:19:10 [INFO] pages.base_page - Element clickable: ('xpath', "//*[@id='process-basic-info']/div[2]/div/form/div/div/div[4]/div/div/div[2]/label")
2025-12-01 20:19:11 [INFO] pages.base_page - Element clickable: ('xpath', "//*[@id='process-basic-info']/div[2]/div/form/div/div/div[4]/div/div/div[3]/label")
2025-12-01 20:19:11 [INFO] pages.base_page - Element clickable: ('xpath', "//button[@title='Save']")
2025-12-01 20:19:12 [INFO] pages.base_page - Toast appeared: Process name already exists
2025-12-01 20:19:15 [INFO] automation - Captured Toast: Process name already exists
2025-12-01 20:19:15 [INFO] pages.common.loader - Waiting for loader to disappear...
2025-12-01 20:19:20 [INFO] pages.base_page - Loader was not observed during initial check, proceeding without waiting for invisibility.
2025-12-01 20:19:20 [INFO] pages.common.loader - Loader Stopped.
2025-12-01 20:19:20 [INFO] utils.screenshot - Screenshot saved: D:\2025\SELENIUM-PYTHON\PLAY_RADIUS_AUTOMATION\screenshots\Process_Created_Play_Automation_Process_980_20251201_201920.png
2025-12-01 20:19:20 [INFO] utils.screenshot - Screenshot saved: D:\2025\SELENIUM-PYTHON\PLAY_RADIUS_AUTOMATION\screenshots\failed_test_create_process_with_multiple_channels_20251201_201920.png
2025-12-01 20:19:26 [INFO] test_cases.process.test_create_process - Starting test_filter_process_by_name
2025-12-01 20:19:26 [INFO] test_cases.process.test_create_process - Opening login page...
2025-12-01 20:19:33 [INFO] pages.base_page - Page fully loaded.
2025-12-01 20:19:33 [INFO] pages.login.login - Opening: https://qaradius.in.qamajor.radius-ois.ai/play/login
2025-12-01 20:19:33 [INFO] test_cases.process.test_create_process - Login page opened.
2025-12-01 20:19:33 [INFO] test_cases.process.test_create_process - Attempting login...
2025-12-01 20:19:33 [INFO] pages.base_page - Element visible: ('id', 'loginForm.username')
2025-12-01 20:19:33 [INFO] pages.base_page - Element visible: ('id', 'password')
2025-12-01 20:19:33 [INFO] pages.base_page - Element visible: ('id', 'loginForm.Login')
2025-12-01 20:19:34 [INFO] pages.login.login - Login submitted for user: playadmin
2025-12-01 20:19:34 [INFO] pages.common.loader - Waiting for loader to disappear...
2025-12-01 20:19:34 [INFO] pages.base_page - Loader appeared.
2025-12-01 20:19:41 [INFO] pages.base_page - Loader disappeared.
2025-12-01 20:19:41 [INFO] pages.common.loader - Loader Stopped.
2025-12-01 20:19:41 [INFO] pages.login.login - Login submitted successfully.
2025-12-01 20:19:41 [INFO] utils.screenshot - Screenshot saved: D:\2025\SELENIUM-PYTHON\PLAY_RADIUS_AUTOMATION\screenshots\Login Submitted successfully_20251201_201941.png
2025-12-01 20:19:41 [INFO] test_cases.process.test_create_process - Login complete.
2025-12-01 20:19:41 [INFO] test_cases.process.test_create_process - Waiting for page to load after login...
2025-12-01 20:19:41 [INFO] pages.common.loader - Waiting for loader to disappear...
2025-12-01 20:19:46 [INFO] pages.base_page - Loader was not observed during initial check, proceeding without waiting for invisibility.
2025-12-01 20:19:46 [INFO] pages.common.loader - Loader Stopped.
2025-12-01 20:19:46 [INFO] test_cases.process.test_create_process - Page loaded.
2025-12-01 20:19:46 [INFO] test_cases.process.test_create_process - Navigating to Process section via Side Menu...
2025-12-01 20:19:46 [INFO] pages.common.loader - Waiting for loader to disappear...
2025-12-01 20:19:51 [INFO] pages.base_page - Loader was not observed during initial check, proceeding without waiting for invisibility.
2025-12-01 20:19:51 [INFO] pages.common.loader - Loader Stopped.
2025-12-01 20:19:52 [INFO] pages.base_page - Element clickable: ('xpath', "//button[@title='Process']")
2025-12-01 20:19:52 [INFO] pages.common.sidemenupage - Process Showing
2025-12-01 20:19:52 [INFO] utils.screenshot - Screenshot saved: D:\2025\SELENIUM-PYTHON\PLAY_RADIUS_AUTOMATION\screenshots\Process Showing_20251201_201952.png
2025-12-01 20:19:52 [INFO] test_cases.process.test_create_process - Navigated to Process section.
2025-12-01 20:19:52 [INFO] pages.common.loader - Waiting for loader to disappear...
2025-12-01 20:19:57 [INFO] pages.base_page - Loader was not observed during initial check, proceeding without waiting for invisibility.
2025-12-01 20:19:57 [INFO] pages.common.loader - Loader Stopped.
2025-12-01 20:19:57 [INFO] pages.base_page - Element clickable: ('xpath', "//button[@id='add-entity']")
2025-12-01 20:20:01 [INFO] pages.base_page - Element visible: ('xpath', "//input[@name='processName']")
2025-12-01 20:20:01 [INFO] automation - Process Name entered: 'No Review Process'
2025-12-01 20:20:01 [INFO] automation - Setting channel configuration
2025-12-01 20:20:01 [INFO] pages.base_page - Element clickable: ('xpath', "//*[@id='process-basic-info']/div[2]/div/form/div/div/div[4]/div/div/div[2]/label")
2025-12-01 20:20:02 [INFO] pages.base_page - Element clickable: ('xpath', "//button[@title='Save']")
2025-12-01 20:20:03 [INFO] pages.base_page - Toast appeared: Process name already exists
2025-12-01 20:20:06 [INFO] automation - Captured Toast: Process name already exists
2025-12-01 20:20:06 [INFO] pages.common.loader - Waiting for loader to disappear...
2025-12-01 20:20:11 [INFO] pages.base_page - Loader was not observed during initial check, proceeding without waiting for invisibility.
2025-12-01 20:20:11 [INFO] pages.common.loader - Loader Stopped.
2025-12-01 20:20:11 [INFO] utils.screenshot - Screenshot saved: D:\2025\SELENIUM-PYTHON\PLAY_RADIUS_AUTOMATION\screenshots\Process_Created_Play_Automation_Process_981_20251201_202011.png
2025-12-01 20:20:11 [INFO] utils.screenshot - Screenshot saved: D:\2025\SELENIUM-PYTHON\PLAY_RADIUS_AUTOMATION\screenshots\failed_test_create_process_with_review_rating_false_20251201_202011.png
2025-12-01 20:20:23 [INFO] pages.base_page - Page fully loaded.
2025-12-01 20:20:23 [INFO] pages.login.login - Opening: https://qaradius.in.qamajor.radius-ois.ai/play/login
2025-12-01 20:20:23 [INFO] pages.base_page - Element visible: ('id', 'loginForm.username')
2025-12-01 20:20:24 [INFO] pages.base_page - Element visible: ('id', 'password')
2025-12-01 20:20:24 [INFO] pages.base_page - Element visible: ('id', 'loginForm.Login')
2025-12-01 20:20:24 [INFO] pages.login.login - Login submitted for user: playadmin
2025-12-01 20:20:24 [INFO] pages.common.loader - Waiting for loader to disappear...
2025-12-01 20:20:24 [INFO] pages.base_page - Loader appeared.
2025-12-01 20:20:32 [INFO] pages.base_page - Loader disappeared.
2025-12-01 20:20:32 [INFO] pages.common.loader - Loader Stopped.
2025-12-01 20:20:32 [INFO] pages.login.login - Login submitted successfully.
2025-12-01 20:20:32 [INFO] utils.screenshot - Screenshot saved: D:\2025\SELENIUM-PYTHON\PLAY_RADIUS_AUTOMATION\screenshots\Login Submitted successfully_20251201_202032.png
2025-12-01 20:20:32 [INFO] pages.common.loader - Waiting for loader to disappear...
2025-12-01 20:20:37 [INFO] pages.base_page - Loader was not observed during initial check, proceeding without waiting for invisibility.
2025-12-01 20:20:37 [INFO] pages.common.loader - Loader Stopped.
2025-12-01 20:20:37 [INFO] pages.common.loader - Waiting for loader to disappear...
2025-12-01 20:20:42 [INFO] pages.base_page - Loader was not observed during initial check, proceeding without waiting for invisibility.
2025-12-01 20:20:42 [INFO] pages.common.loader - Loader Stopped.
2025-12-01 20:20:42 [INFO] pages.base_page - Element clickable: ('xpath', "//button[@title='Process']")
2025-12-01 20:20:43 [INFO] pages.common.sidemenupage - Process Showing
2025-12-01 20:20:43 [INFO] utils.screenshot - Screenshot saved: D:\2025\SELENIUM-PYTHON\PLAY_RADIUS_AUTOMATION\screenshots\Process Showing_20251201_202043.png
2025-12-01 20:20:43 [INFO] pages.base_page - Element clickable: ('xpath', "//button[@id='add-entity']")
2025-12-01 20:20:46 [INFO] pages.base_page - Element clickable: ('xpath', "//button[@title='Reset']")
2025-12-01 20:20:47 [INFO] automation - Clicked Reset button
2025-12-01 20:20:47 [INFO] pages.base_page - Element clickable: ('xpath', "//button[@title='Save']")
2025-12-01 20:20:52 [INFO] utils.screenshot - Screenshot saved: D:\2025\SELENIUM-PYTHON\PLAY_RADIUS_AUTOMATION\screenshots\toast_capture_error_20251201_202052.png
2025-12-01 20:20:52 [ERROR] pages.base_page - No toast captured: Message: 
Stacktrace:
Symbols not available. Dumping unresolved backtrace:
	0x824103
	0x824144
	0x62e71d
	0x67a03d
	0x67a41b
	0x6c17f2
	0x69c954
	0x6bee17
	0x69c706
	0x66da30
	0x66ed54
	0xa957b4
	0xa9098a
	0x84c392
	0x83c4c8
	0x84324d
	0x82c478
	0x82c63c
	0x8167ca
	0x769d5d49
	0x779ad6db
	0x779ad661
Traceback (most recent call last):
  File "D:\2025\SELENIUM-PYTHON\PLAY_RADIUS_AUTOMATION\pages\base_page.py", line 237, in capture_toast
    toast = WebDriverWait(self.driver, timeout).until(
        EC.visibility_of_element_located(locator)
    )
  File "D:\2025\SELENIUM-PYTHON\PLAY_RADIUS_AUTOMATION\.venv\Lib\site-packages\selenium\webdriver\support\wait.py", line 138, in until
    raise TimeoutException(message, screen, stacktrace)
selenium.common.exceptions.TimeoutException: Message: 
Stacktrace:
Symbols not available. Dumping unresolved backtrace:
	0x824103
	0x824144
	0x62e71d
	0x67a03d
	0x67a41b
	0x6c17f2
	0x69c954
	0x6bee17
	0x69c706
	0x66da30
	0x66ed54
	0xa957b4
	0xa9098a
	0x84c392
	0x83c4c8
	0x84324d
	0x82c478
	0x82c63c
	0x8167ca
	0x769d5d49
	0x779ad6db
	0x779ad661

2025-12-01 20:20:52 [INFO] automation - Captured Toast: None
2025-12-01 20:20:52 [INFO] pages.base_page - Element visible: ('xpath', "//input[@name='processCode']/following-sibling::div[contains(@class, 'invalid-tooltip')]")
2025-12-01 20:20:52 [INFO] pages.common.loader - Waiting for loader to disappear...
2025-12-01 20:20:57 [INFO] pages.base_page - Loader was not observed during initial check, proceeding without waiting for invisibility.
2025-12-01 20:20:57 [INFO] pages.common.loader - Loader Stopped.
2025-12-01 20:20:57 [INFO] pages.base_page - Element clickable: ('xpath', "//img[@alt='Profile']")
2025-12-01 20:20:57 [INFO] pages.base_page - Clicked element: ('xpath', "//img[@alt='Profile']")
2025-12-01 20:20:57 [INFO] pages.base_page - Element clickable: ('xpath', "//button[@title='Logout']")
2025-12-01 20:20:58 [INFO] pages.base_page - Clicked element: ('xpath', "//button[@title='Logout']")
2025-12-01 20:20:58 [INFO] pages.login.logout - Logout Successfully.
2025-12-01 20:21:00 [INFO] utils.screenshot - Screenshot saved: D:\2025\SELENIUM-PYTHON\PLAY_RADIUS_AUTOMATION\screenshots\Logout_Successfully_20251201_202058.png
2025-12-01 20:21:00 [INFO] pages.base_page - Element visible: ('xpath', "//span[text()='Login']")
2025-12-01 20:21:06 [INFO] test_cases.process.test_create_process - Starting test_filter_process_by_name
2025-12-01 20:21:06 [INFO] test_cases.process.test_create_process - Opening login page...
2025-12-01 20:21:12 [INFO] pages.base_page - Page fully loaded.
2025-12-01 20:21:12 [INFO] pages.login.login - Opening: https://qaradius.in.qamajor.radius-ois.ai/play/login
2025-12-01 20:21:12 [INFO] test_cases.process.test_create_process - Login page opened.
2025-12-01 20:21:12 [INFO] test_cases.process.test_create_process - Attempting login...
2025-12-01 20:21:12 [INFO] pages.base_page - Element visible: ('id', 'loginForm.username')
2025-12-01 20:21:12 [INFO] pages.base_page - Element visible: ('id', 'password')
2025-12-01 20:21:12 [INFO] pages.base_page - Element visible: ('id', 'loginForm.Login')
2025-12-01 20:21:13 [INFO] pages.login.login - Login submitted for user: playadmin
2025-12-01 20:21:13 [INFO] pages.common.loader - Waiting for loader to disappear...
2025-12-01 20:21:13 [INFO] pages.base_page - Loader appeared.
2025-12-01 20:21:20 [INFO] pages.base_page - Loader disappeared.
2025-12-01 20:21:20 [INFO] pages.common.loader - Loader Stopped.
2025-12-01 20:21:20 [INFO] pages.login.login - Login submitted successfully.
2025-12-01 20:21:20 [INFO] utils.screenshot - Screenshot saved: D:\2025\SELENIUM-PYTHON\PLAY_RADIUS_AUTOMATION\screenshots\Login Submitted successfully_20251201_202120.png
2025-12-01 20:21:20 [INFO] test_cases.process.test_create_process - Login complete.
2025-12-01 20:21:20 [INFO] test_cases.process.test_create_process - Waiting for page to load after login...
2025-12-01 20:21:20 [INFO] pages.common.loader - Waiting for loader to disappear...
2025-12-01 20:21:25 [INFO] pages.base_page - Loader was not observed during initial check, proceeding without waiting for invisibility.
2025-12-01 20:21:25 [INFO] pages.common.loader - Loader Stopped.
2025-12-01 20:21:25 [INFO] test_cases.process.test_create_process - Page loaded.
2025-12-01 20:21:25 [INFO] test_cases.process.test_create_process - Navigating to Process section via Side Menu...
2025-12-01 20:21:25 [INFO] pages.common.loader - Waiting for loader to disappear...
2025-12-01 20:21:30 [INFO] pages.base_page - Loader was not observed during initial check, proceeding without waiting for invisibility.
2025-12-01 20:21:30 [INFO] pages.common.loader - Loader Stopped.
2025-12-01 20:21:31 [INFO] pages.base_page - Element clickable: ('xpath', "//button[@title='Process']")
2025-12-01 20:21:31 [INFO] pages.common.sidemenupage - Process Showing
2025-12-01 20:21:31 [INFO] utils.screenshot - Screenshot saved: D:\2025\SELENIUM-PYTHON\PLAY_RADIUS_AUTOMATION\screenshots\Process Showing_20251201_202131.png
2025-12-01 20:21:31 [INFO] test_cases.process.test_create_process - Navigated to Process section.
2025-12-01 20:21:31 [INFO] pages.common.loader - Waiting for loader to disappear...
2025-12-01 20:21:36 [INFO] pages.base_page - Loader was not observed during initial check, proceeding without waiting for invisibility.
2025-12-01 20:21:36 [INFO] pages.common.loader - Loader Stopped.
2025-12-01 20:21:37 [INFO] pages.base_page - Element clickable: ('xpath', "//button[@id='add-entity']")
2025-12-01 20:21:41 [INFO] pages.base_page - Element visible: ('xpath', "//input[@name='processName']")
2025-12-01 20:21:41 [INFO] automation - Process Name entered: 'Long Code Process Name'
2025-12-01 20:21:41 [INFO] automation - Setting channel configuration
2025-12-01 20:21:41 [INFO] pages.base_page - Element clickable: ('xpath', "//*[@id='process-basic-info']/div[2]/div/form/div/div/div[4]/div/div/div[2]/label")
2025-12-01 20:21:42 [INFO] pages.base_page - Element clickable: ('xpath', "//button[@title='Save']")
2025-12-01 20:21:47 [INFO] utils.screenshot - Screenshot saved: D:\2025\SELENIUM-PYTHON\PLAY_RADIUS_AUTOMATION\screenshots\toast_capture_error_20251201_202147.png
2025-12-01 20:21:47 [ERROR] pages.base_page - No toast captured: Message: 
Stacktrace:
Symbols not available. Dumping unresolved backtrace:
	0x824103
	0x824144
	0x62e71d
	0x67a03d
	0x67a41b
	0x6c17f2
	0x69c954
	0x6bee17
	0x69c706
	0x66da30
	0x66ed54
	0xa957b4
	0xa9098a
	0x84c392
	0x83c4c8
	0x84324d
	0x82c478
	0x82c63c
	0x8167ca
	0x769d5d49
	0x779ad6db
	0x779ad661
Traceback (most recent call last):
  File "D:\2025\SELENIUM-PYTHON\PLAY_RADIUS_AUTOMATION\pages\base_page.py", line 237, in capture_toast
    toast = WebDriverWait(self.driver, timeout).until(
        EC.visibility_of_element_located(locator)
    )
  File "D:\2025\SELENIUM-PYTHON\PLAY_RADIUS_AUTOMATION\.venv\Lib\site-packages\selenium\webdriver\support\wait.py", line 138, in until
    raise TimeoutException(message, screen, stacktrace)
selenium.common.exceptions.TimeoutException: Message: 
Stacktrace:
Symbols not available. Dumping unresolved backtrace:
	0x824103
	0x824144
	0x62e71d
	0x67a03d
	0x67a41b
	0x6c17f2
	0x69c954
	0x6bee17
	0x69c706
	0x66da30
	0x66ed54
	0xa957b4
	0xa9098a
	0x84c392
	0x83c4c8
	0x84324d
	0x82c478
	0x82c63c
	0x8167ca
	0x769d5d49
	0x779ad6db
	0x779ad661

2025-12-01 20:21:47 [INFO] automation - Captured Toast: None
2025-12-01 20:21:47 [INFO] pages.common.loader - Waiting for loader to disappear...
2025-12-01 20:21:52 [INFO] pages.base_page - Loader was not observed during initial check, proceeding without waiting for invisibility.
2025-12-01 20:21:52 [INFO] pages.common.loader - Loader Stopped.
2025-12-01 20:21:53 [INFO] utils.screenshot - Screenshot saved: D:\2025\SELENIUM-PYTHON\PLAY_RADIUS_AUTOMATION\screenshots\Process_Created_Play_Automation_Process_983_20251201_202152.png
2025-12-01 20:21:53 [INFO] pages.base_page - Element visible: ('xpath', "//input[@name='processCode']/following-sibling::div[contains(@class, 'invalid-tooltip')]")
2025-12-01 20:21:53 [INFO] test_cases.process.test_create_process - Logging out...
2025-12-01 20:21:53 [INFO] pages.common.loader - Waiting for loader to disappear...
2025-12-01 20:21:58 [INFO] pages.base_page - Loader was not observed during initial check, proceeding without waiting for invisibility.
2025-12-01 20:21:58 [INFO] pages.common.loader - Loader Stopped.
2025-12-01 20:21:58 [INFO] pages.base_page - Element clickable: ('xpath', "//img[@alt='Profile']")
2025-12-01 20:21:58 [INFO] pages.base_page - Clicked element: ('xpath', "//img[@alt='Profile']")
2025-12-01 20:21:58 [INFO] pages.base_page - Element clickable: ('xpath', "//button[@title='Logout']")
2025-12-01 20:22:00 [INFO] pages.base_page - Clicked element: ('xpath', "//button[@title='Logout']")
2025-12-01 20:22:00 [INFO] pages.login.logout - Logout Successfully.
2025-12-01 20:22:00 [INFO] utils.screenshot - Screenshot saved: D:\2025\SELENIUM-PYTHON\PLAY_RADIUS_AUTOMATION\screenshots\Logout_Successfully_20251201_202200.png
2025-12-01 20:22:00 [INFO] pages.base_page - Element visible: ('xpath', "//span[text()='Login']")
2025-12-01 20:22:00 [INFO] test_cases.process.test_create_process - Logout complete. Test finished.
2025-12-01 20:22:06 [INFO] test_cases.process.test_create_process - Starting test_filter_process_by_name
2025-12-01 20:22:06 [INFO] test_cases.process.test_create_process - Opening login page...
2025-12-01 20:22:14 [INFO] pages.base_page - Page fully loaded.
2025-12-01 20:22:14 [INFO] pages.login.login - Opening: https://qaradius.in.qamajor.radius-ois.ai/play/login
2025-12-01 20:22:14 [INFO] test_cases.process.test_create_process - Login page opened.
2025-12-01 20:22:14 [INFO] test_cases.process.test_create_process - Attempting login...
2025-12-01 20:22:14 [INFO] pages.base_page - Element visible: ('id', 'loginForm.username')
2025-12-01 20:22:14 [INFO] pages.base_page - Element visible: ('id', 'password')
2025-12-01 20:22:15 [INFO] pages.base_page - Element visible: ('id', 'loginForm.Login')
2025-12-01 20:22:15 [INFO] pages.login.login - Login submitted for user: playadmin
2025-12-01 20:22:15 [INFO] pages.common.loader - Waiting for loader to disappear...
2025-12-01 20:22:15 [INFO] pages.base_page - Loader appeared.
2025-12-01 20:22:22 [INFO] pages.base_page - Loader disappeared.
2025-12-01 20:22:22 [INFO] pages.common.loader - Loader Stopped.
2025-12-01 20:22:22 [INFO] pages.login.login - Login submitted successfully.
2025-12-01 20:22:23 [INFO] utils.screenshot - Screenshot saved: D:\2025\SELENIUM-PYTHON\PLAY_RADIUS_AUTOMATION\screenshots\Login Submitted successfully_20251201_202222.png
2025-12-01 20:22:23 [INFO] test_cases.process.test_create_process - Login complete.
2025-12-01 20:22:23 [INFO] test_cases.process.test_create_process - Waiting for page to load after login...
2025-12-01 20:22:23 [INFO] pages.common.loader - Waiting for loader to disappear...
2025-12-01 20:22:28 [INFO] pages.base_page - Loader was not observed during initial check, proceeding without waiting for invisibility.
2025-12-01 20:22:28 [INFO] pages.common.loader - Loader Stopped.
2025-12-01 20:22:28 [INFO] test_cases.process.test_create_process - Page loaded.
2025-12-01 20:22:28 [INFO] test_cases.process.test_create_process - Navigating to Process section via Side Menu...
2025-12-01 20:22:28 [INFO] pages.common.loader - Waiting for loader to disappear...
2025-12-01 20:22:33 [INFO] pages.base_page - Loader was not observed during initial check, proceeding without waiting for invisibility.
2025-12-01 20:22:33 [INFO] pages.common.loader - Loader Stopped.
2025-12-01 20:22:33 [INFO] pages.base_page - Element clickable: ('xpath', "//button[@title='Process']")
2025-12-01 20:22:33 [INFO] pages.common.sidemenupage - Process Showing
2025-12-01 20:22:34 [INFO] utils.screenshot - Screenshot saved: D:\2025\SELENIUM-PYTHON\PLAY_RADIUS_AUTOMATION\screenshots\Process Showing_20251201_202233.png
2025-12-01 20:22:34 [INFO] test_cases.process.test_create_process - Navigated to Process section.
2025-12-01 20:22:34 [INFO] pages.common.loader - Waiting for loader to disappear...
2025-12-01 20:22:39 [INFO] pages.base_page - Loader was not observed during initial check, proceeding without waiting for invisibility.
2025-12-01 20:22:39 [INFO] pages.common.loader - Loader Stopped.
2025-12-01 20:22:39 [INFO] pages.base_page - Element clickable: ('xpath', "//button[@id='add-entity']")
2025-12-01 20:22:42 [INFO] pages.base_page - Element visible: ('xpath', "//input[@name='processName']")
2025-12-01 20:22:42 [INFO] automation - Process Name entered: 'Empty Code Process'
2025-12-01 20:22:42 [INFO] automation - Setting channel configuration
2025-12-01 20:22:42 [INFO] pages.base_page - Element clickable: ('xpath', "//*[@id='process-basic-info']/div[2]/div/form/div/div/div[4]/div/div/div[2]/label")
2025-12-01 20:22:43 [INFO] pages.base_page - Element clickable: ('xpath', "//button[@title='Save']")
2025-12-01 20:22:48 [INFO] utils.screenshot - Screenshot saved: D:\2025\SELENIUM-PYTHON\PLAY_RADIUS_AUTOMATION\screenshots\toast_capture_error_20251201_202248.png
2025-12-01 20:22:48 [ERROR] pages.base_page - No toast captured: Message: 
Stacktrace:
Symbols not available. Dumping unresolved backtrace:
	0x824103
	0x824144
	0x62e71d
	0x67a03d
	0x67a41b
	0x6c17f2
	0x69c954
	0x6bee17
	0x69c706
	0x66da30
	0x66ed54
	0xa957b4
	0xa9098a
	0x84c392
	0x83c4c8
	0x84324d
	0x82c478
	0x82c63c
	0x8167ca
	0x769d5d49
	0x779ad6db
	0x779ad661
Traceback (most recent call last):
  File "D:\2025\SELENIUM-PYTHON\PLAY_RADIUS_AUTOMATION\pages\base_page.py", line 237, in capture_toast
    toast = WebDriverWait(self.driver, timeout).until(
        EC.visibility_of_element_located(locator)
    )
  File "D:\2025\SELENIUM-PYTHON\PLAY_RADIUS_AUTOMATION\.venv\Lib\site-packages\selenium\webdriver\support\wait.py", line 138, in until
    raise TimeoutException(message, screen, stacktrace)
selenium.common.exceptions.TimeoutException: Message: 
Stacktrace:
Symbols not available. Dumping unresolved backtrace:
	0x824103
	0x824144
	0x62e71d
	0x67a03d
	0x67a41b
	0x6c17f2
	0x69c954
	0x6bee17
	0x69c706
	0x66da30
	0x66ed54
	0xa957b4
	0xa9098a
	0x84c392
	0x83c4c8
	0x84324d
	0x82c478
	0x82c63c
	0x8167ca
	0x769d5d49
	0x779ad6db
	0x779ad661

2025-12-01 20:22:48 [INFO] automation - Captured Toast: None
2025-12-01 20:22:48 [INFO] pages.common.loader - Waiting for loader to disappear...
2025-12-01 20:22:53 [INFO] pages.base_page - Loader was not observed during initial check, proceeding without waiting for invisibility.
2025-12-01 20:22:53 [INFO] pages.common.loader - Loader Stopped.
2025-12-01 20:22:53 [INFO] utils.screenshot - Screenshot saved: D:\2025\SELENIUM-PYTHON\PLAY_RADIUS_AUTOMATION\screenshots\Process_Created_Play_Automation_Process_984_20251201_202253.png
2025-12-01 20:22:54 [INFO] pages.base_page - Element visible: ('xpath', "//input[@name='processCode']/following-sibling::div[contains(@class, 'invalid-tooltip')]")
2025-12-01 20:22:54 [INFO] test_cases.process.test_create_process - Logging out...
2025-12-01 20:22:54 [INFO] pages.common.loader - Waiting for loader to disappear...
2025-12-01 20:22:59 [INFO] pages.base_page - Loader was not observed during initial check, proceeding without waiting for invisibility.
2025-12-01 20:22:59 [INFO] pages.common.loader - Loader Stopped.
2025-12-01 20:22:59 [INFO] pages.base_page - Element clickable: ('xpath', "//img[@alt='Profile']")
2025-12-01 20:22:59 [INFO] pages.base_page - Clicked element: ('xpath', "//img[@alt='Profile']")
2025-12-01 20:22:59 [INFO] pages.base_page - Element clickable: ('xpath', "//button[@title='Logout']")
2025-12-01 20:23:00 [INFO] pages.base_page - Clicked element: ('xpath', "//button[@title='Logout']")
2025-12-01 20:23:00 [INFO] pages.login.logout - Logout Successfully.
2025-12-01 20:23:02 [INFO] utils.screenshot - Screenshot saved: D:\2025\SELENIUM-PYTHON\PLAY_RADIUS_AUTOMATION\screenshots\Logout_Successfully_20251201_202300.png
2025-12-01 20:23:02 [INFO] pages.base_page - Element visible: ('xpath', "//span[text()='Login']")
2025-12-01 20:23:02 [INFO] test_cases.process.test_create_process - Logout complete. Test finished.
2025-12-01 20:23:08 [INFO] test_cases.process.test_create_process - Starting test_filter_process_by_name
2025-12-01 20:23:08 [INFO] test_cases.process.test_create_process - Opening login page...
2025-12-01 20:23:14 [INFO] pages.base_page - Page fully loaded.
2025-12-01 20:23:14 [INFO] pages.login.login - Opening: https://qaradius.in.qamajor.radius-ois.ai/play/login
2025-12-01 20:23:14 [INFO] test_cases.process.test_create_process - Login page opened.
2025-12-01 20:23:14 [INFO] test_cases.process.test_create_process - Attempting login...
2025-12-01 20:23:14 [INFO] pages.base_page - Element visible: ('id', 'loginForm.username')
2025-12-01 20:23:14 [INFO] pages.base_page - Element visible: ('id', 'password')
2025-12-01 20:23:15 [INFO] pages.base_page - Element visible: ('id', 'loginForm.Login')
2025-12-01 20:23:15 [INFO] pages.login.login - Login submitted for user: playadmin
2025-12-01 20:23:15 [INFO] pages.common.loader - Waiting for loader to disappear...
2025-12-01 20:23:15 [INFO] pages.base_page - Loader appeared.
2025-12-01 20:23:22 [INFO] pages.base_page - Loader disappeared.
2025-12-01 20:23:22 [INFO] pages.common.loader - Loader Stopped.
2025-12-01 20:23:22 [INFO] pages.login.login - Login submitted successfully.
2025-12-01 20:23:23 [INFO] utils.screenshot - Screenshot saved: D:\2025\SELENIUM-PYTHON\PLAY_RADIUS_AUTOMATION\screenshots\Login Submitted successfully_20251201_202322.png
2025-12-01 20:23:23 [INFO] test_cases.process.test_create_process - Login complete.
2025-12-01 20:23:23 [INFO] test_cases.process.test_create_process - Waiting for page to load after login...
2025-12-01 20:23:23 [INFO] pages.common.loader - Waiting for loader to disappear...
2025-12-01 20:23:28 [INFO] pages.base_page - Loader was not observed during initial check, proceeding without waiting for invisibility.
2025-12-01 20:23:28 [INFO] pages.common.loader - Loader Stopped.
2025-12-01 20:23:28 [INFO] test_cases.process.test_create_process - Page loaded.
2025-12-01 20:23:28 [INFO] test_cases.process.test_create_process - Navigating to Process section via Side Menu...
2025-12-01 20:23:28 [INFO] pages.common.loader - Waiting for loader to disappear...
2025-12-01 20:23:33 [INFO] pages.base_page - Loader was not observed during initial check, proceeding without waiting for invisibility.
2025-12-01 20:23:33 [INFO] pages.common.loader - Loader Stopped.
2025-12-01 20:23:33 [INFO] pages.base_page - Element clickable: ('xpath', "//button[@title='Process']")
2025-12-01 20:23:33 [INFO] pages.common.sidemenupage - Process Showing
2025-12-01 20:23:34 [INFO] utils.screenshot - Screenshot saved: D:\2025\SELENIUM-PYTHON\PLAY_RADIUS_AUTOMATION\screenshots\Process Showing_20251201_202333.png
2025-12-01 20:23:34 [INFO] test_cases.process.test_create_process - Navigated to Process section.
2025-12-01 20:23:34 [INFO] pages.common.loader - Waiting for loader to disappear...
2025-12-01 20:23:39 [INFO] pages.base_page - Loader was not observed during initial check, proceeding without waiting for invisibility.
2025-12-01 20:23:39 [INFO] pages.common.loader - Loader Stopped.
2025-12-01 20:23:39 [INFO] pages.base_page - Element clickable: ('xpath', "//button[@id='add-entity']")
2025-12-01 20:23:42 [INFO] pages.base_page - Element visible: ('xpath', "//input[@name='processName']")
2025-12-01 20:23:42 [INFO] automation - Process Name entered: ''
2025-12-01 20:23:42 [INFO] automation - Setting channel configuration
2025-12-01 20:23:42 [INFO] pages.base_page - Element clickable: ('xpath', "//*[@id='process-basic-info']/div[2]/div/form/div/div/div[4]/div/div/div[2]/label")
2025-12-01 20:23:43 [INFO] pages.base_page - Element clickable: ('xpath', "//button[@title='Save']")
2025-12-01 20:23:48 [INFO] utils.screenshot - Screenshot saved: D:\2025\SELENIUM-PYTHON\PLAY_RADIUS_AUTOMATION\screenshots\toast_capture_error_20251201_202348.png
2025-12-01 20:23:48 [ERROR] pages.base_page - No toast captured: Message: 
Stacktrace:
Symbols not available. Dumping unresolved backtrace:
	0x824103
	0x824144
	0x62e71d
	0x67a03d
	0x67a41b
	0x6c17f2
	0x69c954
	0x6bee17
	0x69c706
	0x66da30
	0x66ed54
	0xa957b4
	0xa9098a
	0x84c392
	0x83c4c8
	0x84324d
	0x82c478
	0x82c63c
	0x8167ca
	0x769d5d49
	0x779ad6db
	0x779ad661
Traceback (most recent call last):
  File "D:\2025\SELENIUM-PYTHON\PLAY_RADIUS_AUTOMATION\pages\base_page.py", line 237, in capture_toast
    toast = WebDriverWait(self.driver, timeout).until(
        EC.visibility_of_element_located(locator)
    )
  File "D:\2025\SELENIUM-PYTHON\PLAY_RADIUS_AUTOMATION\.venv\Lib\site-packages\selenium\webdriver\support\wait.py", line 138, in until
    raise TimeoutException(message, screen, stacktrace)
selenium.common.exceptions.TimeoutException: Message: 
Stacktrace:
Symbols not available. Dumping unresolved backtrace:
	0x824103
	0x824144
	0x62e71d
	0x67a03d
	0x67a41b
	0x6c17f2
	0x69c954
	0x6bee17
	0x69c706
	0x66da30
	0x66ed54
	0xa957b4
	0xa9098a
	0x84c392
	0x83c4c8
	0x84324d
	0x82c478
	0x82c63c
	0x8167ca
	0x769d5d49
	0x779ad6db
	0x779ad661

2025-12-01 20:23:48 [INFO] automation - Captured Toast: None
2025-12-01 20:23:48 [INFO] pages.common.loader - Waiting for loader to disappear...
2025-12-01 20:23:53 [INFO] pages.base_page - Loader was not observed during initial check, proceeding without waiting for invisibility.
2025-12-01 20:23:53 [INFO] pages.common.loader - Loader Stopped.
2025-12-01 20:23:54 [INFO] utils.screenshot - Screenshot saved: D:\2025\SELENIUM-PYTHON\PLAY_RADIUS_AUTOMATION\screenshots\Process_Created_Play_Automation_Process_985_20251201_202353.png
2025-12-01 20:23:54 [INFO] pages.base_page - Element visible: ('xpath', "//input[@name='processName']/following-sibling::div[contains(@class, 'invalid-tooltip')]")
2025-12-01 20:23:54 [INFO] test_cases.process.test_create_process - Logging out...
2025-12-01 20:23:54 [INFO] pages.common.loader - Waiting for loader to disappear...
2025-12-01 20:23:59 [INFO] pages.base_page - Loader was not observed during initial check, proceeding without waiting for invisibility.
2025-12-01 20:23:59 [INFO] pages.common.loader - Loader Stopped.
2025-12-01 20:23:59 [INFO] pages.base_page - Element clickable: ('xpath', "//img[@alt='Profile']")
2025-12-01 20:23:59 [INFO] pages.base_page - Clicked element: ('xpath', "//img[@alt='Profile']")
2025-12-01 20:23:59 [INFO] pages.base_page - Element clickable: ('xpath', "//button[@title='Logout']")
2025-12-01 20:24:00 [INFO] pages.base_page - Clicked element: ('xpath', "//button[@title='Logout']")
2025-12-01 20:24:00 [INFO] pages.login.logout - Logout Successfully.
2025-12-01 20:24:01 [INFO] utils.screenshot - Screenshot saved: D:\2025\SELENIUM-PYTHON\PLAY_RADIUS_AUTOMATION\screenshots\Logout_Successfully_20251201_202400.png
2025-12-01 20:24:02 [INFO] pages.base_page - Element visible: ('xpath', "//span[text()='Login']")
2025-12-01 20:24:02 [INFO] test_cases.process.test_create_process - Logout complete. Test finished.
2025-12-01 20:24:08 [INFO] test_cases.process.test_create_process - Starting test_filter_process_by_name
2025-12-01 20:24:08 [INFO] test_cases.process.test_create_process - Opening login page...
2025-12-01 20:24:14 [INFO] pages.base_page - Page fully loaded.
2025-12-01 20:24:14 [INFO] pages.login.login - Opening: https://qaradius.in.qamajor.radius-ois.ai/play/login
2025-12-01 20:24:14 [INFO] test_cases.process.test_create_process - Login page opened.
2025-12-01 20:24:14 [INFO] test_cases.process.test_create_process - Attempting login...
2025-12-01 20:24:14 [INFO] pages.base_page - Element visible: ('id', 'loginForm.username')
2025-12-01 20:24:14 [INFO] pages.base_page - Element visible: ('id', 'password')
2025-12-01 20:24:14 [INFO] pages.base_page - Element visible: ('id', 'loginForm.Login')
2025-12-01 20:24:14 [INFO] pages.login.login - Login submitted for user: playadmin
2025-12-01 20:24:14 [INFO] pages.common.loader - Waiting for loader to disappear...
2025-12-01 20:24:15 [INFO] pages.base_page - Loader appeared.
2025-12-01 20:24:22 [INFO] pages.base_page - Loader disappeared.
2025-12-01 20:24:22 [INFO] pages.common.loader - Loader Stopped.
2025-12-01 20:24:22 [INFO] pages.login.login - Login submitted successfully.
2025-12-01 20:24:22 [INFO] utils.screenshot - Screenshot saved: D:\2025\SELENIUM-PYTHON\PLAY_RADIUS_AUTOMATION\screenshots\Login Submitted successfully_20251201_202422.png
2025-12-01 20:24:22 [INFO] test_cases.process.test_create_process - Login complete.
2025-12-01 20:24:22 [INFO] test_cases.process.test_create_process - Waiting for page to load after login...
2025-12-01 20:24:22 [INFO] pages.common.loader - Waiting for loader to disappear...
2025-12-01 20:24:27 [INFO] pages.base_page - Loader was not observed during initial check, proceeding without waiting for invisibility.
2025-12-01 20:24:27 [INFO] pages.common.loader - Loader Stopped.
2025-12-01 20:24:27 [INFO] test_cases.process.test_create_process - Page loaded.
2025-12-01 20:24:27 [INFO] test_cases.process.test_create_process - Navigating to Process section via Side Menu...
2025-12-01 20:24:27 [INFO] pages.common.loader - Waiting for loader to disappear...
2025-12-01 20:24:32 [INFO] pages.base_page - Loader was not observed during initial check, proceeding without waiting for invisibility.
2025-12-01 20:24:32 [INFO] pages.common.loader - Loader Stopped.
2025-12-01 20:24:32 [INFO] pages.base_page - Element clickable: ('xpath', "//button[@title='Process']")
2025-12-01 20:24:33 [INFO] pages.common.sidemenupage - Process Showing
2025-12-01 20:24:33 [INFO] utils.screenshot - Screenshot saved: D:\2025\SELENIUM-PYTHON\PLAY_RADIUS_AUTOMATION\screenshots\Process Showing_20251201_202433.png
2025-12-01 20:24:33 [INFO] test_cases.process.test_create_process - Navigated to Process section.
2025-12-01 20:24:33 [INFO] pages.common.loader - Waiting for loader to disappear...
2025-12-01 20:24:38 [INFO] pages.base_page - Loader was not observed during initial check, proceeding without waiting for invisibility.
2025-12-01 20:24:38 [INFO] pages.common.loader - Loader Stopped.
2025-12-01 20:24:38 [INFO] pages.base_page - Element clickable: ('xpath', "//button[@id='add-entity']")
2025-12-01 20:24:42 [INFO] pages.base_page - Element visible: ('xpath', "//input[@name='processName']")
2025-12-01 20:24:42 [INFO] automation - Process Name entered: 'No Channel Process'
2025-12-01 20:24:42 [INFO] automation - Setting channel configuration
2025-12-01 20:24:42 [INFO] pages.base_page - Element clickable: ('xpath', "//button[@title='Save']")
2025-12-01 20:24:42 [INFO] pages.base_page - Toast appeared: Process name already exists
2025-12-01 20:24:45 [INFO] automation - Captured Toast: Process name already exists
2025-12-01 20:24:45 [INFO] pages.common.loader - Waiting for loader to disappear...
2025-12-01 20:24:50 [INFO] pages.base_page - Loader was not observed during initial check, proceeding without waiting for invisibility.
2025-12-01 20:24:50 [INFO] pages.common.loader - Loader Stopped.
2025-12-01 20:24:51 [INFO] utils.screenshot - Screenshot saved: D:\2025\SELENIUM-PYTHON\PLAY_RADIUS_AUTOMATION\screenshots\Process_Created_Play_Automation_Process_986_20251201_202450.png
2025-12-01 20:24:51 [INFO] utils.screenshot - Screenshot saved: D:\2025\SELENIUM-PYTHON\PLAY_RADIUS_AUTOMATION\screenshots\failed_test_no_channel_selected_20251201_202451.png
2025-12-01 20:24:57 [INFO] test_cases.process.test_create_process - Starting test_filter_process_by_name
2025-12-01 20:24:57 [INFO] test_cases.process.test_create_process - Opening login page...
2025-12-01 20:25:03 [INFO] pages.base_page - Page fully loaded.
2025-12-01 20:25:03 [INFO] pages.login.login - Opening: https://qaradius.in.qamajor.radius-ois.ai/play/login
2025-12-01 20:25:03 [INFO] test_cases.process.test_create_process - Login page opened.
2025-12-01 20:25:03 [INFO] test_cases.process.test_create_process - Attempting login...
2025-12-01 20:25:03 [INFO] pages.base_page - Element visible: ('id', 'loginForm.username')
2025-12-01 20:25:03 [INFO] pages.base_page - Element visible: ('id', 'password')
2025-12-01 20:25:03 [INFO] pages.base_page - Element visible: ('id', 'loginForm.Login')
2025-12-01 20:25:03 [INFO] pages.login.login - Login submitted for user: playadmin
2025-12-01 20:25:03 [INFO] pages.common.loader - Waiting for loader to disappear...
2025-12-01 20:25:04 [INFO] pages.base_page - Loader appeared.
2025-12-01 20:25:11 [INFO] pages.base_page - Loader disappeared.
2025-12-01 20:25:11 [INFO] pages.common.loader - Loader Stopped.
2025-12-01 20:25:11 [INFO] pages.login.login - Login submitted successfully.
2025-12-01 20:25:11 [INFO] utils.screenshot - Screenshot saved: D:\2025\SELENIUM-PYTHON\PLAY_RADIUS_AUTOMATION\screenshots\Login Submitted successfully_20251201_202511.png
2025-12-01 20:25:11 [INFO] test_cases.process.test_create_process - Login complete.
2025-12-01 20:25:11 [INFO] test_cases.process.test_create_process - Waiting for page to load after login...
2025-12-01 20:25:11 [INFO] pages.common.loader - Waiting for loader to disappear...
2025-12-01 20:25:16 [INFO] pages.base_page - Loader was not observed during initial check, proceeding without waiting for invisibility.
2025-12-01 20:25:16 [INFO] pages.common.loader - Loader Stopped.
2025-12-01 20:25:16 [INFO] test_cases.process.test_create_process - Page loaded.
2025-12-01 20:25:16 [INFO] test_cases.process.test_create_process - Navigating to Process section via Side Menu...
2025-12-01 20:25:16 [INFO] pages.common.loader - Waiting for loader to disappear...
2025-12-01 20:25:21 [INFO] pages.base_page - Loader was not observed during initial check, proceeding without waiting for invisibility.
2025-12-01 20:25:21 [INFO] pages.common.loader - Loader Stopped.
2025-12-01 20:25:21 [INFO] pages.base_page - Element clickable: ('xpath', "//button[@title='Process']")
2025-12-01 20:25:22 [INFO] pages.common.sidemenupage - Process Showing
2025-12-01 20:25:22 [INFO] utils.screenshot - Screenshot saved: D:\2025\SELENIUM-PYTHON\PLAY_RADIUS_AUTOMATION\screenshots\Process Showing_20251201_202522.png
2025-12-01 20:25:22 [INFO] test_cases.process.test_create_process - Navigated to Process section.
2025-12-01 20:25:22 [INFO] pages.common.loader - Waiting for loader to disappear...
2025-12-01 20:25:27 [INFO] pages.base_page - Loader was not observed during initial check, proceeding without waiting for invisibility.
2025-12-01 20:25:27 [INFO] pages.common.loader - Loader Stopped.
2025-12-01 20:25:27 [INFO] pages.base_page - Element clickable: ('xpath', "//button[@id='add-entity']")
2025-12-01 20:25:31 [INFO] pages.base_page - Element visible: ('xpath', "//input[@name='processName']")
2025-12-01 20:25:31 [INFO] automation - Process Name entered: ''
2025-12-01 20:25:31 [INFO] automation - Setting channel configuration
2025-12-01 20:25:31 [INFO] pages.base_page - Element clickable: ('xpath', "//*[@id='process-basic-info']/div[2]/div/form/div/div/div[4]/div/div/div[2]/label")
2025-12-01 20:25:31 [INFO] pages.base_page - Element clickable: ('xpath', "//button[@title='Save']")
2025-12-01 20:25:37 [INFO] utils.screenshot - Screenshot saved: D:\2025\SELENIUM-PYTHON\PLAY_RADIUS_AUTOMATION\screenshots\toast_capture_error_20251201_202537.png
2025-12-01 20:25:37 [ERROR] pages.base_page - No toast captured: Message: 
Stacktrace:
Symbols not available. Dumping unresolved backtrace:
	0x824103
	0x824144
	0x62e71d
	0x67a03d
	0x67a41b
	0x6c17f2
	0x69c954
	0x6bee17
	0x69c706
	0x66da30
	0x66ed54
	0xa957b4
	0xa9098a
	0x84c392
	0x83c4c8
	0x84324d
	0x82c478
	0x82c63c
	0x8167ca
	0x769d5d49
	0x779ad6db
	0x779ad661
Traceback (most recent call last):
  File "D:\2025\SELENIUM-PYTHON\PLAY_RADIUS_AUTOMATION\pages\base_page.py", line 237, in capture_toast
    toast = WebDriverWait(self.driver, timeout).until(
        EC.visibility_of_element_located(locator)
    )
  File "D:\2025\SELENIUM-PYTHON\PLAY_RADIUS_AUTOMATION\.venv\Lib\site-packages\selenium\webdriver\support\wait.py", line 138, in until
    raise TimeoutException(message, screen, stacktrace)
selenium.common.exceptions.TimeoutException: Message: 
Stacktrace:
Symbols not available. Dumping unresolved backtrace:
	0x824103
	0x824144
	0x62e71d
	0x67a03d
	0x67a41b
	0x6c17f2
	0x69c954
	0x6bee17
	0x69c706
	0x66da30
	0x66ed54
	0xa957b4
	0xa9098a
	0x84c392
	0x83c4c8
	0x84324d
	0x82c478
	0x82c63c
	0x8167ca
	0x769d5d49
	0x779ad6db
	0x779ad661

2025-12-01 20:25:37 [INFO] automation - Captured Toast: None
2025-12-01 20:25:37 [INFO] pages.common.loader - Waiting for loader to disappear...
2025-12-01 20:25:42 [INFO] pages.base_page - Loader was not observed during initial check, proceeding without waiting for invisibility.
2025-12-01 20:25:42 [INFO] pages.common.loader - Loader Stopped.
2025-12-01 20:25:42 [INFO] utils.screenshot - Screenshot saved: D:\2025\SELENIUM-PYTHON\PLAY_RADIUS_AUTOMATION\screenshots\Process_Created_Play_Automation_Process_987_20251201_202542.png
2025-12-01 20:25:42 [INFO] pages.base_page - Element visible: ('xpath', "//input[@name='processCode']/following-sibling::div[contains(@class, 'invalid-tooltip')]")
2025-12-01 20:25:42 [INFO] test_cases.process.test_create_process - Logging out...
2025-12-01 20:25:42 [INFO] pages.common.loader - Waiting for loader to disappear...
2025-12-01 20:25:47 [INFO] pages.base_page - Loader was not observed during initial check, proceeding without waiting for invisibility.
2025-12-01 20:25:47 [INFO] pages.common.loader - Loader Stopped.
2025-12-01 20:25:47 [INFO] pages.base_page - Element clickable: ('xpath', "//img[@alt='Profile']")
2025-12-01 20:25:47 [INFO] pages.base_page - Clicked element: ('xpath', "//img[@alt='Profile']")
2025-12-01 20:25:47 [INFO] pages.base_page - Element clickable: ('xpath', "//button[@title='Logout']")
2025-12-01 20:25:48 [INFO] pages.base_page - Clicked element: ('xpath', "//button[@title='Logout']")
2025-12-01 20:25:48 [INFO] pages.login.logout - Logout Successfully.
2025-12-01 20:25:50 [INFO] utils.screenshot - Screenshot saved: D:\2025\SELENIUM-PYTHON\PLAY_RADIUS_AUTOMATION\screenshots\Logout_Successfully_20251201_202548.png
2025-12-01 20:25:50 [INFO] pages.base_page - Element visible: ('xpath', "//span[text()='Login']")
2025-12-01 20:25:50 [INFO] test_cases.process.test_create_process - Logout complete. Test finished.
2025-12-01 20:36:02 [INFO] test_cases.process.test_create_process - Starting test_filter_process_by_name
2025-12-01 20:36:02 [INFO] test_cases.process.test_create_process - Opening login page...
2025-12-01 20:36:02 [INFO] test_cases.process.test_create_process - Starting test_filter_process_by_name
2025-12-01 20:36:03 [INFO] test_cases.process.test_create_process - Opening login page...
2025-12-01 20:36:03 [INFO] test_cases.process.test_create_process - Starting test_filter_process_by_name
2025-12-01 20:36:03 [INFO] test_cases.process.test_create_process - Opening login page...
2025-12-01 20:36:11 [INFO] pages.base_page - Page fully loaded.
2025-12-01 20:36:11 [INFO] pages.login.login - Opening: https://qaradius.in.qamajor.radius-ois.ai/play/login
2025-12-01 20:36:11 [INFO] test_cases.process.test_create_process - Login page opened.
2025-12-01 20:36:11 [INFO] test_cases.process.test_create_process - Attempting login...
2025-12-01 20:36:11 [INFO] pages.base_page - Element visible: ('id', 'loginForm.username')
2025-12-01 20:36:11 [INFO] pages.base_page - Element visible: ('id', 'password')
2025-12-01 20:36:11 [INFO] pages.base_page - Element visible: ('id', 'loginForm.Login')
2025-12-01 20:36:12 [INFO] pages.login.login - Login submitted for user: playadmin
2025-12-01 20:36:12 [INFO] pages.common.loader - Waiting for loader to disappear...
2025-12-01 20:36:12 [INFO] pages.base_page - Loader appeared.
2025-12-01 20:36:15 [INFO] pages.base_page - Page fully loaded.
2025-12-01 20:36:15 [INFO] pages.login.login - Opening: https://qaradius.in.qamajor.radius-ois.ai/play/login
2025-12-01 20:36:15 [INFO] test_cases.process.test_create_process - Login page opened.
2025-12-01 20:36:15 [INFO] test_cases.process.test_create_process - Attempting login...
2025-12-01 20:36:15 [INFO] pages.base_page - Element visible: ('id', 'loginForm.username')
2025-12-01 20:36:16 [INFO] pages.base_page - Element visible: ('id', 'password')
2025-12-01 20:36:16 [INFO] pages.base_page - Page fully loaded.
2025-12-01 20:36:16 [INFO] pages.login.login - Opening: https://qaradius.in.qamajor.radius-ois.ai/play/login
2025-12-01 20:36:16 [INFO] test_cases.process.test_create_process - Login page opened.
2025-12-01 20:36:16 [INFO] test_cases.process.test_create_process - Attempting login...
2025-12-01 20:36:17 [INFO] pages.base_page - Page fully loaded.
2025-12-01 20:36:17 [INFO] pages.login.login - Opening: https://qaradius.in.qamajor.radius-ois.ai/play/login
2025-12-01 20:36:17 [INFO] pages.base_page - Element visible: ('id', 'loginForm.username')
2025-12-01 20:36:17 [INFO] pages.base_page - Element visible: ('id', 'loginForm.username')
2025-12-01 20:36:17 [INFO] pages.base_page - Element visible: ('id', 'loginForm.Login')
2025-12-01 20:36:17 [INFO] pages.base_page - Element visible: ('id', 'password')
2025-12-01 20:36:18 [INFO] pages.base_page - Element visible: ('id', 'password')
2025-12-01 20:36:18 [INFO] pages.login.login - Login submitted for user: playadmin
2025-12-01 20:36:18 [INFO] pages.common.loader - Waiting for loader to disappear...
2025-12-01 20:36:18 [INFO] pages.base_page - Loader appeared.
2025-12-01 20:36:18 [INFO] pages.base_page - Element visible: ('id', 'loginForm.Login')
2025-12-01 20:36:18 [INFO] pages.base_page - Element visible: ('id', 'loginForm.Login')
2025-12-01 20:36:19 [INFO] pages.login.login - Login submitted for user: playadmin
2025-12-01 20:36:19 [INFO] pages.common.loader - Waiting for loader to disappear...
2025-12-01 20:36:19 [INFO] pages.base_page - Loader appeared.
2025-12-01 20:36:19 [INFO] pages.login.login - Login submitted for user: playadmin
2025-12-01 20:36:19 [INFO] pages.common.loader - Waiting for loader to disappear...
2025-12-01 20:36:19 [INFO] pages.base_page - Loader appeared.
2025-12-01 20:36:20 [INFO] pages.base_page - Loader disappeared.
2025-12-01 20:36:20 [INFO] pages.common.loader - Loader Stopped.
2025-12-01 20:36:20 [INFO] pages.login.login - Login submitted successfully.
2025-12-01 20:36:20 [INFO] utils.screenshot - Screenshot saved: D:\2025\SELENIUM-PYTHON\PLAY_RADIUS_AUTOMATION\screenshots\Login Submitted successfully_20251201_203620.png
2025-12-01 20:36:20 [INFO] test_cases.process.test_create_process - Login complete.
2025-12-01 20:36:20 [INFO] test_cases.process.test_create_process - Waiting for page to load after login...
2025-12-01 20:36:20 [INFO] pages.common.loader - Waiting for loader to disappear...
2025-12-01 20:36:20 [INFO] pages.base_page - Loader appeared.
2025-12-01 20:36:20 [INFO] pages.base_page - Loader disappeared.
2025-12-01 20:36:20 [INFO] pages.common.loader - Loader Stopped.
2025-12-01 20:36:20 [INFO] pages.login.login - Login submitted successfully.
2025-12-01 20:36:20 [INFO] utils.screenshot - Screenshot saved: D:\2025\SELENIUM-PYTHON\PLAY_RADIUS_AUTOMATION\screenshots\Login Submitted successfully_20251201_203620.png
2025-12-01 20:36:20 [INFO] test_cases.process.test_create_process - Login complete.
2025-12-01 20:36:20 [INFO] test_cases.process.test_create_process - Waiting for page to load after login...
2025-12-01 20:36:20 [INFO] pages.common.loader - Waiting for loader to disappear...
2025-12-01 20:36:25 [INFO] pages.base_page - Loader was not observed during initial check, proceeding without waiting for invisibility.
2025-12-01 20:36:25 [INFO] pages.common.loader - Loader Stopped.
2025-12-01 20:36:25 [INFO] test_cases.process.test_create_process - Page loaded.
2025-12-01 20:36:25 [INFO] test_cases.process.test_create_process - Navigating to Process section via Side Menu...
2025-12-01 20:36:25 [INFO] pages.common.loader - Waiting for loader to disappear...
2025-12-01 20:36:26 [INFO] pages.base_page - Loader disappeared.
2025-12-01 20:36:26 [INFO] pages.common.loader - Loader Stopped.
2025-12-01 20:36:26 [INFO] pages.login.login - Login submitted successfully.
2025-12-01 20:36:26 [INFO] utils.screenshot - Screenshot saved: D:\2025\SELENIUM-PYTHON\PLAY_RADIUS_AUTOMATION\screenshots\Login Submitted successfully_20251201_203626.png
2025-12-01 20:36:26 [INFO] test_cases.process.test_create_process - Login complete.
2025-12-01 20:36:26 [INFO] test_cases.process.test_create_process - Waiting for page to load after login...
2025-12-01 20:36:26 [INFO] pages.common.loader - Waiting for loader to disappear...
2025-12-01 20:36:27 [INFO] pages.base_page - Loader disappeared.
2025-12-01 20:36:27 [INFO] pages.common.loader - Loader Stopped.
2025-12-01 20:36:27 [INFO] pages.login.login - Login submitted successfully.
2025-12-01 20:36:27 [INFO] pages.base_page - Loader disappeared.
2025-12-01 20:36:27 [INFO] pages.common.loader - Loader Stopped.
2025-12-01 20:36:27 [INFO] test_cases.process.test_create_process - Page loaded.
2025-12-01 20:36:27 [INFO] test_cases.process.test_create_process - Navigating to Process section via Side Menu...
2025-12-01 20:36:27 [INFO] pages.common.loader - Waiting for loader to disappear...
2025-12-01 20:36:28 [INFO] utils.screenshot - Screenshot saved: D:\2025\SELENIUM-PYTHON\PLAY_RADIUS_AUTOMATION\screenshots\Login Submitted successfully_20251201_203627.png
2025-12-01 20:36:28 [INFO] pages.common.loader - Waiting for loader to disappear...
2025-12-01 20:36:30 [INFO] pages.base_page - Loader was not observed during initial check, proceeding without waiting for invisibility.
2025-12-01 20:36:30 [INFO] pages.common.loader - Loader Stopped.
2025-12-01 20:36:31 [INFO] pages.base_page - Element clickable: ('xpath', "//button[@title='Process']")
2025-12-01 20:36:31 [INFO] pages.base_page - Loader was not observed during initial check, proceeding without waiting for invisibility.
2025-12-01 20:36:31 [INFO] pages.common.loader - Loader Stopped.
2025-12-01 20:36:31 [INFO] test_cases.process.test_create_process - Page loaded.
2025-12-01 20:36:31 [INFO] test_cases.process.test_create_process - Navigating to Process section via Side Menu...
2025-12-01 20:36:31 [INFO] pages.common.loader - Waiting for loader to disappear...
2025-12-01 20:36:32 [INFO] pages.common.sidemenupage - Process Showing
2025-12-01 20:36:33 [INFO] pages.base_page - Loader was not observed during initial check, proceeding without waiting for invisibility.
2025-12-01 20:36:33 [INFO] pages.common.loader - Loader Stopped.
2025-12-01 20:36:33 [INFO] pages.base_page - Loader was not observed during initial check, proceeding without waiting for invisibility.
2025-12-01 20:36:33 [INFO] pages.common.loader - Loader Stopped.
2025-12-01 20:36:33 [INFO] pages.common.loader - Waiting for loader to disappear...
2025-12-01 20:36:33 [INFO] pages.base_page - Element clickable: ('xpath', "//button[@title='Process']")
2025-12-01 20:36:33 [INFO] utils.screenshot - Screenshot saved: D:\2025\SELENIUM-PYTHON\PLAY_RADIUS_AUTOMATION\screenshots\Process Showing_20251201_203632.png
2025-12-01 20:36:33 [INFO] test_cases.process.test_create_process - Navigated to Process section.
2025-12-01 20:36:33 [INFO] pages.common.loader - Waiting for loader to disappear...
2025-12-01 20:36:34 [INFO] pages.common.sidemenupage - Process Showing
2025-12-01 20:36:34 [INFO] utils.screenshot - Screenshot saved: D:\2025\SELENIUM-PYTHON\PLAY_RADIUS_AUTOMATION\screenshots\Process Showing_20251201_203634.png
2025-12-01 20:36:34 [INFO] test_cases.process.test_create_process - Navigated to Process section.
2025-12-01 20:36:34 [INFO] pages.common.loader - Waiting for loader to disappear...
2025-12-01 20:36:36 [INFO] pages.base_page - Loader was not observed during initial check, proceeding without waiting for invisibility.
2025-12-01 20:36:36 [INFO] pages.common.loader - Loader Stopped.
2025-12-01 20:36:36 [INFO] pages.base_page - Element clickable: ('xpath', "//button[@title='Process']")
2025-12-01 20:36:37 [INFO] pages.common.sidemenupage - Process Showing
2025-12-01 20:36:37 [INFO] utils.screenshot - Screenshot saved: D:\2025\SELENIUM-PYTHON\PLAY_RADIUS_AUTOMATION\screenshots\Process Showing_20251201_203637.png
2025-12-01 20:36:37 [INFO] test_cases.process.test_create_process - Navigated to Process section.
2025-12-01 20:36:37 [INFO] pages.common.loader - Waiting for loader to disappear...
2025-12-01 20:36:38 [INFO] pages.base_page - Loader was not observed during initial check, proceeding without waiting for invisibility.
2025-12-01 20:36:38 [INFO] pages.common.loader - Loader Stopped.
2025-12-01 20:36:38 [INFO] pages.base_page - Element clickable: ('xpath', "//button[@title='Process']")
2025-12-01 20:36:38 [INFO] pages.base_page - Loader was not observed during initial check, proceeding without waiting for invisibility.
2025-12-01 20:36:38 [INFO] pages.common.loader - Loader Stopped.
2025-12-01 20:36:38 [INFO] pages.base_page - Element clickable: ('xpath', "//button[@id='add-entity']")
2025-12-01 20:36:39 [INFO] pages.common.sidemenupage - Process Showing
2025-12-01 20:36:39 [INFO] pages.base_page - Loader was not observed during initial check, proceeding without waiting for invisibility.
2025-12-01 20:36:39 [INFO] pages.common.loader - Loader Stopped.
2025-12-01 20:36:39 [INFO] pages.base_page - Element clickable: ('xpath', "//button[@id='add-entity']")
2025-12-01 20:36:40 [INFO] utils.screenshot - Screenshot saved: D:\2025\SELENIUM-PYTHON\PLAY_RADIUS_AUTOMATION\screenshots\Process Showing_20251201_203639.png
2025-12-01 20:36:40 [INFO] pages.base_page - Element clickable: ('xpath', "//button[@id='add-entity']")
2025-12-01 20:36:41 [INFO] pages.base_page - Element visible: ('xpath', "//input[@name='processName']")
2025-12-01 20:36:42 [INFO] automation - Process Name entered: 'Multi Channel Process'
2025-12-01 20:36:42 [INFO] automation - Setting channel configuration
2025-12-01 20:36:42 [INFO] pages.base_page - Element clickable: ('xpath', "//*[@id='process-basic-info']/div[2]/div/form/div/div/div[4]/div/div/div[1]/label")
2025-12-01 20:36:42 [INFO] pages.base_page - Loader was not observed during initial check, proceeding without waiting for invisibility.
2025-12-01 20:36:42 [INFO] pages.common.loader - Loader Stopped.
2025-12-01 20:36:42 [INFO] pages.base_page - Element clickable: ('xpath', "//button[@id='add-entity']")
2025-12-01 20:36:43 [INFO] pages.base_page - Element clickable: ('xpath', "//*[@id='process-basic-info']/div[2]/div/form/div/div/div[4]/div/div/div[2]/label")
2025-12-01 20:36:43 [INFO] pages.base_page - Element visible: ('xpath', "//input[@name='processName']")
2025-12-01 20:36:43 [INFO] pages.base_page - Element clickable: ('xpath', "//button[@title='Reset']")
2025-12-01 20:36:43 [INFO] automation - Process Name entered: 'MyProcess_'
2025-12-01 20:36:43 [INFO] automation - Setting channel configuration
2025-12-01 20:36:43 [INFO] automation - Clicked Reset button
2025-12-01 20:36:43 [INFO] pages.base_page - Element clickable: ('xpath', "//*[@id='process-basic-info']/div[2]/div/form/div/div/div[4]/div/div/div[3]/label")
2025-12-01 20:36:43 [INFO] pages.base_page - Element clickable: ('xpath', "//button[@title='Save']")
2025-12-01 20:36:43 [INFO] pages.base_page - Element clickable: ('xpath', "//*[@id='process-basic-info']/div[2]/div/form/div/div/div[4]/div/div/div[3]/label")
2025-12-01 20:36:44 [INFO] pages.base_page - Element clickable: ('xpath', "//button[@title='Save']")
2025-12-01 20:36:44 [INFO] pages.base_page - Element clickable: ('xpath', "//button[@title='Save']")
2025-12-01 20:36:45 [INFO] pages.base_page - Toast appeared: Process name already exists
2025-12-01 20:36:45 [INFO] pages.base_page - Toast appeared: Process name already exists
2025-12-01 20:36:46 [INFO] pages.base_page - Element visible: ('xpath', "//input[@name='processName']")
2025-12-01 20:36:46 [INFO] automation - Process Name entered: 'AUTO_DEFAULT_NAME'
2025-12-01 20:36:47 [INFO] automation - Setting channel configuration
2025-12-01 20:36:47 [INFO] pages.base_page - Element clickable: ('xpath', "//*[@id='process-basic-info']/div[2]/div/form/div/div/div[4]/div/div/div[2]/label")
2025-12-01 20:36:47 [INFO] automation - Captured Toast: Process name already exists
2025-12-01 20:36:47 [INFO] pages.common.loader - Waiting for loader to disappear...
2025-12-01 20:36:48 [INFO] automation - Captured Toast: Process name already exists
2025-12-01 20:36:48 [INFO] pages.common.loader - Waiting for loader to disappear...
2025-12-01 20:36:48 [INFO] pages.base_page - Element clickable: ('xpath', "//button[@title='Save']")
2025-12-01 20:36:48 [INFO] utils.screenshot - Screenshot saved: D:\2025\SELENIUM-PYTHON\PLAY_RADIUS_AUTOMATION\screenshots\toast_capture_error_20251201_203648.png
2025-12-01 20:36:48 [ERROR] pages.base_page - No toast captured: Message: 
Stacktrace:
Symbols not available. Dumping unresolved backtrace:
	0xb84103
	0xb84144
	0x98e71d
	0x9da03d
	0x9da41b
	0xa217f2
	0x9fc954
	0xa1ee17
	0x9fc706
	0x9cda30
	0x9ced54
	0xdf57b4
	0xdf098a
	0xbac392
	0xb9c4c8
	0xba324d
	0xb8c478
	0xb8c63c
	0xb767ca
	0x769d5d49
	0x779ad6db
	0x779ad661
Traceback (most recent call last):
  File "D:\2025\SELENIUM-PYTHON\PLAY_RADIUS_AUTOMATION\pages\base_page.py", line 237, in capture_toast
    toast = WebDriverWait(self.driver, timeout).until(
        EC.visibility_of_element_located(locator)
    )
  File "D:\2025\SELENIUM-PYTHON\PLAY_RADIUS_AUTOMATION\.venv\Lib\site-packages\selenium\webdriver\support\wait.py", line 138, in until
    raise TimeoutException(message, screen, stacktrace)
selenium.common.exceptions.TimeoutException: Message: 
Stacktrace:
Symbols not available. Dumping unresolved backtrace:
	0xb84103
	0xb84144
	0x98e71d
	0x9da03d
	0x9da41b
	0xa217f2
	0x9fc954
	0xa1ee17
	0x9fc706
	0x9cda30
	0x9ced54
	0xdf57b4
	0xdf098a
	0xbac392
	0xb9c4c8
	0xba324d
	0xb8c478
	0xb8c63c
	0xb767ca
	0x769d5d49
	0x779ad6db
	0x779ad661

2025-12-01 20:36:48 [INFO] automation - Captured Toast: None
2025-12-01 20:36:48 [INFO] pages.base_page - Element visible: ('xpath', "//input[@name='processCode']/following-sibling::div[contains(@class, 'invalid-tooltip')]")
2025-12-01 20:36:48 [INFO] pages.common.loader - Waiting for loader to disappear...
2025-12-01 20:36:49 [INFO] pages.base_page - Toast appeared: Process name already exists
2025-12-01 20:36:51 [INFO] automation - Captured Toast: Process name already exists
2025-12-01 20:36:51 [INFO] pages.common.loader - Waiting for loader to disappear...
2025-12-01 20:36:52 [INFO] pages.base_page - Loader was not observed during initial check, proceeding without waiting for invisibility.
2025-12-01 20:36:52 [INFO] pages.common.loader - Loader Stopped.
2025-12-01 20:36:52 [INFO] utils.screenshot - Screenshot saved: D:\2025\SELENIUM-PYTHON\PLAY_RADIUS_AUTOMATION\screenshots\Process_Created_Play_Automation_Process_990_20251201_203652.png
2025-12-01 20:36:52 [INFO] pages.common.loader - Waiting for loader to disappear...
2025-12-01 20:36:53 [INFO] pages.base_page - Loader was not observed during initial check, proceeding without waiting for invisibility.
2025-12-01 20:36:53 [INFO] pages.common.loader - Loader Stopped.
2025-12-01 20:36:53 [INFO] utils.screenshot - Screenshot saved: D:\2025\SELENIUM-PYTHON\PLAY_RADIUS_AUTOMATION\screenshots\Process_Created_Play_Automation_Process_988_20251201_203653.png
2025-12-01 20:36:53 [INFO] utils.screenshot - Screenshot saved: D:\2025\SELENIUM-PYTHON\PLAY_RADIUS_AUTOMATION\screenshots\failed_test_create_process_with_multiple_channels_20251201_203653.png
2025-12-01 20:36:53 [INFO] pages.base_page - Loader was not observed during initial check, proceeding without waiting for invisibility.
2025-12-01 20:36:53 [INFO] pages.common.loader - Loader Stopped.
2025-12-01 20:36:53 [INFO] pages.base_page - Element clickable: ('xpath', "//img[@alt='Profile']")
2025-12-01 20:36:54 [INFO] pages.base_page - Clicked element: ('xpath', "//img[@alt='Profile']")
2025-12-01 20:36:54 [INFO] pages.base_page - Element clickable: ('xpath', "//button[@title='Logout']")
2025-12-01 20:36:54 [INFO] pages.base_page - Clicked element: ('xpath', "//button[@title='Logout']")
2025-12-01 20:36:54 [INFO] pages.login.logout - Logout Successfully.
2025-12-01 20:36:56 [INFO] utils.screenshot - Screenshot saved: D:\2025\SELENIUM-PYTHON\PLAY_RADIUS_AUTOMATION\screenshots\Logout_Successfully_20251201_203654.png
2025-12-01 20:36:56 [INFO] pages.base_page - Element visible: ('xpath', "//span[text()='Login']")
2025-12-01 20:36:56 [INFO] pages.base_page - Loader was not observed during initial check, proceeding without waiting for invisibility.
2025-12-01 20:36:56 [INFO] pages.common.loader - Loader Stopped.
2025-12-01 20:36:57 [INFO] utils.screenshot - Screenshot saved: D:\2025\SELENIUM-PYTHON\PLAY_RADIUS_AUTOMATION\screenshots\Process_Created_Play_Automation_Process_989_20251201_203656.png
2025-12-01 20:36:57 [INFO] utils.screenshot - Screenshot saved: D:\2025\SELENIUM-PYTHON\PLAY_RADIUS_AUTOMATION\screenshots\failed_test_create_process_with_default_json_data_20251201_203657.png
2025-12-01 20:36:57 [INFO] pages.base_page - Loader was not observed during initial check, proceeding without waiting for invisibility.
2025-12-01 20:36:57 [INFO] pages.common.loader - Loader Stopped.
2025-12-01 20:37:00 [INFO] test_cases.process.test_create_process - Starting test_filter_process_by_name
2025-12-01 20:37:00 [INFO] test_cases.process.test_create_process - Opening login page...
2025-12-01 20:37:05 [INFO] test_cases.process.test_create_process - Starting test_filter_process_by_name
2025-12-01 20:37:05 [INFO] test_cases.process.test_create_process - Opening login page...
2025-12-01 20:37:06 [INFO] test_cases.process.test_create_process - Starting test_filter_process_by_name
2025-12-01 20:37:06 [INFO] test_cases.process.test_create_process - Opening login page...
2025-12-01 20:37:06 [INFO] pages.base_page - Page fully loaded.
2025-12-01 20:37:06 [INFO] pages.login.login - Opening: https://qaradius.in.qamajor.radius-ois.ai/play/login
2025-12-01 20:37:06 [INFO] test_cases.process.test_create_process - Login page opened.
2025-12-01 20:37:06 [INFO] test_cases.process.test_create_process - Attempting login...
2025-12-01 20:37:06 [INFO] pages.base_page - Element visible: ('id', 'loginForm.username')
2025-12-01 20:37:07 [INFO] pages.base_page - Element visible: ('id', 'password')
2025-12-01 20:37:07 [INFO] pages.base_page - Element visible: ('id', 'loginForm.Login')
2025-12-01 20:37:07 [INFO] pages.login.login - Login submitted for user: playadmin
2025-12-01 20:37:07 [INFO] pages.common.loader - Waiting for loader to disappear...
2025-12-01 20:37:08 [INFO] pages.base_page - Loader appeared.
2025-12-01 20:37:08 [INFO] utils.screenshot - Screenshot saved: D:\2025\SELENIUM-PYTHON\PLAY_RADIUS_AUTOMATION\screenshots\wait_until_clickable_error___button[@id='add-entity']_20251201_203708.png
2025-12-01 20:37:08 [ERROR] pages.base_page - wait_until_clickable failed for ('xpath', "//button[@id='add-entity']"): Message: 
Stacktrace:
Symbols not available. Dumping unresolved backtrace:
	0xa64103
	0xa64144
	0x86e71d
	0x8ba03d
	0x8ba41b
	0x9017f2
	0x8dc954
	0x8fee17
	0x8dc706
	0x8ada30
	0x8aed54
	0xcd57b4
	0xcd098a
	0xa8c392
	0xa7c4c8
	0xa8324d
	0xa6c478
	0xa6c63c
	0xa567ca
	0x769d5d49
	0x779ad6db
	0x779ad661
Traceback (most recent call last):
  File "D:\2025\SELENIUM-PYTHON\PLAY_RADIUS_AUTOMATION\pages\base_page.py", line 172, in _wait_for_condition
    element = wait_obj.until(condition) # Use the passed wait_obj
  File "D:\2025\SELENIUM-PYTHON\PLAY_RADIUS_AUTOMATION\.venv\Lib\site-packages\selenium\webdriver\support\wait.py", line 138, in until
    raise TimeoutException(message, screen, stacktrace)
selenium.common.exceptions.TimeoutException: Message: 
Stacktrace:
Symbols not available. Dumping unresolved backtrace:
	0xa64103
	0xa64144
	0x86e71d
	0x8ba03d
	0x8ba41b
	0x9017f2
	0x8dc954
	0x8fee17
	0x8dc706
	0x8ada30
	0x8aed54
	0xcd57b4
	0xcd098a
	0xa8c392
	0xa7c4c8
	0xa8324d
	0xa6c478
	0xa6c63c
	0xa567ca
	0x769d5d49
	0x779ad6db
	0x779ad661

2025-12-01 20:37:09 [INFO] pages.base_page - Element visible: ('xpath', "//input[@name='processName']")
2025-12-01 20:37:09 [INFO] automation - Process Name entered: 'Play_Automation_Process_990'
2025-12-01 20:37:09 [INFO] automation - Setting channel configuration
2025-12-01 20:37:09 [INFO] pages.base_page - Element clickable: ('xpath', "//*[@id='process-basic-info']/div[2]/div/form/div/div/div[4]/div/div/div[3]/label")
2025-12-01 20:37:10 [INFO] pages.base_page - Element clickable: ('xpath', "//button[@title='Save']")
2025-12-01 20:37:11 [INFO] pages.base_page - Toast appeared: Process saved successfully
2025-12-01 20:37:13 [INFO] pages.base_page - Page fully loaded.
2025-12-01 20:37:13 [INFO] pages.login.login - Opening: https://qaradius.in.qamajor.radius-ois.ai/play/login
2025-12-01 20:37:13 [INFO] test_cases.process.test_create_process - Login page opened.
2025-12-01 20:37:13 [INFO] test_cases.process.test_create_process - Attempting login...
2025-12-01 20:37:13 [INFO] pages.base_page - Element visible: ('id', 'loginForm.username')
2025-12-01 20:37:13 [INFO] pages.base_page - Element visible: ('id', 'password')
2025-12-01 20:37:13 [INFO] pages.base_page - Element visible: ('id', 'loginForm.Login')
2025-12-01 20:37:14 [INFO] pages.login.login - Login submitted for user: playadmin
2025-12-01 20:37:14 [INFO] pages.common.loader - Waiting for loader to disappear...
2025-12-01 20:37:14 [INFO] pages.base_page - Loader appeared.
2025-12-01 20:37:14 [INFO] automation - Captured Toast: Process saved successfully
2025-12-01 20:37:14 [INFO] pages.common.loader - Waiting for loader to disappear...
2025-12-01 20:37:14 [INFO] pages.base_page - Page fully loaded.
2025-12-01 20:37:14 [INFO] pages.login.login - Opening: https://qaradius.in.qamajor.radius-ois.ai/play/login
2025-12-01 20:37:14 [INFO] test_cases.process.test_create_process - Login page opened.
2025-12-01 20:37:14 [INFO] test_cases.process.test_create_process - Attempting login...
2025-12-01 20:37:14 [INFO] pages.base_page - Element visible: ('id', 'loginForm.username')
2025-12-01 20:37:14 [INFO] pages.base_page - Element visible: ('id', 'password')
2025-12-01 20:37:15 [INFO] pages.base_page - Element visible: ('id', 'loginForm.Login')
2025-12-01 20:37:15 [INFO] pages.login.login - Login submitted for user: playadmin
2025-12-01 20:37:15 [INFO] pages.common.loader - Waiting for loader to disappear...
2025-12-01 20:37:16 [INFO] pages.base_page - Loader appeared.
2025-12-01 20:37:16 [INFO] pages.base_page - Loader disappeared.
2025-12-01 20:37:16 [INFO] pages.common.loader - Loader Stopped.
2025-12-01 20:37:16 [INFO] pages.login.login - Login submitted successfully.
2025-12-01 20:37:16 [INFO] utils.screenshot - Screenshot saved: D:\2025\SELENIUM-PYTHON\PLAY_RADIUS_AUTOMATION\screenshots\Login Submitted successfully_20251201_203716.png
2025-12-01 20:37:16 [INFO] test_cases.process.test_create_process - Login complete.
2025-12-01 20:37:16 [INFO] test_cases.process.test_create_process - Waiting for page to load after login...
2025-12-01 20:37:16 [INFO] pages.common.loader - Waiting for loader to disappear...
2025-12-01 20:37:19 [INFO] pages.base_page - Loader was not observed during initial check, proceeding without waiting for invisibility.
2025-12-01 20:37:19 [INFO] pages.common.loader - Loader Stopped.
2025-12-01 20:37:19 [INFO] utils.screenshot - Screenshot saved: D:\2025\SELENIUM-PYTHON\PLAY_RADIUS_AUTOMATION\screenshots\Process_Created_Play_Automation_Process_990_20251201_203719.png
2025-12-01 20:37:19 [INFO] test_cases.process.test_create_process - Logging out...
2025-12-01 20:37:19 [INFO] pages.common.loader - Waiting for loader to disappear...
2025-12-01 20:37:21 [INFO] pages.base_page - Loader was not observed during initial check, proceeding without waiting for invisibility.
2025-12-01 20:37:21 [INFO] pages.common.loader - Loader Stopped.
2025-12-01 20:37:21 [INFO] test_cases.process.test_create_process - Page loaded.
2025-12-01 20:37:21 [INFO] test_cases.process.test_create_process - Navigating to Process section via Side Menu...
2025-12-01 20:37:21 [INFO] pages.common.loader - Waiting for loader to disappear...
2025-12-01 20:37:21 [INFO] pages.base_page - Loader disappeared.
2025-12-01 20:37:21 [INFO] pages.common.loader - Loader Stopped.
2025-12-01 20:37:21 [INFO] pages.login.login - Login submitted successfully.
2025-12-01 20:37:21 [INFO] utils.screenshot - Screenshot saved: D:\2025\SELENIUM-PYTHON\PLAY_RADIUS_AUTOMATION\screenshots\Login Submitted successfully_20251201_203721.png
2025-12-01 20:37:21 [INFO] test_cases.process.test_create_process - Login complete.
2025-12-01 20:37:21 [INFO] test_cases.process.test_create_process - Waiting for page to load after login...
2025-12-01 20:37:21 [INFO] pages.common.loader - Waiting for loader to disappear...
2025-12-01 20:37:24 [INFO] pages.base_page - Loader disappeared.
2025-12-01 20:37:24 [INFO] pages.common.loader - Loader Stopped.
2025-12-01 20:37:24 [INFO] pages.login.login - Login submitted successfully.
2025-12-01 20:37:24 [INFO] utils.screenshot - Screenshot saved: D:\2025\SELENIUM-PYTHON\PLAY_RADIUS_AUTOMATION\screenshots\Login Submitted successfully_20251201_203724.png
2025-12-01 20:37:24 [INFO] test_cases.process.test_create_process - Login complete.
2025-12-01 20:37:24 [INFO] test_cases.process.test_create_process - Waiting for page to load after login...
2025-12-01 20:37:24 [INFO] pages.common.loader - Waiting for loader to disappear...
2025-12-01 20:37:24 [INFO] pages.base_page - Loader was not observed during initial check, proceeding without waiting for invisibility.
2025-12-01 20:37:24 [INFO] pages.common.loader - Loader Stopped.
2025-12-01 20:37:24 [INFO] pages.base_page - Element clickable: ('xpath', "//img[@alt='Profile']")
2025-12-01 20:37:24 [INFO] pages.base_page - Clicked element: ('xpath', "//img[@alt='Profile']")
2025-12-01 20:37:24 [INFO] pages.base_page - Element clickable: ('xpath', "//button[@title='Logout']")
2025-12-01 20:37:25 [INFO] pages.base_page - Clicked element: ('xpath', "//button[@title='Logout']")
2025-12-01 20:37:25 [INFO] pages.login.logout - Logout Successfully.
2025-12-01 20:37:26 [INFO] pages.base_page - Loader was not observed during initial check, proceeding without waiting for invisibility.
2025-12-01 20:37:26 [INFO] pages.common.loader - Loader Stopped.
2025-12-01 20:37:26 [INFO] pages.base_page - Element clickable: ('xpath', "//button[@title='Process']")
2025-12-01 20:37:26 [INFO] pages.base_page - Loader was not observed during initial check, proceeding without waiting for invisibility.
2025-12-01 20:37:26 [INFO] pages.common.loader - Loader Stopped.
2025-12-01 20:37:26 [INFO] test_cases.process.test_create_process - Page loaded.
2025-12-01 20:37:26 [INFO] test_cases.process.test_create_process - Navigating to Process section via Side Menu...
2025-12-01 20:37:26 [INFO] pages.common.loader - Waiting for loader to disappear...
2025-12-01 20:37:27 [INFO] pages.common.sidemenupage - Process Showing
2025-12-01 20:37:27 [INFO] utils.screenshot - Screenshot saved: D:\2025\SELENIUM-PYTHON\PLAY_RADIUS_AUTOMATION\screenshots\Process Showing_20251201_203727.png
2025-12-01 20:37:27 [INFO] test_cases.process.test_create_process - Navigated to Process section.
2025-12-01 20:37:27 [INFO] pages.common.loader - Waiting for loader to disappear...
2025-12-01 20:37:29 [INFO] utils.screenshot - Screenshot saved: D:\2025\SELENIUM-PYTHON\PLAY_RADIUS_AUTOMATION\screenshots\Logout_Successfully_20251201_203725.png
2025-12-01 20:37:29 [INFO] pages.base_page - Element visible: ('xpath', "//span[text()='Login']")
2025-12-01 20:37:29 [INFO] test_cases.process.test_create_process - Logout complete. Test finished.
2025-12-01 20:37:29 [INFO] pages.base_page - Loader was not observed during initial check, proceeding without waiting for invisibility.
2025-12-01 20:37:29 [INFO] pages.common.loader - Loader Stopped.
2025-12-01 20:37:29 [INFO] test_cases.process.test_create_process - Page loaded.
2025-12-01 20:37:29 [INFO] test_cases.process.test_create_process - Navigating to Process section via Side Menu...
2025-12-01 20:37:29 [INFO] pages.common.loader - Waiting for loader to disappear...
2025-12-01 20:37:32 [INFO] pages.base_page - Loader was not observed during initial check, proceeding without waiting for invisibility.
2025-12-01 20:37:32 [INFO] pages.common.loader - Loader Stopped.
2025-12-01 20:37:32 [INFO] pages.base_page - Element clickable: ('xpath', "//button[@title='Process']")
2025-12-01 20:37:33 [INFO] pages.base_page - Loader was not observed during initial check, proceeding without waiting for invisibility.
2025-12-01 20:37:33 [INFO] pages.common.loader - Loader Stopped.
2025-12-01 20:37:33 [INFO] pages.base_page - Element clickable: ('xpath', "//button[@id='add-entity']")
2025-12-01 20:37:33 [INFO] pages.common.sidemenupage - Process Showing
2025-12-01 20:37:33 [INFO] utils.screenshot - Screenshot saved: D:\2025\SELENIUM-PYTHON\PLAY_RADIUS_AUTOMATION\screenshots\Process Showing_20251201_203733.png
2025-12-01 20:37:33 [INFO] test_cases.process.test_create_process - Navigated to Process section.
2025-12-01 20:37:33 [INFO] pages.common.loader - Waiting for loader to disappear...
2025-12-01 20:37:34 [INFO] pages.base_page - Loader was not observed during initial check, proceeding without waiting for invisibility.
2025-12-01 20:37:34 [INFO] pages.common.loader - Loader Stopped.
2025-12-01 20:37:34 [INFO] pages.base_page - Element clickable: ('xpath', "//button[@title='Process']")
2025-12-01 20:37:35 [INFO] pages.common.sidemenupage - Process Showing
2025-12-01 20:37:35 [INFO] utils.screenshot - Screenshot saved: D:\2025\SELENIUM-PYTHON\PLAY_RADIUS_AUTOMATION\screenshots\Process Showing_20251201_203735.png
2025-12-01 20:37:35 [INFO] test_cases.process.test_create_process - Navigated to Process section.
2025-12-01 20:37:35 [INFO] pages.common.loader - Waiting for loader to disappear...
2025-12-01 20:37:36 [INFO] pages.base_page - Element visible: ('xpath', "//input[@name='processName']")
2025-12-01 20:37:36 [INFO] automation - Process Name entered: 'No Review Process'
2025-12-01 20:37:36 [INFO] automation - Setting channel configuration
2025-12-01 20:37:36 [INFO] pages.base_page - Element clickable: ('xpath', "//*[@id='process-basic-info']/div[2]/div/form/div/div/div[4]/div/div/div[2]/label")
2025-12-01 20:37:37 [INFO] pages.base_page - Element clickable: ('xpath', "//button[@title='Save']")
2025-12-01 20:37:37 [INFO] test_cases.process.test_create_process - Starting test_filter_process_by_name
2025-12-01 20:37:37 [INFO] test_cases.process.test_create_process - Opening login page...
2025-12-01 20:37:38 [INFO] pages.base_page - Toast appeared: Process name already exists
2025-12-01 20:37:38 [INFO] pages.base_page - Loader was not observed during initial check, proceeding without waiting for invisibility.
2025-12-01 20:37:38 [INFO] pages.common.loader - Loader Stopped.
2025-12-01 20:37:39 [INFO] pages.base_page - Element clickable: ('xpath', "//button[@id='add-entity']")
2025-12-01 20:37:40 [INFO] pages.base_page - Loader was not observed during initial check, proceeding without waiting for invisibility.
2025-12-01 20:37:40 [INFO] pages.common.loader - Loader Stopped.
2025-12-01 20:37:40 [INFO] pages.base_page - Element clickable: ('xpath', "//button[@id='add-entity']")
2025-12-01 20:37:41 [INFO] automation - Captured Toast: Process name already exists
2025-12-01 20:37:41 [INFO] pages.common.loader - Waiting for loader to disappear...
2025-12-01 20:37:42 [INFO] pages.base_page - Element visible: ('xpath', "//input[@name='processName']")
2025-12-01 20:37:42 [INFO] automation - Process Name entered: 'Custom Process Name'
2025-12-01 20:37:42 [INFO] automation - Setting channel configuration
2025-12-01 20:37:42 [INFO] pages.base_page - Element clickable: ('xpath', "//*[@id='process-basic-info']/div[2]/div/form/div/div/div[4]/div/div/div[3]/label")
2025-12-01 20:37:43 [INFO] pages.base_page - Page fully loaded.
2025-12-01 20:37:43 [INFO] pages.login.login - Opening: https://qaradius.in.qamajor.radius-ois.ai/play/login
2025-12-01 20:37:43 [INFO] test_cases.process.test_create_process - Login page opened.
2025-12-01 20:37:43 [INFO] test_cases.process.test_create_process - Attempting login...
2025-12-01 20:37:43 [INFO] pages.base_page - Element visible: ('id', 'loginForm.username')
2025-12-01 20:37:43 [INFO] pages.base_page - Element clickable: ('xpath', "//button[@title='Save']")
2025-12-01 20:37:43 [INFO] pages.base_page - Element visible: ('id', 'password')
2025-12-01 20:37:43 [INFO] pages.base_page - Element visible: ('id', 'loginForm.Login')
2025-12-01 20:37:43 [INFO] pages.login.login - Login submitted for user: playadmin
2025-12-01 20:37:43 [INFO] pages.common.loader - Waiting for loader to disappear...
2025-12-01 20:37:44 [INFO] pages.base_page - Toast appeared: Process name already exists
2025-12-01 20:37:44 [INFO] pages.base_page - Loader appeared.
2025-12-01 20:37:44 [INFO] pages.base_page - Element visible: ('xpath', "//input[@name='processName']")
2025-12-01 20:37:44 [INFO] automation - Process Name entered: 'Long Code Process Name'
2025-12-01 20:37:44 [INFO] automation - Setting channel configuration
2025-12-01 20:37:45 [INFO] pages.base_page - Element clickable: ('xpath', "//*[@id='process-basic-info']/div[2]/div/form/div/div/div[4]/div/div/div[2]/label")
2025-12-01 20:37:45 [INFO] pages.base_page - Element clickable: ('xpath', "//button[@title='Save']")
2025-12-01 20:37:46 [INFO] pages.base_page - Loader was not observed during initial check, proceeding without waiting for invisibility.
2025-12-01 20:37:46 [INFO] pages.common.loader - Loader Stopped.
2025-12-01 20:37:46 [INFO] utils.screenshot - Screenshot saved: D:\2025\SELENIUM-PYTHON\PLAY_RADIUS_AUTOMATION\screenshots\Process_Created_Play_Automation_Process_992_20251201_203746.png
2025-12-01 20:37:46 [INFO] utils.screenshot - Screenshot saved: D:\2025\SELENIUM-PYTHON\PLAY_RADIUS_AUTOMATION\screenshots\failed_test_create_process_with_review_rating_false_20251201_203746.png
2025-12-01 20:37:47 [INFO] automation - Captured Toast: Process name already exists
2025-12-01 20:37:47 [INFO] pages.common.loader - Waiting for loader to disappear...
2025-12-01 20:37:50 [INFO] utils.screenshot - Screenshot saved: D:\2025\SELENIUM-PYTHON\PLAY_RADIUS_AUTOMATION\screenshots\toast_capture_error_20251201_203750.png
2025-12-01 20:37:50 [ERROR] pages.base_page - No toast captured: Message: 
Stacktrace:
Symbols not available. Dumping unresolved backtrace:
	0xb84103
	0xb84144
	0x98e71d
	0x9da03d
	0x9da41b
	0xa217f2
	0x9fc954
	0xa1ee17
	0x9fc706
	0x9cda30
	0x9ced54
	0xdf57b4
	0xdf098a
	0xbac392
	0xb9c4c8
	0xba324d
	0xb8c478
	0xb8c63c
	0xb767ca
	0x769d5d49
	0x779ad6db
	0x779ad661
Traceback (most recent call last):
  File "D:\2025\SELENIUM-PYTHON\PLAY_RADIUS_AUTOMATION\pages\base_page.py", line 237, in capture_toast
    toast = WebDriverWait(self.driver, timeout).until(
        EC.visibility_of_element_located(locator)
    )
  File "D:\2025\SELENIUM-PYTHON\PLAY_RADIUS_AUTOMATION\.venv\Lib\site-packages\selenium\webdriver\support\wait.py", line 138, in until
    raise TimeoutException(message, screen, stacktrace)
selenium.common.exceptions.TimeoutException: Message: 
Stacktrace:
Symbols not available. Dumping unresolved backtrace:
	0xb84103
	0xb84144
	0x98e71d
	0x9da03d
	0x9da41b
	0xa217f2
	0x9fc954
	0xa1ee17
	0x9fc706
	0x9cda30
	0x9ced54
	0xdf57b4
	0xdf098a
	0xbac392
	0xb9c4c8
	0xba324d
	0xb8c478
	0xb8c63c
	0xb767ca
	0x769d5d49
	0x779ad6db
	0x779ad661

2025-12-01 20:37:50 [INFO] automation - Captured Toast: None
2025-12-01 20:37:50 [INFO] pages.common.loader - Waiting for loader to disappear...
2025-12-01 20:37:51 [INFO] pages.base_page - Loader disappeared.
2025-12-01 20:37:51 [INFO] pages.common.loader - Loader Stopped.
2025-12-01 20:37:51 [INFO] pages.login.login - Login submitted successfully.
2025-12-01 20:37:51 [INFO] utils.screenshot - Screenshot saved: D:\2025\SELENIUM-PYTHON\PLAY_RADIUS_AUTOMATION\screenshots\Login Submitted successfully_20251201_203751.png
2025-12-01 20:37:51 [INFO] test_cases.process.test_create_process - Login complete.
2025-12-01 20:37:51 [INFO] test_cases.process.test_create_process - Waiting for page to load after login...
2025-12-01 20:37:51 [INFO] pages.common.loader - Waiting for loader to disappear...
2025-12-01 20:37:52 [INFO] pages.base_page - Loader was not observed during initial check, proceeding without waiting for invisibility.
2025-12-01 20:37:52 [INFO] pages.common.loader - Loader Stopped.
2025-12-01 20:37:52 [INFO] utils.screenshot - Screenshot saved: D:\2025\SELENIUM-PYTHON\PLAY_RADIUS_AUTOMATION\screenshots\Process_Created_Play_Automation_Process_994_20251201_203752.png
2025-12-01 20:37:52 [INFO] utils.screenshot - Screenshot saved: D:\2025\SELENIUM-PYTHON\PLAY_RADIUS_AUTOMATION\screenshots\failed_test_create_process_by_passing_custom_parameters_20251201_203752.png
2025-12-01 20:37:54 [INFO] test_cases.process.test_create_process - Starting test_filter_process_by_name
2025-12-01 20:37:54 [INFO] test_cases.process.test_create_process - Opening login page...
2025-12-01 20:37:56 [INFO] pages.base_page - Loader was not observed during initial check, proceeding without waiting for invisibility.
2025-12-01 20:37:56 [INFO] pages.common.loader - Loader Stopped.
2025-12-01 20:37:56 [INFO] utils.screenshot - Screenshot saved: D:\2025\SELENIUM-PYTHON\PLAY_RADIUS_AUTOMATION\screenshots\Process_Created_Play_Automation_Process_993_20251201_203756.png
2025-12-01 20:37:56 [INFO] pages.base_page - Element visible: ('xpath', "//input[@name='processCode']/following-sibling::div[contains(@class, 'invalid-tooltip')]")
2025-12-01 20:37:56 [INFO] test_cases.process.test_create_process - Logging out...
2025-12-01 20:37:56 [INFO] pages.common.loader - Waiting for loader to disappear...
2025-12-01 20:37:56 [INFO] pages.base_page - Loader was not observed during initial check, proceeding without waiting for invisibility.
2025-12-01 20:37:56 [INFO] pages.common.loader - Loader Stopped.
2025-12-01 20:37:56 [INFO] test_cases.process.test_create_process - Page loaded.
2025-12-01 20:37:56 [INFO] test_cases.process.test_create_process - Navigating to Process section via Side Menu...
2025-12-01 20:37:56 [INFO] pages.common.loader - Waiting for loader to disappear...
2025-12-01 20:38:00 [INFO] test_cases.process.test_create_process - Starting test_filter_process_by_name
2025-12-01 20:38:00 [INFO] test_cases.process.test_create_process - Opening login page...
2025-12-01 20:38:01 [INFO] pages.base_page - Loader was not observed during initial check, proceeding without waiting for invisibility.
2025-12-01 20:38:01 [INFO] pages.common.loader - Loader Stopped.
2025-12-01 20:38:01 [INFO] pages.base_page - Element clickable: ('xpath', "//img[@alt='Profile']")
2025-12-01 20:38:01 [INFO] pages.base_page - Clicked element: ('xpath', "//img[@alt='Profile']")
2025-12-01 20:38:01 [INFO] pages.base_page - Element clickable: ('xpath', "//button[@title='Logout']")
2025-12-01 20:38:01 [INFO] pages.base_page - Loader was not observed during initial check, proceeding without waiting for invisibility.
2025-12-01 20:38:01 [INFO] pages.common.loader - Loader Stopped.
2025-12-01 20:38:02 [INFO] pages.base_page - Element clickable: ('xpath', "//button[@title='Process']")
2025-12-01 20:38:03 [INFO] pages.base_page - Clicked element: ('xpath', "//button[@title='Logout']")
2025-12-01 20:38:03 [INFO] pages.login.logout - Logout Successfully.
2025-12-01 20:38:03 [INFO] utils.screenshot - Screenshot saved: D:\2025\SELENIUM-PYTHON\PLAY_RADIUS_AUTOMATION\screenshots\Logout_Successfully_20251201_203803.png
2025-12-01 20:38:03 [INFO] pages.base_page - Element visible: ('xpath', "//span[text()='Login']")
2025-12-01 20:38:03 [INFO] test_cases.process.test_create_process - Logout complete. Test finished.
2025-12-01 20:38:04 [INFO] pages.common.sidemenupage - Process Showing
2025-12-01 20:38:04 [INFO] utils.screenshot - Screenshot saved: D:\2025\SELENIUM-PYTHON\PLAY_RADIUS_AUTOMATION\screenshots\Process Showing_20251201_203804.png
2025-12-01 20:38:04 [INFO] test_cases.process.test_create_process - Navigated to Process section.
2025-12-01 20:38:04 [INFO] pages.common.loader - Waiting for loader to disappear...
2025-12-01 20:38:05 [INFO] pages.base_page - Page fully loaded.
2025-12-01 20:38:05 [INFO] pages.login.login - Opening: https://qaradius.in.qamajor.radius-ois.ai/play/login
2025-12-01 20:38:05 [INFO] test_cases.process.test_create_process - Login page opened.
2025-12-01 20:38:05 [INFO] test_cases.process.test_create_process - Attempting login...
2025-12-01 20:38:05 [INFO] pages.base_page - Element visible: ('id', 'loginForm.username')
2025-12-01 20:38:05 [INFO] pages.base_page - Element visible: ('id', 'password')
2025-12-01 20:38:06 [INFO] pages.base_page - Element visible: ('id', 'loginForm.Login')
2025-12-01 20:38:06 [INFO] pages.base_page - Page fully loaded.
2025-12-01 20:38:06 [INFO] pages.login.login - Opening: https://qaradius.in.qamajor.radius-ois.ai/play/login
2025-12-01 20:38:06 [INFO] test_cases.process.test_create_process - Login page opened.
2025-12-01 20:38:06 [INFO] test_cases.process.test_create_process - Attempting login...
2025-12-01 20:38:06 [INFO] pages.base_page - Element visible: ('id', 'loginForm.username')
2025-12-01 20:38:06 [INFO] pages.login.login - Login submitted for user: playadmin
2025-12-01 20:38:06 [INFO] pages.common.loader - Waiting for loader to disappear...
2025-12-01 20:38:06 [INFO] pages.base_page - Element visible: ('id', 'password')
2025-12-01 20:38:06 [INFO] pages.base_page - Element visible: ('id', 'loginForm.Login')
2025-12-01 20:38:06 [INFO] pages.base_page - Loader appeared.
2025-12-01 20:38:07 [INFO] pages.login.login - Login submitted for user: playadmin
2025-12-01 20:38:07 [INFO] pages.common.loader - Waiting for loader to disappear...
2025-12-01 20:38:07 [INFO] pages.base_page - Loader appeared.
2025-12-01 20:38:09 [INFO] pages.base_page - Loader was not observed during initial check, proceeding without waiting for invisibility.
2025-12-01 20:38:09 [INFO] pages.common.loader - Loader Stopped.
2025-12-01 20:38:09 [INFO] pages.base_page - Element clickable: ('xpath', "//button[@id='add-entity']")
2025-12-01 20:38:12 [INFO] test_cases.process.test_create_process - Starting test_filter_process_by_name
2025-12-01 20:38:12 [INFO] test_cases.process.test_create_process - Opening login page...
2025-12-01 20:38:13 [INFO] pages.base_page - Element visible: ('xpath', "//input[@name='processName']")
2025-12-01 20:38:13 [INFO] automation - Process Name entered: 'SMK_PLAY_24OCT_A'
2025-12-01 20:38:13 [INFO] automation - Setting channel configuration
2025-12-01 20:38:13 [INFO] pages.base_page - Element clickable: ('xpath', "//*[@id='process-basic-info']/div[2]/div/form/div/div/div[4]/div/div/div[3]/label")
2025-12-01 20:38:14 [INFO] pages.base_page - Element clickable: ('xpath', "//button[@title='Save']")
2025-12-01 20:38:14 [INFO] pages.base_page - Loader disappeared.
2025-12-01 20:38:14 [INFO] pages.common.loader - Loader Stopped.
2025-12-01 20:38:14 [INFO] pages.login.login - Login submitted successfully.
2025-12-01 20:38:14 [INFO] utils.screenshot - Screenshot saved: D:\2025\SELENIUM-PYTHON\PLAY_RADIUS_AUTOMATION\screenshots\Login Submitted successfully_20251201_203814.png
2025-12-01 20:38:14 [INFO] test_cases.process.test_create_process - Login complete.
2025-12-01 20:38:14 [INFO] test_cases.process.test_create_process - Waiting for page to load after login...
2025-12-01 20:38:14 [INFO] pages.common.loader - Waiting for loader to disappear...
2025-12-01 20:38:15 [INFO] pages.base_page - Toast appeared: Process name already exists
2025-12-01 20:38:15 [INFO] pages.base_page - Loader disappeared.
2025-12-01 20:38:15 [INFO] pages.common.loader - Loader Stopped.
2025-12-01 20:38:15 [INFO] pages.login.login - Login submitted successfully.
2025-12-01 20:38:16 [INFO] utils.screenshot - Screenshot saved: D:\2025\SELENIUM-PYTHON\PLAY_RADIUS_AUTOMATION\screenshots\Login Submitted successfully_20251201_203815.png
2025-12-01 20:38:16 [INFO] test_cases.process.test_create_process - Login complete.
2025-12-01 20:38:16 [INFO] test_cases.process.test_create_process - Waiting for page to load after login...
2025-12-01 20:38:16 [INFO] pages.common.loader - Waiting for loader to disappear...
2025-12-01 20:38:18 [INFO] automation - Captured Toast: Process name already exists
2025-12-01 20:38:18 [INFO] pages.common.loader - Waiting for loader to disappear...
2025-12-01 20:38:19 [INFO] pages.base_page - Loader was not observed during initial check, proceeding without waiting for invisibility.
2025-12-01 20:38:19 [INFO] pages.common.loader - Loader Stopped.
2025-12-01 20:38:19 [INFO] test_cases.process.test_create_process - Page loaded.
2025-12-01 20:38:19 [INFO] test_cases.process.test_create_process - Navigating to Process section via Side Menu...
2025-12-01 20:38:19 [INFO] pages.common.loader - Waiting for loader to disappear...
2025-12-01 20:38:21 [INFO] pages.base_page - Loader was not observed during initial check, proceeding without waiting for invisibility.
2025-12-01 20:38:21 [INFO] pages.common.loader - Loader Stopped.
2025-12-01 20:38:21 [INFO] test_cases.process.test_create_process - Page loaded.
2025-12-01 20:38:21 [INFO] test_cases.process.test_create_process - Navigating to Process section via Side Menu...
2025-12-01 20:38:21 [INFO] pages.common.loader - Waiting for loader to disappear...
2025-12-01 20:38:22 [INFO] pages.base_page - Page fully loaded.
2025-12-01 20:38:22 [INFO] pages.login.login - Opening: https://qaradius.in.qamajor.radius-ois.ai/play/login
2025-12-01 20:38:22 [INFO] test_cases.process.test_create_process - Login page opened.
2025-12-01 20:38:22 [INFO] test_cases.process.test_create_process - Attempting login...
2025-12-01 20:38:22 [INFO] pages.base_page - Element visible: ('id', 'loginForm.username')
2025-12-01 20:38:23 [INFO] pages.base_page - Element visible: ('id', 'password')
2025-12-01 20:38:23 [INFO] pages.base_page - Element visible: ('id', 'loginForm.Login')
2025-12-01 20:38:23 [INFO] pages.login.login - Login submitted for user: playadmin
2025-12-01 20:38:23 [INFO] pages.common.loader - Waiting for loader to disappear...
2025-12-01 20:38:23 [INFO] pages.base_page - Loader was not observed during initial check, proceeding without waiting for invisibility.
2025-12-01 20:38:23 [INFO] pages.common.loader - Loader Stopped.
2025-12-01 20:38:23 [INFO] utils.screenshot - Screenshot saved: D:\2025\SELENIUM-PYTHON\PLAY_RADIUS_AUTOMATION\screenshots\Process_Created_Play_Automation_Process_995_20251201_203823.png
2025-12-01 20:38:23 [INFO] pages.base_page - Element clickable: ('xpath', "//button[@title='Close']")
2025-12-01 20:38:23 [INFO] pages.base_page - Loader appeared.
2025-12-01 20:38:24 [INFO] automation - Clicked Close button
2025-12-01 20:38:24 [INFO] test_cases.process.test_create_process - Logging out...
2025-12-01 20:38:24 [INFO] pages.common.loader - Waiting for loader to disappear...
2025-12-01 20:38:24 [INFO] pages.base_page - Loader appeared.
2025-12-01 20:38:25 [INFO] pages.base_page - Loader was not observed during initial check, proceeding without waiting for invisibility.
2025-12-01 20:38:25 [INFO] pages.common.loader - Loader Stopped.
2025-12-01 20:38:25 [INFO] pages.base_page - Element clickable: ('xpath', "//button[@title='Process']")
2025-12-01 20:38:25 [INFO] pages.common.sidemenupage - Process Showing
2025-12-01 20:38:26 [INFO] pages.base_page - Loader was not observed during initial check, proceeding without waiting for invisibility.
2025-12-01 20:38:26 [INFO] pages.common.loader - Loader Stopped.
2025-12-01 20:38:26 [INFO] pages.base_page - Element clickable: ('xpath', "//button[@title='Process']")
2025-12-01 20:38:26 [INFO] utils.screenshot - Screenshot saved: D:\2025\SELENIUM-PYTHON\PLAY_RADIUS_AUTOMATION\screenshots\Process Showing_20251201_203825.png
2025-12-01 20:38:26 [INFO] test_cases.process.test_create_process - Navigated to Process section.
2025-12-01 20:38:26 [INFO] pages.common.loader - Waiting for loader to disappear...
2025-12-01 20:38:27 [INFO] pages.common.sidemenupage - Process Showing
2025-12-01 20:38:27 [INFO] utils.screenshot - Screenshot saved: D:\2025\SELENIUM-PYTHON\PLAY_RADIUS_AUTOMATION\screenshots\Process Showing_20251201_203827.png
2025-12-01 20:38:27 [INFO] test_cases.process.test_create_process - Navigated to Process section.
2025-12-01 20:38:27 [INFO] pages.common.loader - Waiting for loader to disappear...
2025-12-01 20:38:29 [INFO] pages.base_page - Loader disappeared.
2025-12-01 20:38:29 [INFO] pages.common.loader - Loader Stopped.
2025-12-01 20:38:29 [INFO] pages.base_page - Element clickable: ('xpath', "//img[@alt='Profile']")
2025-12-01 20:38:29 [INFO] pages.base_page - Clicked element: ('xpath', "//img[@alt='Profile']")
2025-12-01 20:38:29 [INFO] pages.base_page - Element clickable: ('xpath', "//button[@title='Logout']")
2025-12-01 20:38:30 [INFO] pages.base_page - Clicked element: ('xpath', "//button[@title='Logout']")
2025-12-01 20:38:30 [INFO] pages.login.logout - Logout Successfully.
2025-12-01 20:38:31 [INFO] pages.base_page - Loader was not observed during initial check, proceeding without waiting for invisibility.
2025-12-01 20:38:31 [INFO] pages.common.loader - Loader Stopped.
2025-12-01 20:38:31 [INFO] pages.base_page - Element clickable: ('xpath', "//button[@id='add-entity']")
2025-12-01 20:38:31 [INFO] pages.base_page - Loader disappeared.
2025-12-01 20:38:31 [INFO] pages.common.loader - Loader Stopped.
2025-12-01 20:38:31 [INFO] pages.login.login - Login submitted successfully.
2025-12-01 20:38:31 [INFO] utils.screenshot - Screenshot saved: D:\2025\SELENIUM-PYTHON\PLAY_RADIUS_AUTOMATION\screenshots\Login Submitted successfully_20251201_203831.png
2025-12-01 20:38:31 [INFO] test_cases.process.test_create_process - Login complete.
2025-12-01 20:38:31 [INFO] test_cases.process.test_create_process - Waiting for page to load after login...
2025-12-01 20:38:31 [INFO] pages.common.loader - Waiting for loader to disappear...
2025-12-01 20:38:32 [INFO] pages.base_page - Loader was not observed during initial check, proceeding without waiting for invisibility.
2025-12-01 20:38:32 [INFO] pages.common.loader - Loader Stopped.
2025-12-01 20:38:32 [INFO] utils.screenshot - Screenshot saved: D:\2025\SELENIUM-PYTHON\PLAY_RADIUS_AUTOMATION\screenshots\Logout_Successfully_20251201_203830.png
2025-12-01 20:38:32 [INFO] pages.base_page - Element visible: ('xpath', "//span[text()='Login']")
2025-12-01 20:38:32 [INFO] pages.base_page - Element clickable: ('xpath', "//button[@id='add-entity']")
2025-12-01 20:38:32 [INFO] test_cases.process.test_create_process - Logout complete. Test finished.
2025-12-01 20:38:34 [INFO] pages.base_page - Element visible: ('xpath', "//input[@name='processName']")
2025-12-01 20:38:34 [INFO] automation - Process Name entered: 'No Channel Process'
2025-12-01 20:38:34 [INFO] automation - Setting channel configuration
2025-12-01 20:38:34 [INFO] pages.base_page - Element clickable: ('xpath', "//button[@title='Save']")
2025-12-01 20:38:35 [INFO] pages.base_page - Toast appeared: Process name already exists
2025-12-01 20:38:36 [INFO] pages.base_page - Loader was not observed during initial check, proceeding without waiting for invisibility.
2025-12-01 20:38:36 [INFO] pages.common.loader - Loader Stopped.
2025-12-01 20:38:36 [INFO] test_cases.process.test_create_process - Page loaded.
2025-12-01 20:38:36 [INFO] test_cases.process.test_create_process - Navigating to Process section via Side Menu...
2025-12-01 20:38:36 [INFO] pages.common.loader - Waiting for loader to disappear...
2025-12-01 20:38:36 [INFO] pages.base_page - Element visible: ('xpath', "//input[@name='processName']")
2025-12-01 20:38:36 [INFO] automation - Process Name entered: 'Empty Code Process'
2025-12-01 20:38:36 [INFO] automation - Setting channel configuration
2025-12-01 20:38:36 [INFO] pages.base_page - Element clickable: ('xpath', "//*[@id='process-basic-info']/div[2]/div/form/div/div/div[4]/div/div/div[2]/label")
2025-12-01 20:38:37 [INFO] pages.base_page - Element clickable: ('xpath', "//button[@title='Save']")
2025-12-01 20:38:38 [INFO] automation - Captured Toast: Process name already exists
2025-12-01 20:38:38 [INFO] pages.common.loader - Waiting for loader to disappear...
2025-12-01 20:38:40 [INFO] test_cases.process.test_create_process - Starting test_filter_process_by_name
2025-12-01 20:38:40 [INFO] test_cases.process.test_create_process - Opening login page...
2025-12-01 20:38:41 [INFO] pages.base_page - Loader was not observed during initial check, proceeding without waiting for invisibility.
2025-12-01 20:38:41 [INFO] pages.common.loader - Loader Stopped.
2025-12-01 20:38:41 [INFO] pages.base_page - Element clickable: ('xpath', "//button[@title='Process']")
2025-12-01 20:38:42 [INFO] pages.common.sidemenupage - Process Showing
2025-12-01 20:38:42 [INFO] utils.screenshot - Screenshot saved: D:\2025\SELENIUM-PYTHON\PLAY_RADIUS_AUTOMATION\screenshots\toast_capture_error_20251201_203842.png
2025-12-01 20:38:42 [ERROR] pages.base_page - No toast captured: Message: 
Stacktrace:
Symbols not available. Dumping unresolved backtrace:
	0xe74103
	0xe74144
	0xc7e71d
	0xcca03d
	0xcca41b
	0xd117f2
	0xcec954
	0xd0ee17
	0xcec706
	0xcbda30
	0xcbed54
	0x10e57b4
	0x10e098a
	0xe9c392
	0xe8c4c8
	0xe9324d
	0xe7c478
	0xe7c63c
	0xe667ca
	0x769d5d49
	0x779ad6db
	0x779ad661
Traceback (most recent call last):
  File "D:\2025\SELENIUM-PYTHON\PLAY_RADIUS_AUTOMATION\pages\base_page.py", line 237, in capture_toast
    toast = WebDriverWait(self.driver, timeout).until(
        EC.visibility_of_element_located(locator)
    )
  File "D:\2025\SELENIUM-PYTHON\PLAY_RADIUS_AUTOMATION\.venv\Lib\site-packages\selenium\webdriver\support\wait.py", line 138, in until
    raise TimeoutException(message, screen, stacktrace)
selenium.common.exceptions.TimeoutException: Message: 
Stacktrace:
Symbols not available. Dumping unresolved backtrace:
	0xe74103
	0xe74144
	0xc7e71d
	0xcca03d
	0xcca41b
	0xd117f2
	0xcec954
	0xd0ee17
	0xcec706
	0xcbda30
	0xcbed54
	0x10e57b4
	0x10e098a
	0xe9c392
	0xe8c4c8
	0xe9324d
	0xe7c478
	0xe7c63c
	0xe667ca
	0x769d5d49
	0x779ad6db
	0x779ad661

2025-12-01 20:38:42 [INFO] automation - Captured Toast: None
2025-12-01 20:38:42 [INFO] pages.common.loader - Waiting for loader to disappear...
2025-12-01 20:38:42 [INFO] utils.screenshot - Screenshot saved: D:\2025\SELENIUM-PYTHON\PLAY_RADIUS_AUTOMATION\screenshots\Process Showing_20251201_203842.png
2025-12-01 20:38:42 [INFO] test_cases.process.test_create_process - Navigated to Process section.
2025-12-01 20:38:42 [INFO] pages.common.loader - Waiting for loader to disappear...
2025-12-01 20:38:43 [INFO] pages.base_page - Loader was not observed during initial check, proceeding without waiting for invisibility.
2025-12-01 20:38:43 [INFO] pages.common.loader - Loader Stopped.
2025-12-01 20:38:43 [INFO] utils.screenshot - Screenshot saved: D:\2025\SELENIUM-PYTHON\PLAY_RADIUS_AUTOMATION\screenshots\Process_Created_Play_Automation_Process_997_20251201_203843.png
2025-12-01 20:38:43 [INFO] utils.screenshot - Screenshot saved: D:\2025\SELENIUM-PYTHON\PLAY_RADIUS_AUTOMATION\screenshots\failed_test_no_channel_selected_20251201_203843.png
2025-12-01 20:38:46 [INFO] pages.base_page - Page fully loaded.
2025-12-01 20:38:46 [INFO] pages.login.login - Opening: https://qaradius.in.qamajor.radius-ois.ai/play/login
2025-12-01 20:38:46 [INFO] test_cases.process.test_create_process - Login page opened.
2025-12-01 20:38:46 [INFO] test_cases.process.test_create_process - Attempting login...
2025-12-01 20:38:46 [INFO] pages.base_page - Element visible: ('id', 'loginForm.username')
2025-12-01 20:38:46 [INFO] pages.base_page - Element visible: ('id', 'password')
2025-12-01 20:38:46 [INFO] pages.base_page - Element visible: ('id', 'loginForm.Login')
2025-12-01 20:38:46 [INFO] pages.login.login - Login submitted for user: playadmin
2025-12-01 20:38:46 [INFO] pages.common.loader - Waiting for loader to disappear...
2025-12-01 20:38:47 [INFO] pages.base_page - Loader appeared.
2025-12-01 20:38:47 [INFO] pages.base_page - Loader was not observed during initial check, proceeding without waiting for invisibility.
2025-12-01 20:38:47 [INFO] pages.base_page - Loader was not observed during initial check, proceeding without waiting for invisibility.
2025-12-01 20:38:47 [INFO] pages.common.loader - Loader Stopped.
2025-12-01 20:38:47 [INFO] pages.common.loader - Loader Stopped.
2025-12-01 20:38:48 [INFO] pages.base_page - Element clickable: ('xpath', "//button[@id='add-entity']")
2025-12-01 20:38:48 [INFO] utils.screenshot - Screenshot saved: D:\2025\SELENIUM-PYTHON\PLAY_RADIUS_AUTOMATION\screenshots\Process_Created_Play_Automation_Process_996_20251201_203847.png
2025-12-01 20:38:48 [INFO] pages.base_page - Element visible: ('xpath', "//input[@name='processCode']/following-sibling::div[contains(@class, 'invalid-tooltip')]")
2025-12-01 20:38:48 [INFO] test_cases.process.test_create_process - Logging out...
2025-12-01 20:38:48 [INFO] pages.common.loader - Waiting for loader to disappear...
2025-12-01 20:38:51 [INFO] pages.base_page - Element visible: ('xpath', "//input[@name='processName']")
2025-12-01 20:38:51 [INFO] automation - Process Name entered: ''
2025-12-01 20:38:51 [INFO] automation - Setting channel configuration
2025-12-01 20:38:51 [INFO] pages.base_page - Element clickable: ('xpath', "//*[@id='process-basic-info']/div[2]/div/form/div/div/div[4]/div/div/div[2]/label")
2025-12-01 20:38:52 [INFO] pages.base_page - Element clickable: ('xpath', "//button[@title='Save']")
2025-12-01 20:38:53 [INFO] pages.base_page - Loader was not observed during initial check, proceeding without waiting for invisibility.
2025-12-01 20:38:53 [INFO] pages.common.loader - Loader Stopped.
2025-12-01 20:38:53 [INFO] pages.base_page - Element clickable: ('xpath', "//img[@alt='Profile']")
2025-12-01 20:38:53 [INFO] pages.base_page - Clicked element: ('xpath', "//img[@alt='Profile']")
2025-12-01 20:38:53 [INFO] pages.base_page - Element clickable: ('xpath', "//button[@title='Logout']")
2025-12-01 20:38:54 [INFO] pages.base_page - Loader disappeared.
2025-12-01 20:38:54 [INFO] pages.common.loader - Loader Stopped.
2025-12-01 20:38:54 [INFO] pages.login.login - Login submitted successfully.
2025-12-01 20:38:54 [INFO] utils.screenshot - Screenshot saved: D:\2025\SELENIUM-PYTHON\PLAY_RADIUS_AUTOMATION\screenshots\Login Submitted successfully_20251201_203854.png
2025-12-01 20:38:54 [INFO] test_cases.process.test_create_process - Login complete.
2025-12-01 20:38:54 [INFO] test_cases.process.test_create_process - Waiting for page to load after login...
2025-12-01 20:38:54 [INFO] pages.common.loader - Waiting for loader to disappear...
2025-12-01 20:38:55 [INFO] pages.base_page - Clicked element: ('xpath', "//button[@title='Logout']")
2025-12-01 20:38:55 [INFO] pages.login.logout - Logout Successfully.
2025-12-01 20:38:56 [INFO] utils.screenshot - Screenshot saved: D:\2025\SELENIUM-PYTHON\PLAY_RADIUS_AUTOMATION\screenshots\Logout_Successfully_20251201_203855.png
2025-12-01 20:38:56 [INFO] pages.base_page - Element visible: ('xpath', "//span[text()='Login']")
2025-12-01 20:38:56 [INFO] test_cases.process.test_create_process - Logout complete. Test finished.
2025-12-01 20:38:57 [INFO] utils.screenshot - Screenshot saved: D:\2025\SELENIUM-PYTHON\PLAY_RADIUS_AUTOMATION\screenshots\toast_capture_error_20251201_203857.png
2025-12-01 20:38:57 [ERROR] pages.base_page - No toast captured: Message: 
Stacktrace:
Symbols not available. Dumping unresolved backtrace:
	0xb84103
	0xb84144
	0x98e71d
	0x9da03d
	0x9da41b
	0xa217f2
	0x9fc954
	0xa1ee17
	0x9fc706
	0x9cda30
	0x9ced54
	0xdf57b4
	0xdf098a
	0xbac392
	0xb9c4c8
	0xba324d
	0xb8c478
	0xb8c63c
	0xb767ca
	0x769d5d49
	0x779ad6db
	0x779ad661
Traceback (most recent call last):
  File "D:\2025\SELENIUM-PYTHON\PLAY_RADIUS_AUTOMATION\pages\base_page.py", line 237, in capture_toast
    toast = WebDriverWait(self.driver, timeout).until(
        EC.visibility_of_element_located(locator)
    )
  File "D:\2025\SELENIUM-PYTHON\PLAY_RADIUS_AUTOMATION\.venv\Lib\site-packages\selenium\webdriver\support\wait.py", line 138, in until
    raise TimeoutException(message, screen, stacktrace)
selenium.common.exceptions.TimeoutException: Message: 
Stacktrace:
Symbols not available. Dumping unresolved backtrace:
	0xb84103
	0xb84144
	0x98e71d
	0x9da03d
	0x9da41b
	0xa217f2
	0x9fc954
	0xa1ee17
	0x9fc706
	0x9cda30
	0x9ced54
	0xdf57b4
	0xdf098a
	0xbac392
	0xb9c4c8
	0xba324d
	0xb8c478
	0xb8c63c
	0xb767ca
	0x769d5d49
	0x779ad6db
	0x779ad661

2025-12-01 20:38:57 [INFO] automation - Captured Toast: None
2025-12-01 20:38:57 [INFO] pages.common.loader - Waiting for loader to disappear...
2025-12-01 20:38:59 [INFO] pages.base_page - Loader was not observed during initial check, proceeding without waiting for invisibility.
2025-12-01 20:38:59 [INFO] pages.common.loader - Loader Stopped.
2025-12-01 20:38:59 [INFO] test_cases.process.test_create_process - Page loaded.
2025-12-01 20:38:59 [INFO] test_cases.process.test_create_process - Navigating to Process section via Side Menu...
2025-12-01 20:38:59 [INFO] pages.common.loader - Waiting for loader to disappear...
2025-12-01 20:39:02 [INFO] pages.base_page - Loader was not observed during initial check, proceeding without waiting for invisibility.
2025-12-01 20:39:02 [INFO] pages.common.loader - Loader Stopped.
2025-12-01 20:39:02 [INFO] utils.screenshot - Screenshot saved: D:\2025\SELENIUM-PYTHON\PLAY_RADIUS_AUTOMATION\screenshots\Process_Created_Play_Automation_Process_998_20251201_203902.png
2025-12-01 20:39:02 [INFO] pages.base_page - Element visible: ('xpath', "//input[@name='processName']/following-sibling::div[contains(@class, 'invalid-tooltip')]")
2025-12-01 20:39:02 [INFO] test_cases.process.test_create_process - Logging out...
2025-12-01 20:39:02 [INFO] pages.common.loader - Waiting for loader to disappear...
2025-12-01 20:39:04 [INFO] pages.base_page - Loader was not observed during initial check, proceeding without waiting for invisibility.
2025-12-01 20:39:04 [INFO] pages.common.loader - Loader Stopped.
2025-12-01 20:39:05 [INFO] pages.base_page - Element clickable: ('xpath', "//button[@title='Process']")
2025-12-01 20:39:05 [INFO] pages.common.sidemenupage - Process Showing
2025-12-01 20:39:05 [INFO] utils.screenshot - Screenshot saved: D:\2025\SELENIUM-PYTHON\PLAY_RADIUS_AUTOMATION\screenshots\Process Showing_20251201_203905.png
2025-12-01 20:39:05 [INFO] test_cases.process.test_create_process - Navigated to Process section.
2025-12-01 20:39:05 [INFO] pages.common.loader - Waiting for loader to disappear...
2025-12-01 20:39:07 [INFO] pages.base_page - Loader was not observed during initial check, proceeding without waiting for invisibility.
2025-12-01 20:39:07 [INFO] pages.common.loader - Loader Stopped.
2025-12-01 20:39:07 [INFO] pages.base_page - Element clickable: ('xpath', "//img[@alt='Profile']")
2025-12-01 20:39:08 [INFO] pages.base_page - Clicked element: ('xpath', "//img[@alt='Profile']")
2025-12-01 20:39:08 [INFO] pages.base_page - Element clickable: ('xpath', "//button[@title='Logout']")
2025-12-01 20:39:08 [INFO] pages.base_page - Clicked element: ('xpath', "//button[@title='Logout']")
2025-12-01 20:39:08 [INFO] pages.login.logout - Logout Successfully.
2025-12-01 20:39:10 [INFO] utils.screenshot - Screenshot saved: D:\2025\SELENIUM-PYTHON\PLAY_RADIUS_AUTOMATION\screenshots\Logout_Successfully_20251201_203908.png
2025-12-01 20:39:10 [INFO] pages.base_page - Element visible: ('xpath', "//span[text()='Login']")
2025-12-01 20:39:10 [INFO] test_cases.process.test_create_process - Logout complete. Test finished.
2025-12-01 20:39:11 [INFO] pages.base_page - Loader was not observed during initial check, proceeding without waiting for invisibility.
2025-12-01 20:39:11 [INFO] pages.common.loader - Loader Stopped.
2025-12-01 20:39:11 [INFO] pages.base_page - Element clickable: ('xpath', "//button[@id='add-entity']")
2025-12-01 20:39:14 [INFO] pages.base_page - Element visible: ('xpath', "//input[@name='processName']")
2025-12-01 20:39:14 [INFO] automation - Process Name entered: ''
2025-12-01 20:39:14 [INFO] automation - Setting channel configuration
2025-12-01 20:39:14 [INFO] pages.base_page - Element clickable: ('xpath', "//*[@id='process-basic-info']/div[2]/div/form/div/div/div[4]/div/div/div[2]/label")
2025-12-01 20:39:15 [INFO] pages.base_page - Element clickable: ('xpath', "//button[@title='Save']")
2025-12-01 20:39:20 [INFO] utils.screenshot - Screenshot saved: D:\2025\SELENIUM-PYTHON\PLAY_RADIUS_AUTOMATION\screenshots\toast_capture_error_20251201_203920.png
2025-12-01 20:39:20 [ERROR] pages.base_page - No toast captured: Message: 
Stacktrace:
Symbols not available. Dumping unresolved backtrace:
	0xa64103
	0xa64144
	0x86e71d
	0x8ba03d
	0x8ba41b
	0x9017f2
	0x8dc954
	0x8fee17
	0x8dc706
	0x8ada30
	0x8aed54
	0xcd57b4
	0xcd098a
	0xa8c392
	0xa7c4c8
	0xa8324d
	0xa6c478
	0xa6c63c
	0xa567ca
	0x769d5d49
	0x779ad6db
	0x779ad661
Traceback (most recent call last):
  File "D:\2025\SELENIUM-PYTHON\PLAY_RADIUS_AUTOMATION\pages\base_page.py", line 237, in capture_toast
    toast = WebDriverWait(self.driver, timeout).until(
        EC.visibility_of_element_located(locator)
    )
  File "D:\2025\SELENIUM-PYTHON\PLAY_RADIUS_AUTOMATION\.venv\Lib\site-packages\selenium\webdriver\support\wait.py", line 138, in until
    raise TimeoutException(message, screen, stacktrace)
selenium.common.exceptions.TimeoutException: Message: 
Stacktrace:
Symbols not available. Dumping unresolved backtrace:
	0xa64103
	0xa64144
	0x86e71d
	0x8ba03d
	0x8ba41b
	0x9017f2
	0x8dc954
	0x8fee17
	0x8dc706
	0x8ada30
	0x8aed54
	0xcd57b4
	0xcd098a
	0xa8c392
	0xa7c4c8
	0xa8324d
	0xa6c478
	0xa6c63c
	0xa567ca
	0x769d5d49
	0x779ad6db
	0x779ad661

2025-12-01 20:39:20 [INFO] automation - Captured Toast: None
2025-12-01 20:39:20 [INFO] pages.common.loader - Waiting for loader to disappear...
2025-12-01 20:39:25 [INFO] pages.base_page - Loader was not observed during initial check, proceeding without waiting for invisibility.
2025-12-01 20:39:25 [INFO] pages.common.loader - Loader Stopped.
2025-12-01 20:39:25 [INFO] utils.screenshot - Screenshot saved: D:\2025\SELENIUM-PYTHON\PLAY_RADIUS_AUTOMATION\screenshots\Process_Created_Play_Automation_Process_999_20251201_203925.png
2025-12-01 20:39:25 [INFO] pages.base_page - Element visible: ('xpath', "//input[@name='processCode']/following-sibling::div[contains(@class, 'invalid-tooltip')]")
2025-12-01 20:39:25 [INFO] test_cases.process.test_create_process - Logging out...
2025-12-01 20:39:25 [INFO] pages.common.loader - Waiting for loader to disappear...
2025-12-01 20:39:30 [INFO] pages.base_page - Loader was not observed during initial check, proceeding without waiting for invisibility.
2025-12-01 20:39:30 [INFO] pages.common.loader - Loader Stopped.
2025-12-01 20:39:30 [INFO] pages.base_page - Element clickable: ('xpath', "//img[@alt='Profile']")
2025-12-01 20:39:31 [INFO] pages.base_page - Clicked element: ('xpath', "//img[@alt='Profile']")
2025-12-01 20:39:31 [INFO] pages.base_page - Element clickable: ('xpath', "//button[@title='Logout']")
2025-12-01 20:39:31 [INFO] pages.base_page - Clicked element: ('xpath', "//button[@title='Logout']")
2025-12-01 20:39:31 [INFO] pages.login.logout - Logout Successfully.
2025-12-01 20:39:33 [INFO] utils.screenshot - Screenshot saved: D:\2025\SELENIUM-PYTHON\PLAY_RADIUS_AUTOMATION\screenshots\Logout_Successfully_20251201_203931.png
2025-12-01 20:39:33 [INFO] pages.base_page - Element visible: ('xpath', "//span[text()='Login']")
2025-12-01 20:39:33 [INFO] test_cases.process.test_create_process - Logout complete. Test finished.
2025-12-01 20:47:04 [INFO] test_cases.process.test_create_process - Starting test_filter_process_by_name
2025-12-01 20:47:04 [INFO] test_cases.process.test_create_process - Opening login page...
2025-12-01 20:47:04 [INFO] test_cases.process.test_create_process - Starting test_filter_process_by_name
2025-12-01 20:47:04 [INFO] test_cases.process.test_create_process - Opening login page...
2025-12-01 20:47:04 [INFO] test_cases.process.test_create_process - Starting test_filter_process_by_name
2025-12-01 20:47:04 [INFO] test_cases.process.test_create_process - Opening login page...
2025-12-01 20:47:13 [INFO] pages.base_page - Page fully loaded.
2025-12-01 20:47:13 [INFO] pages.login.login - Opening: https://qaradius.in.qamajor.radius-ois.ai/play/login
2025-12-01 20:47:13 [INFO] test_cases.process.test_create_process - Login page opened.
2025-12-01 20:47:13 [INFO] test_cases.process.test_create_process - Attempting login...
2025-12-01 20:47:13 [INFO] pages.base_page - Element visible: ('id', 'loginForm.username')
2025-12-01 20:47:14 [INFO] pages.base_page - Element visible: ('id', 'password')
2025-12-01 20:47:14 [INFO] pages.base_page - Element visible: ('id', 'loginForm.Login')
2025-12-01 20:47:14 [INFO] pages.login.login - Login submitted for user: playadmin
2025-12-01 20:47:14 [INFO] pages.common.loader - Waiting for loader to disappear...
2025-12-01 20:47:14 [INFO] pages.base_page - Page fully loaded.
2025-12-01 20:47:14 [INFO] pages.login.login - Opening: https://qaradius.in.qamajor.radius-ois.ai/play/login
2025-12-01 20:47:14 [INFO] test_cases.process.test_create_process - Login page opened.
2025-12-01 20:47:14 [INFO] test_cases.process.test_create_process - Attempting login...
2025-12-01 20:47:14 [INFO] pages.base_page - Element visible: ('id', 'loginForm.username')
2025-12-01 20:47:15 [INFO] pages.base_page - Loader appeared.
2025-12-01 20:47:15 [INFO] pages.base_page - Element visible: ('id', 'password')
2025-12-01 20:47:15 [INFO] pages.base_page - Element visible: ('id', 'loginForm.Login')
2025-12-01 20:47:15 [INFO] pages.login.login - Login submitted for user: playadmin
2025-12-01 20:47:15 [INFO] pages.common.loader - Waiting for loader to disappear...
2025-12-01 20:47:15 [INFO] pages.base_page - Page fully loaded.
2025-12-01 20:47:15 [INFO] pages.login.login - Opening: https://qaradius.in.qamajor.radius-ois.ai/play/login
2025-12-01 20:47:15 [INFO] test_cases.process.test_create_process - Login page opened.
2025-12-01 20:47:15 [INFO] test_cases.process.test_create_process - Attempting login...
2025-12-01 20:47:15 [INFO] pages.base_page - Element visible: ('id', 'loginForm.username')
2025-12-01 20:47:16 [INFO] pages.base_page - Loader appeared.
2025-12-01 20:47:16 [INFO] pages.base_page - Element visible: ('id', 'password')
2025-12-01 20:47:16 [INFO] pages.base_page - Element visible: ('id', 'loginForm.Login')
2025-12-01 20:47:17 [INFO] pages.login.login - Login submitted for user: playadmin
2025-12-01 20:47:17 [INFO] pages.common.loader - Waiting for loader to disappear...
2025-12-01 20:47:17 [INFO] pages.base_page - Loader appeared.
2025-12-01 20:47:18 [INFO] pages.base_page - Page fully loaded.
2025-12-01 20:47:18 [INFO] pages.login.login - Opening: https://qaradius.in.qamajor.radius-ois.ai/play/login
2025-12-01 20:47:18 [INFO] pages.base_page - Element visible: ('id', 'loginForm.username')
2025-12-01 20:47:19 [INFO] pages.base_page - Element visible: ('id', 'password')
2025-12-01 20:47:19 [INFO] pages.base_page - Element visible: ('id', 'loginForm.Login')
2025-12-01 20:47:20 [INFO] pages.login.login - Login submitted for user: playadmin
2025-12-01 20:47:20 [INFO] pages.common.loader - Waiting for loader to disappear...
2025-12-01 20:47:20 [INFO] pages.base_page - Loader appeared.
2025-12-01 20:47:22 [INFO] pages.base_page - Loader disappeared.
2025-12-01 20:47:22 [INFO] pages.common.loader - Loader Stopped.
2025-12-01 20:47:22 [INFO] pages.login.login - Login submitted successfully.
2025-12-01 20:47:22 [INFO] utils.screenshot - Screenshot saved: D:\2025\SELENIUM-PYTHON\PLAY_RADIUS_AUTOMATION\screenshots\Login Submitted successfully_20251201_204722.png
2025-12-01 20:47:22 [INFO] test_cases.process.test_create_process - Login complete.
2025-12-01 20:47:22 [INFO] test_cases.process.test_create_process - Waiting for page to load after login...
2025-12-01 20:47:22 [INFO] pages.common.loader - Waiting for loader to disappear...
2025-12-01 20:47:22 [INFO] pages.base_page - Loader disappeared.
2025-12-01 20:47:22 [INFO] pages.common.loader - Loader Stopped.
2025-12-01 20:47:22 [INFO] pages.login.login - Login submitted successfully.
2025-12-01 20:47:23 [INFO] utils.screenshot - Screenshot saved: D:\2025\SELENIUM-PYTHON\PLAY_RADIUS_AUTOMATION\screenshots\Login Submitted successfully_20251201_204722.png
2025-12-01 20:47:23 [INFO] pages.common.loader - Waiting for loader to disappear...
2025-12-01 20:47:23 [INFO] pages.base_page - Loader disappeared.
2025-12-01 20:47:23 [INFO] pages.common.loader - Loader Stopped.
2025-12-01 20:47:23 [INFO] pages.login.login - Login submitted successfully.
2025-12-01 20:47:23 [INFO] utils.screenshot - Screenshot saved: D:\2025\SELENIUM-PYTHON\PLAY_RADIUS_AUTOMATION\screenshots\Login Submitted successfully_20251201_204723.png
2025-12-01 20:47:23 [INFO] test_cases.process.test_create_process - Login complete.
2025-12-01 20:47:23 [INFO] test_cases.process.test_create_process - Waiting for page to load after login...
2025-12-01 20:47:23 [INFO] pages.common.loader - Waiting for loader to disappear...
2025-12-01 20:47:25 [INFO] pages.base_page - Loader disappeared.
2025-12-01 20:47:25 [INFO] pages.common.loader - Loader Stopped.
2025-12-01 20:47:25 [INFO] pages.login.login - Login submitted successfully.
2025-12-01 20:47:25 [INFO] utils.screenshot - Screenshot saved: D:\2025\SELENIUM-PYTHON\PLAY_RADIUS_AUTOMATION\screenshots\Login Submitted successfully_20251201_204725.png
2025-12-01 20:47:25 [INFO] test_cases.process.test_create_process - Login complete.
2025-12-01 20:47:25 [INFO] test_cases.process.test_create_process - Waiting for page to load after login...
2025-12-01 20:47:25 [INFO] pages.common.loader - Waiting for loader to disappear...
2025-12-01 20:47:27 [INFO] pages.base_page - Loader was not observed during initial check, proceeding without waiting for invisibility.
2025-12-01 20:47:27 [INFO] pages.common.loader - Loader Stopped.
2025-12-01 20:47:27 [INFO] test_cases.process.test_create_process - Page loaded.
2025-12-01 20:47:27 [INFO] test_cases.process.test_create_process - Navigating to Process section via Side Menu...
2025-12-01 20:47:27 [INFO] pages.common.loader - Waiting for loader to disappear...
2025-12-01 20:47:28 [INFO] pages.base_page - Loader was not observed during initial check, proceeding without waiting for invisibility.
2025-12-01 20:47:28 [INFO] pages.common.loader - Loader Stopped.
2025-12-01 20:47:28 [INFO] pages.common.loader - Waiting for loader to disappear...
2025-12-01 20:47:28 [INFO] pages.base_page - Loader was not observed during initial check, proceeding without waiting for invisibility.
2025-12-01 20:47:28 [INFO] pages.common.loader - Loader Stopped.
2025-12-01 20:47:28 [INFO] test_cases.process.test_create_process - Page loaded.
2025-12-01 20:47:28 [INFO] test_cases.process.test_create_process - Navigating to Process section via Side Menu...
2025-12-01 20:47:28 [INFO] pages.common.loader - Waiting for loader to disappear...
2025-12-01 20:47:30 [INFO] pages.base_page - Loader was not observed during initial check, proceeding without waiting for invisibility.
2025-12-01 20:47:30 [INFO] pages.common.loader - Loader Stopped.
2025-12-01 20:47:30 [INFO] test_cases.process.test_create_process - Page loaded.
2025-12-01 20:47:30 [INFO] test_cases.process.test_create_process - Navigating to Process section via Side Menu...
2025-12-01 20:47:30 [INFO] pages.common.loader - Waiting for loader to disappear...
2025-12-01 20:47:32 [INFO] pages.base_page - Loader was not observed during initial check, proceeding without waiting for invisibility.
2025-12-01 20:47:32 [INFO] pages.common.loader - Loader Stopped.
2025-12-01 20:47:32 [INFO] pages.base_page - Element clickable: ('xpath', "//button[@title='Process']")
2025-12-01 20:47:33 [INFO] pages.base_page - Loader was not observed during initial check, proceeding without waiting for invisibility.
2025-12-01 20:47:33 [INFO] pages.common.loader - Loader Stopped.
2025-12-01 20:47:33 [INFO] pages.base_page - Element clickable: ('xpath', "//button[@title='Process']")
2025-12-01 20:47:34 [INFO] pages.base_page - Loader was not observed during initial check, proceeding without waiting for invisibility.
2025-12-01 20:47:34 [INFO] pages.common.loader - Loader Stopped.
2025-12-01 20:47:34 [INFO] pages.common.sidemenupage - Process Showing
2025-12-01 20:47:34 [INFO] pages.base_page - Element clickable: ('xpath', "//button[@title='Process']")
2025-12-01 20:47:34 [INFO] utils.screenshot - Screenshot saved: D:\2025\SELENIUM-PYTHON\PLAY_RADIUS_AUTOMATION\screenshots\Process Showing_20251201_204734.png
2025-12-01 20:47:34 [INFO] test_cases.process.test_create_process - Navigated to Process section.
2025-12-01 20:47:34 [INFO] pages.common.loader - Waiting for loader to disappear...
2025-12-01 20:47:35 [INFO] pages.base_page - Loader was not observed during initial check, proceeding without waiting for invisibility.
2025-12-01 20:47:35 [INFO] pages.common.loader - Loader Stopped.
2025-12-01 20:47:35 [INFO] pages.base_page - Element clickable: ('xpath', "//button[@title='Process']")
2025-12-01 20:47:35 [INFO] pages.common.sidemenupage - Process Showing
2025-12-01 20:47:35 [INFO] utils.screenshot - Screenshot saved: D:\2025\SELENIUM-PYTHON\PLAY_RADIUS_AUTOMATION\screenshots\Process Showing_20251201_204735.png
2025-12-01 20:47:36 [INFO] pages.base_page - Element clickable: ('xpath', "//button[@id='add-entity']")
2025-12-01 20:47:37 [INFO] pages.common.sidemenupage - Process Showing
2025-12-01 20:47:37 [INFO] utils.screenshot - Screenshot saved: D:\2025\SELENIUM-PYTHON\PLAY_RADIUS_AUTOMATION\screenshots\Process Showing_20251201_204737.png
2025-12-01 20:47:37 [INFO] test_cases.process.test_create_process - Navigated to Process section.
2025-12-01 20:47:37 [INFO] pages.common.loader - Waiting for loader to disappear...
2025-12-01 20:47:37 [INFO] pages.common.sidemenupage - Process Showing
2025-12-01 20:47:38 [INFO] utils.screenshot - Screenshot saved: D:\2025\SELENIUM-PYTHON\PLAY_RADIUS_AUTOMATION\screenshots\Process Showing_20251201_204737.png
2025-12-01 20:47:38 [INFO] test_cases.process.test_create_process - Navigated to Process section.
2025-12-01 20:47:38 [INFO] pages.common.loader - Waiting for loader to disappear...
2025-12-01 20:47:39 [INFO] pages.base_page - Element clickable: ('xpath', "//button[@title='Reset']")
2025-12-01 20:47:39 [INFO] automation - Clicked Reset button
2025-12-01 20:47:39 [INFO] pages.base_page - Element clickable: ('xpath', "//button[@title='Save']")
2025-12-01 20:47:39 [INFO] pages.base_page - Loader was not observed during initial check, proceeding without waiting for invisibility.
2025-12-01 20:47:39 [INFO] pages.common.loader - Loader Stopped.
2025-12-01 20:47:40 [INFO] pages.base_page - Element clickable: ('xpath', "//button[@id='add-entity']")
2025-12-01 20:47:42 [INFO] pages.base_page - Loader was not observed during initial check, proceeding without waiting for invisibility.
2025-12-01 20:47:42 [INFO] pages.common.loader - Loader Stopped.
2025-12-01 20:47:42 [INFO] pages.base_page - Element clickable: ('xpath', "//button[@id='add-entity']")
2025-12-01 20:47:43 [INFO] pages.base_page - Loader was not observed during initial check, proceeding without waiting for invisibility.
2025-12-01 20:47:43 [INFO] pages.common.loader - Loader Stopped.
2025-12-01 20:47:43 [INFO] pages.base_page - Element clickable: ('xpath', "//button[@id='add-entity']")
2025-12-01 20:47:43 [INFO] pages.base_page - Element visible: ('xpath', "//input[@name='processName']")
2025-12-01 20:47:43 [INFO] automation - Process Name entered: 'Multi Channel Process_11001'
2025-12-01 20:47:43 [INFO] automation - Setting channel configuration
2025-12-01 20:47:43 [INFO] pages.base_page - Element clickable: ('xpath', "//*[@id='process-basic-info']/div[2]/div/form/div/div/div[4]/div/div/div[1]/label")
2025-12-01 20:47:44 [INFO] pages.base_page - Element clickable: ('xpath', "//*[@id='process-basic-info']/div[2]/div/form/div/div/div[4]/div/div/div[2]/label")
2025-12-01 20:47:44 [INFO] utils.screenshot - Screenshot saved: D:\2025\SELENIUM-PYTHON\PLAY_RADIUS_AUTOMATION\screenshots\toast_capture_error_20251201_204744.png
2025-12-01 20:47:44 [ERROR] pages.base_page - No toast captured: Message: 
Stacktrace:
Symbols not available. Dumping unresolved backtrace:
	0xc04103
	0xc04144
	0xa0e71d
	0xa5a03d
	0xa5a41b
	0xaa17f2
	0xa7c954
	0xa9ee17
	0xa7c706
	0xa4da30
	0xa4ed54
	0xe757b4
	0xe7098a
	0xc2c392
	0xc1c4c8
	0xc2324d
	0xc0c478
	0xc0c63c
	0xbf67ca
	0x769d5d49
	0x779ad6db
	0x779ad661
Traceback (most recent call last):
  File "D:\2025\SELENIUM-PYTHON\PLAY_RADIUS_AUTOMATION\pages\base_page.py", line 237, in capture_toast
    toast = WebDriverWait(self.driver, timeout).until(
        EC.visibility_of_element_located(locator)
    )
  File "D:\2025\SELENIUM-PYTHON\PLAY_RADIUS_AUTOMATION\.venv\Lib\site-packages\selenium\webdriver\support\wait.py", line 138, in until
    raise TimeoutException(message, screen, stacktrace)
selenium.common.exceptions.TimeoutException: Message: 
Stacktrace:
Symbols not available. Dumping unresolved backtrace:
	0xc04103
	0xc04144
	0xa0e71d
	0xa5a03d
	0xa5a41b
	0xaa17f2
	0xa7c954
	0xa9ee17
	0xa7c706
	0xa4da30
	0xa4ed54
	0xe757b4
	0xe7098a
	0xc2c392
	0xc1c4c8
	0xc2324d
	0xc0c478
	0xc0c63c
	0xbf67ca
	0x769d5d49
	0x779ad6db
	0x779ad661

2025-12-01 20:47:44 [INFO] automation - Captured Toast: None
2025-12-01 20:47:44 [INFO] pages.base_page - Element visible: ('xpath', "//input[@name='processCode']/following-sibling::div[contains(@class, 'invalid-tooltip')]")
2025-12-01 20:47:44 [INFO] pages.common.loader - Waiting for loader to disappear...
2025-12-01 20:47:45 [INFO] pages.base_page - Element clickable: ('xpath', "//*[@id='process-basic-info']/div[2]/div/form/div/div/div[4]/div/div/div[3]/label")
2025-12-01 20:47:46 [INFO] pages.base_page - Element clickable: ('xpath', "//button[@title='Save']")
2025-12-01 20:47:46 [INFO] pages.base_page - Element visible: ('xpath', "//input[@name='processName']")
2025-12-01 20:47:46 [INFO] pages.base_page - Toast appeared: Process saved successfully
2025-12-01 20:47:47 [INFO] pages.base_page - Element visible: ('xpath', "//input[@name='processName']")
2025-12-01 20:47:47 [INFO] automation - Process Name entered: 'AUTO_DEFAULT_NAME1003'
2025-12-01 20:47:47 [INFO] automation - Process Name entered: 'MyProcess_1002'
2025-12-01 20:47:47 [INFO] automation - Setting channel configuration
2025-12-01 20:47:47 [INFO] automation - Setting channel configuration
2025-12-01 20:47:47 [INFO] pages.base_page - Element clickable: ('xpath', "//*[@id='process-basic-info']/div[2]/div/form/div/div/div[4]/div/div/div[3]/label")
2025-12-01 20:47:47 [INFO] pages.base_page - Element clickable: ('xpath', "//*[@id='process-basic-info']/div[2]/div/form/div/div/div[4]/div/div/div[2]/label")
2025-12-01 20:47:48 [INFO] pages.base_page - Element clickable: ('xpath', "//button[@title='Save']")
2025-12-01 20:47:48 [INFO] pages.base_page - Element clickable: ('xpath', "//button[@title='Save']")
2025-12-01 20:47:49 [INFO] pages.base_page - Loader was not observed during initial check, proceeding without waiting for invisibility.
2025-12-01 20:47:49 [INFO] pages.common.loader - Loader Stopped.
2025-12-01 20:47:49 [INFO] pages.base_page - Toast appeared: Process saved successfully
2025-12-01 20:47:49 [INFO] pages.base_page - Toast appeared: Process saved successfully
2025-12-01 20:47:49 [INFO] pages.base_page - Element clickable: ('xpath', "//img[@alt='Profile']")
2025-12-01 20:47:50 [INFO] automation - Captured Toast: Process saved successfully
2025-12-01 20:47:50 [INFO] pages.common.loader - Waiting for loader to disappear...
2025-12-01 20:47:50 [INFO] pages.base_page - Clicked element: ('xpath', "//img[@alt='Profile']")
2025-12-01 20:47:50 [INFO] pages.base_page - Element clickable: ('xpath', "//button[@title='Logout']")
2025-12-01 20:47:52 [INFO] pages.base_page - Clicked element: ('xpath', "//button[@title='Logout']")
2025-12-01 20:47:52 [INFO] pages.login.logout - Logout Successfully.
2025-12-01 20:47:52 [INFO] automation - Captured Toast: Process saved successfully
2025-12-01 20:47:52 [INFO] pages.common.loader - Waiting for loader to disappear...
2025-12-01 20:47:52 [INFO] automation - Captured Toast: Process saved successfully
2025-12-01 20:47:52 [INFO] pages.common.loader - Waiting for loader to disappear...
2025-12-01 20:47:52 [INFO] utils.screenshot - Screenshot saved: D:\2025\SELENIUM-PYTHON\PLAY_RADIUS_AUTOMATION\screenshots\Logout_Successfully_20251201_204752.png
2025-12-01 20:47:52 [INFO] pages.base_page - Element visible: ('xpath', "//span[text()='Login']")
2025-12-01 20:47:55 [INFO] pages.base_page - Loader was not observed during initial check, proceeding without waiting for invisibility.
2025-12-01 20:47:55 [INFO] pages.common.loader - Loader Stopped.
2025-12-01 20:47:55 [INFO] utils.screenshot - Screenshot saved: D:\2025\SELENIUM-PYTHON\PLAY_RADIUS_AUTOMATION\screenshots\Process_Created_Play_Automation_Process_1001_20251201_204755.png
2025-12-01 20:47:55 [INFO] test_cases.process.test_create_process - Logging out...
2025-12-01 20:47:55 [INFO] pages.common.loader - Waiting for loader to disappear...
2025-12-01 20:47:57 [INFO] pages.base_page - Loader was not observed during initial check, proceeding without waiting for invisibility.
2025-12-01 20:47:57 [INFO] pages.common.loader - Loader Stopped.
2025-12-01 20:47:57 [INFO] pages.base_page - Loader was not observed during initial check, proceeding without waiting for invisibility.
2025-12-01 20:47:57 [INFO] pages.common.loader - Loader Stopped.
2025-12-01 20:47:57 [INFO] utils.screenshot - Screenshot saved: D:\2025\SELENIUM-PYTHON\PLAY_RADIUS_AUTOMATION\screenshots\Process_Created_Play_Automation_Process_1002_20251201_204757.png
2025-12-01 20:47:57 [INFO] pages.common.loader - Waiting for loader to disappear...
2025-12-01 20:47:57 [INFO] utils.screenshot - Screenshot saved: D:\2025\SELENIUM-PYTHON\PLAY_RADIUS_AUTOMATION\screenshots\Process_Created_Play_Automation_Process_1003_20251201_204757.png
2025-12-01 20:47:57 [INFO] test_cases.process.test_create_process - Logging out...
2025-12-01 20:47:57 [INFO] pages.common.loader - Waiting for loader to disappear...
2025-12-01 20:47:59 [INFO] test_cases.process.test_create_process - Starting test_filter_process_by_name
2025-12-01 20:47:59 [INFO] test_cases.process.test_create_process - Opening login page...
2025-12-01 20:48:00 [INFO] pages.base_page - Loader was not observed during initial check, proceeding without waiting for invisibility.
2025-12-01 20:48:00 [INFO] pages.common.loader - Loader Stopped.
2025-12-01 20:48:00 [INFO] pages.base_page - Element clickable: ('xpath', "//img[@alt='Profile']")
2025-12-01 20:48:00 [INFO] pages.base_page - Clicked element: ('xpath', "//img[@alt='Profile']")
2025-12-01 20:48:00 [INFO] pages.base_page - Element clickable: ('xpath', "//button[@title='Logout']")
2025-12-01 20:48:01 [INFO] pages.base_page - Clicked element: ('xpath', "//button[@title='Logout']")
2025-12-01 20:48:01 [INFO] pages.login.logout - Logout Successfully.
2025-12-01 20:48:02 [INFO] pages.base_page - Loader was not observed during initial check, proceeding without waiting for invisibility.
2025-12-01 20:48:02 [INFO] pages.common.loader - Loader Stopped.
2025-12-01 20:48:02 [INFO] pages.base_page - Loader was not observed during initial check, proceeding without waiting for invisibility.
2025-12-01 20:48:02 [INFO] pages.common.loader - Loader Stopped.
2025-12-01 20:48:02 [INFO] pages.base_page - Element clickable: ('xpath', "//img[@alt='Profile']")
2025-12-01 20:48:03 [INFO] pages.base_page - Clicked element: ('xpath', "//img[@alt='Profile']")
2025-12-01 20:48:03 [INFO] utils.screenshot - Screenshot saved: D:\2025\SELENIUM-PYTHON\PLAY_RADIUS_AUTOMATION\screenshots\Logout_Successfully_20251201_204801.png
2025-12-01 20:48:03 [INFO] pages.base_page - Element clickable: ('xpath', "//button[@title='Logout']")
2025-12-01 20:48:03 [INFO] pages.base_page - Element visible: ('xpath', "//span[text()='Login']")
2025-12-01 20:48:03 [INFO] test_cases.process.test_create_process - Logout complete. Test finished.
2025-12-01 20:48:04 [INFO] pages.base_page - Clicked element: ('xpath', "//button[@title='Logout']")
2025-12-01 20:48:04 [INFO] pages.login.logout - Logout Successfully.
2025-12-01 20:48:05 [INFO] pages.base_page - Page fully loaded.
2025-12-01 20:48:05 [INFO] pages.login.login - Opening: https://qaradius.in.qamajor.radius-ois.ai/play/login
2025-12-01 20:48:05 [INFO] test_cases.process.test_create_process - Login page opened.
2025-12-01 20:48:05 [INFO] test_cases.process.test_create_process - Attempting login...
2025-12-01 20:48:05 [INFO] utils.screenshot - Screenshot saved: D:\2025\SELENIUM-PYTHON\PLAY_RADIUS_AUTOMATION\screenshots\Logout_Successfully_20251201_204804.png
2025-12-01 20:48:05 [INFO] pages.base_page - Element visible: ('xpath', "//span[text()='Login']")
2025-12-01 20:48:05 [INFO] pages.base_page - Element visible: ('id', 'loginForm.username')
2025-12-01 20:48:05 [INFO] test_cases.process.test_create_process - Logout complete. Test finished.
2025-12-01 20:48:05 [INFO] pages.base_page - Element visible: ('id', 'password')
2025-12-01 20:48:06 [INFO] pages.base_page - Element visible: ('id', 'loginForm.Login')
2025-12-01 20:48:06 [INFO] pages.login.login - Login submitted for user: playadmin
2025-12-01 20:48:06 [INFO] pages.common.loader - Waiting for loader to disappear...
2025-12-01 20:48:06 [INFO] pages.base_page - Loader appeared.
2025-12-01 20:48:12 [INFO] test_cases.process.test_create_process - Starting test_filter_process_by_name
2025-12-01 20:48:12 [INFO] test_cases.process.test_create_process - Opening login page...
2025-12-01 20:48:13 [INFO] test_cases.process.test_create_process - Starting test_filter_process_by_name
2025-12-01 20:48:13 [INFO] test_cases.process.test_create_process - Opening login page...
2025-12-01 20:48:13 [INFO] utils.screenshot - Screenshot saved: D:\2025\SELENIUM-PYTHON\PLAY_RADIUS_AUTOMATION\screenshots\wait_until_clickable_error___button[@id='add-entity']_20251201_204813.png
2025-12-01 20:48:13 [ERROR] pages.base_page - wait_until_clickable failed for ('xpath', "//button[@id='add-entity']"): Message: 
Stacktrace:
Symbols not available. Dumping unresolved backtrace:
	0xc74103
	0xc74144
	0xa7e71d
	0xaca03d
	0xaca41b
	0xb117f2
	0xaec954
	0xb0ee17
	0xaec706
	0xabda30
	0xabed54
	0xee57b4
	0xee098a
	0xc9c392
	0xc8c4c8
	0xc9324d
	0xc7c478
	0xc7c63c
	0xc667ca
	0x769d5d49
	0x779ad6db
	0x779ad661
Traceback (most recent call last):
  File "D:\2025\SELENIUM-PYTHON\PLAY_RADIUS_AUTOMATION\pages\base_page.py", line 172, in _wait_for_condition
    element = wait_obj.until(condition) # Use the passed wait_obj
  File "D:\2025\SELENIUM-PYTHON\PLAY_RADIUS_AUTOMATION\.venv\Lib\site-packages\selenium\webdriver\support\wait.py", line 138, in until
    raise TimeoutException(message, screen, stacktrace)
selenium.common.exceptions.TimeoutException: Message: 
Stacktrace:
Symbols not available. Dumping unresolved backtrace:
	0xc74103
	0xc74144
	0xa7e71d
	0xaca03d
	0xaca41b
	0xb117f2
	0xaec954
	0xb0ee17
	0xaec706
	0xabda30
	0xabed54
	0xee57b4
	0xee098a
	0xc9c392
	0xc8c4c8
	0xc9324d
	0xc7c478
	0xc7c63c
	0xc667ca
	0x769d5d49
	0x779ad6db
	0x779ad661

2025-12-01 20:48:13 [INFO] pages.base_page - Element visible: ('xpath', "//input[@name='processName']")
2025-12-01 20:48:13 [ERROR] automation - Error entering Process Name: Message: invalid element state
  (Session info: chrome=142.0.7444.176)
Stacktrace:
Symbols not available. Dumping unresolved backtrace:
	0xc74103
	0xc74144
	0xa7e56b
	0xac176c
	0xaec90c
	0xabf7c4
	0xaecac4
	0xb0ee17
	0xaec706
	0xabda30
	0xabed54
	0xee57b4
	0xee098a
	0xc9c392
	0xc8c4c8
	0xc9324d
	0xc7c478
	0xc7c63c
	0xc667ca
	0x769d5d49
	0x779ad6db
	0x779ad661
Traceback (most recent call last):
  File "D:\2025\SELENIUM-PYTHON\PLAY_RADIUS_AUTOMATION\pages\process\process_manager\create_process.py", line 171, in add_process_name
    field.clear()
    ~~~~~~~~~~~^^
  File "D:\2025\SELENIUM-PYTHON\PLAY_RADIUS_AUTOMATION\.venv\Lib\site-packages\selenium\webdriver\remote\webelement.py", line 154, in clear
    self._execute(Command.CLEAR_ELEMENT)
    ~~~~~~~~~~~~~^^^^^^^^^^^^^^^^^^^^^^^
  File "D:\2025\SELENIUM-PYTHON\PLAY_RADIUS_AUTOMATION\.venv\Lib\site-packages\selenium\webdriver\remote\webelement.py", line 572, in _execute
    return self._parent.execute(command, params)
           ~~~~~~~~~~~~~~~~~~~~^^^^^^^^^^^^^^^^^
  File "D:\2025\SELENIUM-PYTHON\PLAY_RADIUS_AUTOMATION\.venv\Lib\site-packages\selenium\webdriver\remote\webdriver.py", line 458, in execute
    self.error_handler.check_response(response)
    ~~~~~~~~~~~~~~~~~~~~~~~~~~~~~~~~~^^^^^^^^^^
  File "D:\2025\SELENIUM-PYTHON\PLAY_RADIUS_AUTOMATION\.venv\Lib\site-packages\selenium\webdriver\remote\errorhandler.py", line 233, in check_response
    raise exception_class(message, screen, stacktrace)
selenium.common.exceptions.InvalidElementStateException: Message: invalid element state
  (Session info: chrome=142.0.7444.176)
Stacktrace:
Symbols not available. Dumping unresolved backtrace:
	0xc74103
	0xc74144
	0xa7e56b
	0xac176c
	0xaec90c
	0xabf7c4
	0xaecac4
	0xb0ee17
	0xaec706
	0xabda30
	0xabed54
	0xee57b4
	0xee098a
	0xc9c392
	0xc8c4c8
	0xc9324d
	0xc7c478
	0xc7c63c
	0xc667ca
	0x769d5d49
	0x779ad6db
	0x779ad661

2025-12-01 20:48:13 [INFO] test_cases.process.test_create_process - Logging out...
2025-12-01 20:48:13 [INFO] pages.common.loader - Waiting for loader to disappear...
2025-12-01 20:48:13 [INFO] pages.base_page - Loader disappeared.
2025-12-01 20:48:13 [INFO] pages.common.loader - Loader Stopped.
2025-12-01 20:48:13 [INFO] pages.login.login - Login submitted successfully.
2025-12-01 20:48:14 [INFO] utils.screenshot - Screenshot saved: D:\2025\SELENIUM-PYTHON\PLAY_RADIUS_AUTOMATION\screenshots\Login Submitted successfully_20251201_204813.png
2025-12-01 20:48:14 [INFO] test_cases.process.test_create_process - Login complete.
2025-12-01 20:48:14 [INFO] test_cases.process.test_create_process - Waiting for page to load after login...
2025-12-01 20:48:14 [INFO] pages.common.loader - Waiting for loader to disappear...
2025-12-01 20:48:18 [INFO] pages.base_page - Loader was not observed during initial check, proceeding without waiting for invisibility.
2025-12-01 20:48:18 [INFO] pages.common.loader - Loader Stopped.
2025-12-01 20:48:19 [INFO] pages.base_page - Loader was not observed during initial check, proceeding without waiting for invisibility.
2025-12-01 20:48:19 [INFO] pages.common.loader - Loader Stopped.
2025-12-01 20:48:19 [INFO] test_cases.process.test_create_process - Page loaded.
2025-12-01 20:48:19 [INFO] test_cases.process.test_create_process - Navigating to Process section via Side Menu...
2025-12-01 20:48:19 [INFO] pages.common.loader - Waiting for loader to disappear...
2025-12-01 20:48:19 [INFO] pages.base_page - Element clickable: ('xpath', "//img[@alt='Profile']")
2025-12-01 20:48:19 [INFO] pages.base_page - Clicked element: ('xpath', "//img[@alt='Profile']")
2025-12-01 20:48:20 [INFO] pages.base_page - Element clickable: ('xpath', "//button[@title='Logout']")
2025-12-01 20:48:21 [INFO] pages.base_page - Clicked element: ('xpath', "//button[@title='Logout']")
2025-12-01 20:48:21 [INFO] pages.login.logout - Logout Successfully.
2025-12-01 20:48:22 [INFO] utils.screenshot - Screenshot saved: D:\2025\SELENIUM-PYTHON\PLAY_RADIUS_AUTOMATION\screenshots\Logout_Successfully_20251201_204821.png
2025-12-01 20:48:22 [INFO] pages.base_page - Page fully loaded.
2025-12-01 20:48:22 [INFO] pages.login.login - Opening: https://qaradius.in.qamajor.radius-ois.ai/play/login
2025-12-01 20:48:22 [INFO] pages.base_page - Element visible: ('xpath', "//span[text()='Login']")
2025-12-01 20:48:22 [INFO] test_cases.process.test_create_process - Login page opened.
2025-12-01 20:48:22 [INFO] test_cases.process.test_create_process - Attempting login...
2025-12-01 20:48:22 [INFO] test_cases.process.test_create_process - Logout complete. Test finished.
2025-12-01 20:48:22 [INFO] pages.base_page - Element visible: ('id', 'loginForm.username')
2025-12-01 20:48:22 [INFO] pages.base_page - Element visible: ('id', 'password')
2025-12-01 20:48:22 [INFO] pages.base_page - Page fully loaded.
2025-12-01 20:48:22 [INFO] pages.login.login - Opening: https://qaradius.in.qamajor.radius-ois.ai/play/login
2025-12-01 20:48:22 [INFO] test_cases.process.test_create_process - Login page opened.
2025-12-01 20:48:22 [INFO] test_cases.process.test_create_process - Attempting login...
2025-12-01 20:48:22 [INFO] pages.base_page - Element visible: ('id', 'loginForm.username')
2025-12-01 20:48:23 [INFO] pages.base_page - Element visible: ('id', 'loginForm.Login')
2025-12-01 20:48:23 [INFO] pages.base_page - Element visible: ('id', 'password')
2025-12-01 20:48:23 [INFO] pages.base_page - Element visible: ('id', 'loginForm.Login')
2025-12-01 20:48:23 [INFO] pages.login.login - Login submitted for user: playadmin
2025-12-01 20:48:23 [INFO] pages.common.loader - Waiting for loader to disappear...
2025-12-01 20:48:24 [INFO] pages.base_page - Loader appeared.
2025-12-01 20:48:24 [INFO] pages.login.login - Login submitted for user: playadmin
2025-12-01 20:48:24 [INFO] pages.common.loader - Waiting for loader to disappear...
2025-12-01 20:48:24 [INFO] pages.base_page - Loader was not observed during initial check, proceeding without waiting for invisibility.
2025-12-01 20:48:24 [INFO] pages.common.loader - Loader Stopped.
2025-12-01 20:48:24 [INFO] pages.base_page - Element clickable: ('xpath', "//button[@title='Process']")
2025-12-01 20:48:24 [INFO] pages.base_page - Loader appeared.
2025-12-01 20:48:26 [INFO] pages.common.sidemenupage - Process Showing
2025-12-01 20:48:27 [INFO] utils.screenshot - Screenshot saved: D:\2025\SELENIUM-PYTHON\PLAY_RADIUS_AUTOMATION\screenshots\Process Showing_20251201_204826.png
2025-12-01 20:48:27 [INFO] test_cases.process.test_create_process - Navigated to Process section.
2025-12-01 20:48:27 [INFO] pages.common.loader - Waiting for loader to disappear...
2025-12-01 20:48:32 [INFO] pages.base_page - Loader disappeared.
2025-12-01 20:48:32 [INFO] pages.common.loader - Loader Stopped.
2025-12-01 20:48:32 [INFO] pages.login.login - Login submitted successfully.
2025-12-01 20:48:32 [INFO] pages.base_page - Loader was not observed during initial check, proceeding without waiting for invisibility.
2025-12-01 20:48:32 [INFO] pages.common.loader - Loader Stopped.
2025-12-01 20:48:32 [INFO] pages.base_page - Element clickable: ('xpath', "//button[@id='add-entity']")
2025-12-01 20:48:32 [INFO] utils.screenshot - Screenshot saved: D:\2025\SELENIUM-PYTHON\PLAY_RADIUS_AUTOMATION\screenshots\Login Submitted successfully_20251201_204832.png
2025-12-01 20:48:32 [INFO] test_cases.process.test_create_process - Login complete.
2025-12-01 20:48:32 [INFO] test_cases.process.test_create_process - Waiting for page to load after login...
2025-12-01 20:48:32 [INFO] pages.common.loader - Waiting for loader to disappear...
2025-12-01 20:48:32 [INFO] pages.base_page - Loader disappeared.
2025-12-01 20:48:32 [INFO] pages.common.loader - Loader Stopped.
2025-12-01 20:48:32 [INFO] pages.login.login - Login submitted successfully.
2025-12-01 20:48:33 [INFO] utils.screenshot - Screenshot saved: D:\2025\SELENIUM-PYTHON\PLAY_RADIUS_AUTOMATION\screenshots\Login Submitted successfully_20251201_204832.png
2025-12-01 20:48:33 [INFO] test_cases.process.test_create_process - Login complete.
2025-12-01 20:48:33 [INFO] test_cases.process.test_create_process - Waiting for page to load after login...
2025-12-01 20:48:33 [INFO] pages.common.loader - Waiting for loader to disappear...
2025-12-01 20:48:33 [INFO] test_cases.process.test_create_process - Starting test_filter_process_by_name
2025-12-01 20:48:33 [INFO] test_cases.process.test_create_process - Opening login page...
2025-12-01 20:48:36 [INFO] pages.base_page - Element visible: ('xpath', "//input[@name='processName']")
2025-12-01 20:48:36 [INFO] automation - Process Name entered: 'Long Code Process Name1004'
2025-12-01 20:48:36 [INFO] automation - Setting channel configuration
2025-12-01 20:48:37 [INFO] pages.base_page - Element clickable: ('xpath', "//*[@id='process-basic-info']/div[2]/div/form/div/div/div[4]/div/div/div[2]/label")
2025-12-01 20:48:37 [INFO] pages.base_page - Loader was not observed during initial check, proceeding without waiting for invisibility.
2025-12-01 20:48:37 [INFO] pages.common.loader - Loader Stopped.
2025-12-01 20:48:37 [INFO] test_cases.process.test_create_process - Page loaded.
2025-12-01 20:48:37 [INFO] test_cases.process.test_create_process - Navigating to Process section via Side Menu...
2025-12-01 20:48:37 [INFO] pages.common.loader - Waiting for loader to disappear...
2025-12-01 20:48:37 [INFO] pages.base_page - Element clickable: ('xpath', "//button[@title='Save']")
2025-12-01 20:48:38 [INFO] pages.base_page - Loader was not observed during initial check, proceeding without waiting for invisibility.
2025-12-01 20:48:38 [INFO] pages.common.loader - Loader Stopped.
2025-12-01 20:48:38 [INFO] test_cases.process.test_create_process - Page loaded.
2025-12-01 20:48:38 [INFO] test_cases.process.test_create_process - Navigating to Process section via Side Menu...
2025-12-01 20:48:38 [INFO] pages.common.loader - Waiting for loader to disappear...
2025-12-01 20:48:40 [INFO] pages.base_page - Page fully loaded.
2025-12-01 20:48:40 [INFO] pages.login.login - Opening: https://qaradius.in.qamajor.radius-ois.ai/play/login
2025-12-01 20:48:40 [INFO] test_cases.process.test_create_process - Login page opened.
2025-12-01 20:48:40 [INFO] test_cases.process.test_create_process - Attempting login...
2025-12-01 20:48:40 [INFO] pages.base_page - Element visible: ('id', 'loginForm.username')
2025-12-01 20:48:40 [INFO] pages.base_page - Element visible: ('id', 'password')
2025-12-01 20:48:40 [INFO] pages.base_page - Element visible: ('id', 'loginForm.Login')
2025-12-01 20:48:41 [INFO] pages.login.login - Login submitted for user: playadmin
2025-12-01 20:48:41 [INFO] pages.common.loader - Waiting for loader to disappear...
2025-12-01 20:48:41 [INFO] pages.base_page - Loader appeared.
2025-12-01 20:48:42 [INFO] pages.base_page - Loader was not observed during initial check, proceeding without waiting for invisibility.
2025-12-01 20:48:42 [INFO] pages.common.loader - Loader Stopped.
2025-12-01 20:48:42 [INFO] pages.base_page - Element clickable: ('xpath', "//button[@title='Process']")
2025-12-01 20:48:43 [INFO] utils.screenshot - Screenshot saved: D:\2025\SELENIUM-PYTHON\PLAY_RADIUS_AUTOMATION\screenshots\toast_capture_error_20251201_204843.png
2025-12-01 20:48:43 [ERROR] pages.base_page - No toast captured: Message: 
Stacktrace:
Symbols not available. Dumping unresolved backtrace:
	0xc04103
	0xc04144
	0xa0e71d
	0xa5a03d
	0xa5a41b
	0xaa17f2
	0xa7c954
	0xa9ee17
	0xa7c706
	0xa4da30
	0xa4ed54
	0xe757b4
	0xe7098a
	0xc2c392
	0xc1c4c8
	0xc2324d
	0xc0c478
	0xc0c63c
	0xbf67ca
	0x769d5d49
	0x779ad6db
	0x779ad661
Traceback (most recent call last):
  File "D:\2025\SELENIUM-PYTHON\PLAY_RADIUS_AUTOMATION\pages\base_page.py", line 237, in capture_toast
    toast = WebDriverWait(self.driver, timeout).until(
        EC.visibility_of_element_located(locator)
    )
  File "D:\2025\SELENIUM-PYTHON\PLAY_RADIUS_AUTOMATION\.venv\Lib\site-packages\selenium\webdriver\support\wait.py", line 138, in until
    raise TimeoutException(message, screen, stacktrace)
selenium.common.exceptions.TimeoutException: Message: 
Stacktrace:
Symbols not available. Dumping unresolved backtrace:
	0xc04103
	0xc04144
	0xa0e71d
	0xa5a03d
	0xa5a41b
	0xaa17f2
	0xa7c954
	0xa9ee17
	0xa7c706
	0xa4da30
	0xa4ed54
	0xe757b4
	0xe7098a
	0xc2c392
	0xc1c4c8
	0xc2324d
	0xc0c478
	0xc0c63c
	0xbf67ca
	0x769d5d49
	0x779ad6db
	0x779ad661

2025-12-01 20:48:43 [INFO] automation - Captured Toast: None
2025-12-01 20:48:43 [INFO] pages.common.loader - Waiting for loader to disappear...
2025-12-01 20:48:43 [INFO] pages.base_page - Loader was not observed during initial check, proceeding without waiting for invisibility.
2025-12-01 20:48:43 [INFO] pages.common.loader - Loader Stopped.
2025-12-01 20:48:43 [INFO] pages.base_page - Element clickable: ('xpath', "//button[@title='Process']")
2025-12-01 20:48:43 [INFO] pages.common.sidemenupage - Process Showing
2025-12-01 20:48:43 [INFO] utils.screenshot - Screenshot saved: D:\2025\SELENIUM-PYTHON\PLAY_RADIUS_AUTOMATION\screenshots\Process Showing_20251201_204843.png
2025-12-01 20:48:43 [INFO] test_cases.process.test_create_process - Navigated to Process section.
2025-12-01 20:48:43 [INFO] pages.common.loader - Waiting for loader to disappear...
2025-12-01 20:48:44 [INFO] pages.common.sidemenupage - Process Showing
2025-12-01 20:48:44 [INFO] utils.screenshot - Screenshot saved: D:\2025\SELENIUM-PYTHON\PLAY_RADIUS_AUTOMATION\screenshots\Process Showing_20251201_204844.png
2025-12-01 20:48:44 [INFO] test_cases.process.test_create_process - Navigated to Process section.
2025-12-01 20:48:44 [INFO] pages.common.loader - Waiting for loader to disappear...
2025-12-01 20:48:48 [INFO] pages.base_page - Loader was not observed during initial check, proceeding without waiting for invisibility.
2025-12-01 20:48:48 [INFO] pages.common.loader - Loader Stopped.
2025-12-01 20:48:48 [INFO] utils.screenshot - Screenshot saved: D:\2025\SELENIUM-PYTHON\PLAY_RADIUS_AUTOMATION\screenshots\Process_Created_Play_Automation_Process_1004_20251201_204848.png
2025-12-01 20:48:48 [INFO] pages.base_page - Element visible: ('xpath', "//input[@name='processCode']/following-sibling::div[contains(@class, 'invalid-tooltip')]")
2025-12-01 20:48:48 [INFO] test_cases.process.test_create_process - Logging out...
2025-12-01 20:48:48 [INFO] pages.common.loader - Waiting for loader to disappear...
2025-12-01 20:48:48 [INFO] pages.base_page - Loader was not observed during initial check, proceeding without waiting for invisibility.
2025-12-01 20:48:48 [INFO] pages.common.loader - Loader Stopped.
2025-12-01 20:48:48 [INFO] pages.base_page - Element clickable: ('xpath', "//button[@id='add-entity']")
2025-12-01 20:48:48 [INFO] pages.base_page - Loader disappeared.
2025-12-01 20:48:48 [INFO] pages.common.loader - Loader Stopped.
2025-12-01 20:48:48 [INFO] pages.login.login - Login submitted successfully.
2025-12-01 20:48:48 [INFO] utils.screenshot - Screenshot saved: D:\2025\SELENIUM-PYTHON\PLAY_RADIUS_AUTOMATION\screenshots\Login Submitted successfully_20251201_204848.png
2025-12-01 20:48:48 [INFO] test_cases.process.test_create_process - Login complete.
2025-12-01 20:48:48 [INFO] test_cases.process.test_create_process - Waiting for page to load after login...
2025-12-01 20:48:48 [INFO] pages.common.loader - Waiting for loader to disappear...
2025-12-01 20:48:49 [INFO] pages.base_page - Loader was not observed during initial check, proceeding without waiting for invisibility.
2025-12-01 20:48:49 [INFO] pages.common.loader - Loader Stopped.
2025-12-01 20:48:49 [INFO] pages.base_page - Element clickable: ('xpath', "//button[@id='add-entity']")
2025-12-01 20:48:52 [INFO] pages.base_page - Element visible: ('xpath', "//input[@name='processName']")
2025-12-01 20:48:52 [INFO] automation - Process Name entered: 'No Review Process1005'
2025-12-01 20:48:52 [INFO] automation - Setting channel configuration
2025-12-01 20:48:52 [INFO] pages.base_page - Element clickable: ('xpath', "//*[@id='process-basic-info']/div[2]/div/form/div/div/div[4]/div/div/div[2]/label")
2025-12-01 20:48:53 [INFO] pages.base_page - Element visible: ('xpath', "//input[@name='processName']")
2025-12-01 20:48:53 [INFO] pages.base_page - Element clickable: ('xpath', "//button[@title='Save']")
2025-12-01 20:48:53 [INFO] automation - Process Name entered: 'Custom Process Name1006'
2025-12-01 20:48:53 [INFO] automation - Setting channel configuration
2025-12-01 20:48:53 [INFO] pages.base_page - Element clickable: ('xpath', "//*[@id='process-basic-info']/div[2]/div/form/div/div/div[4]/div/div/div[3]/label")
2025-12-01 20:48:53 [INFO] pages.base_page - Loader was not observed during initial check, proceeding without waiting for invisibility.
2025-12-01 20:48:53 [INFO] pages.common.loader - Loader Stopped.
2025-12-01 20:48:53 [INFO] pages.base_page - Element clickable: ('xpath', "//img[@alt='Profile']")
2025-12-01 20:48:53 [INFO] pages.base_page - Clicked element: ('xpath', "//img[@alt='Profile']")
2025-12-01 20:48:53 [INFO] pages.base_page - Element clickable: ('xpath', "//button[@title='Logout']")
2025-12-01 20:48:53 [INFO] pages.base_page - Loader was not observed during initial check, proceeding without waiting for invisibility.
2025-12-01 20:48:53 [INFO] pages.common.loader - Loader Stopped.
2025-12-01 20:48:53 [INFO] test_cases.process.test_create_process - Page loaded.
2025-12-01 20:48:53 [INFO] test_cases.process.test_create_process - Navigating to Process section via Side Menu...
2025-12-01 20:48:53 [INFO] pages.common.loader - Waiting for loader to disappear...
2025-12-01 20:48:54 [INFO] pages.base_page - Toast appeared: Process saved successfully
2025-12-01 20:48:54 [INFO] pages.base_page - Element clickable: ('xpath', "//button[@title='Save']")
2025-12-01 20:48:54 [INFO] pages.base_page - Clicked element: ('xpath', "//button[@title='Logout']")
2025-12-01 20:48:54 [INFO] pages.login.logout - Logout Successfully.
2025-12-01 20:48:54 [INFO] pages.base_page - Toast appeared: Process saved successfully
2025-12-01 20:48:56 [INFO] utils.screenshot - Screenshot saved: D:\2025\SELENIUM-PYTHON\PLAY_RADIUS_AUTOMATION\screenshots\Logout_Successfully_20251201_204854.png
2025-12-01 20:48:56 [INFO] pages.base_page - Element visible: ('xpath', "//span[text()='Login']")
2025-12-01 20:48:56 [INFO] test_cases.process.test_create_process - Logout complete. Test finished.
2025-12-01 20:48:56 [INFO] automation - Captured Toast: Process saved successfully
2025-12-01 20:48:56 [INFO] pages.common.loader - Waiting for loader to disappear...
2025-12-01 20:48:57 [INFO] automation - Captured Toast: Process saved successfully
2025-12-01 20:48:57 [INFO] pages.common.loader - Waiting for loader to disappear...
2025-12-01 20:48:59 [INFO] pages.base_page - Loader was not observed during initial check, proceeding without waiting for invisibility.
2025-12-01 20:48:59 [INFO] pages.common.loader - Loader Stopped.
2025-12-01 20:48:59 [INFO] pages.base_page - Element clickable: ('xpath', "//button[@title='Process']")
2025-12-01 20:48:59 [INFO] pages.common.sidemenupage - Process Showing
2025-12-01 20:49:00 [INFO] utils.screenshot - Screenshot saved: D:\2025\SELENIUM-PYTHON\PLAY_RADIUS_AUTOMATION\screenshots\Process Showing_20251201_204859.png
2025-12-01 20:49:00 [INFO] test_cases.process.test_create_process - Navigated to Process section.
2025-12-01 20:49:00 [INFO] pages.common.loader - Waiting for loader to disappear...
2025-12-01 20:49:01 [INFO] pages.base_page - Loader was not observed during initial check, proceeding without waiting for invisibility.
2025-12-01 20:49:01 [INFO] pages.common.loader - Loader Stopped.
2025-12-01 20:49:02 [INFO] utils.screenshot - Screenshot saved: D:\2025\SELENIUM-PYTHON\PLAY_RADIUS_AUTOMATION\screenshots\Process_Created_Play_Automation_Process_1005_20251201_204901.png
2025-12-01 20:49:02 [INFO] test_cases.process.test_create_process - Logging out...
2025-12-01 20:49:02 [INFO] pages.common.loader - Waiting for loader to disappear...
2025-12-01 20:49:03 [INFO] pages.base_page - Loader was not observed during initial check, proceeding without waiting for invisibility.
2025-12-01 20:49:03 [INFO] pages.common.loader - Loader Stopped.
2025-12-01 20:49:03 [INFO] test_cases.process.test_create_process - Starting test_filter_process_by_name
2025-12-01 20:49:03 [INFO] test_cases.process.test_create_process - Opening login page...
2025-12-01 20:49:03 [INFO] utils.screenshot - Screenshot saved: D:\2025\SELENIUM-PYTHON\PLAY_RADIUS_AUTOMATION\screenshots\Process_Created_Play_Automation_Process_1006_20251201_204903.png
2025-12-01 20:49:03 [INFO] test_cases.process.test_create_process - Logging out...
2025-12-01 20:49:03 [INFO] pages.common.loader - Waiting for loader to disappear...
2025-12-01 20:49:05 [INFO] pages.base_page - Loader was not observed during initial check, proceeding without waiting for invisibility.
2025-12-01 20:49:05 [INFO] pages.common.loader - Loader Stopped.
2025-12-01 20:49:05 [INFO] pages.base_page - Element clickable: ('xpath', "//button[@id='add-entity']")
2025-12-01 20:49:07 [INFO] pages.base_page - Loader was not observed during initial check, proceeding without waiting for invisibility.
2025-12-01 20:49:07 [INFO] pages.common.loader - Loader Stopped.
2025-12-01 20:49:07 [INFO] pages.base_page - Element clickable: ('xpath', "//img[@alt='Profile']")
2025-12-01 20:49:07 [INFO] pages.base_page - Clicked element: ('xpath', "//img[@alt='Profile']")
2025-12-01 20:49:07 [INFO] pages.base_page - Element clickable: ('xpath', "//button[@title='Logout']")
2025-12-01 20:49:08 [INFO] pages.base_page - Loader was not observed during initial check, proceeding without waiting for invisibility.
2025-12-01 20:49:08 [INFO] pages.common.loader - Loader Stopped.
2025-12-01 20:49:08 [INFO] pages.base_page - Element clickable: ('xpath', "//img[@alt='Profile']")
2025-12-01 20:49:08 [INFO] pages.base_page - Clicked element: ('xpath', "//img[@alt='Profile']")
2025-12-01 20:49:08 [INFO] pages.base_page - Element clickable: ('xpath', "//button[@title='Logout']")
2025-12-01 20:49:08 [INFO] pages.base_page - Element visible: ('xpath', "//input[@name='processName']")
2025-12-01 20:49:08 [INFO] pages.base_page - Page fully loaded.
2025-12-01 20:49:08 [INFO] pages.login.login - Opening: https://qaradius.in.qamajor.radius-ois.ai/play/login
2025-12-01 20:49:08 [INFO] test_cases.process.test_create_process - Login page opened.
2025-12-01 20:49:08 [INFO] test_cases.process.test_create_process - Attempting login...
2025-12-01 20:49:09 [INFO] pages.base_page - Element visible: ('id', 'loginForm.username')
2025-12-01 20:49:09 [INFO] automation - Process Name entered: 'SMK_PLAY_24OCT_A1007'
2025-12-01 20:49:09 [INFO] automation - Setting channel configuration
2025-12-01 20:49:09 [INFO] pages.base_page - Element clickable: ('xpath', "//*[@id='process-basic-info']/div[2]/div/form/div/div/div[4]/div/div/div[3]/label")
2025-12-01 20:49:09 [INFO] pages.base_page - Element visible: ('id', 'password')
2025-12-01 20:49:09 [INFO] pages.base_page - Clicked element: ('xpath', "//button[@title='Logout']")
2025-12-01 20:49:09 [INFO] pages.login.logout - Logout Successfully.
2025-12-01 20:49:09 [INFO] pages.base_page - Element visible: ('id', 'loginForm.Login')
2025-12-01 20:49:09 [INFO] pages.login.login - Login submitted for user: playadmin
2025-12-01 20:49:09 [INFO] pages.common.loader - Waiting for loader to disappear...
2025-12-01 20:49:09 [INFO] pages.base_page - Element clickable: ('xpath', "//button[@title='Save']")
2025-12-01 20:49:10 [INFO] pages.base_page - Loader appeared.
2025-12-01 20:49:10 [INFO] pages.base_page - Clicked element: ('xpath', "//button[@title='Logout']")
2025-12-01 20:49:10 [INFO] pages.login.logout - Logout Successfully.
2025-12-01 20:49:10 [INFO] pages.base_page - Toast appeared: Process saved successfully
2025-12-01 20:49:10 [INFO] utils.screenshot - Screenshot saved: D:\2025\SELENIUM-PYTHON\PLAY_RADIUS_AUTOMATION\screenshots\Logout_Successfully_20251201_204910.png
2025-12-01 20:49:10 [INFO] utils.screenshot - Screenshot saved: D:\2025\SELENIUM-PYTHON\PLAY_RADIUS_AUTOMATION\screenshots\Logout_Successfully_20251201_204909.png
2025-12-01 20:49:10 [INFO] pages.base_page - Element visible: ('xpath', "//span[text()='Login']")
2025-12-01 20:49:10 [INFO] pages.base_page - Element visible: ('xpath', "//span[text()='Login']")
2025-12-01 20:49:10 [INFO] test_cases.process.test_create_process - Logout complete. Test finished.
2025-12-01 20:49:10 [INFO] test_cases.process.test_create_process - Logout complete. Test finished.
2025-12-01 20:49:13 [INFO] automation - Captured Toast: Process saved successfully
2025-12-01 20:49:13 [INFO] pages.common.loader - Waiting for loader to disappear...
2025-12-01 20:49:17 [INFO] pages.base_page - Loader disappeared.
2025-12-01 20:49:17 [INFO] pages.common.loader - Loader Stopped.
2025-12-01 20:49:17 [INFO] pages.login.login - Login submitted successfully.
2025-12-01 20:49:17 [INFO] utils.screenshot - Screenshot saved: D:\2025\SELENIUM-PYTHON\PLAY_RADIUS_AUTOMATION\screenshots\Login Submitted successfully_20251201_204917.png
2025-12-01 20:49:17 [INFO] test_cases.process.test_create_process - Login complete.
2025-12-01 20:49:17 [INFO] test_cases.process.test_create_process - Waiting for page to load after login...
2025-12-01 20:49:17 [INFO] pages.common.loader - Waiting for loader to disappear...
2025-12-01 20:49:18 [INFO] test_cases.process.test_create_process - Starting test_filter_process_by_name
2025-12-01 20:49:18 [INFO] test_cases.process.test_create_process - Opening login page...
2025-12-01 20:49:19 [INFO] pages.base_page - Loader was not observed during initial check, proceeding without waiting for invisibility.
2025-12-01 20:49:19 [INFO] pages.common.loader - Loader Stopped.
2025-12-01 20:49:19 [INFO] test_cases.process.test_create_process - Starting test_filter_process_by_name
2025-12-01 20:49:19 [INFO] test_cases.process.test_create_process - Opening login page...
2025-12-01 20:49:19 [INFO] utils.screenshot - Screenshot saved: D:\2025\SELENIUM-PYTHON\PLAY_RADIUS_AUTOMATION\screenshots\Process_Created_Play_Automation_Process_1007_20251201_204919.png
2025-12-01 20:49:21 [INFO] utils.screenshot - Screenshot saved: D:\2025\SELENIUM-PYTHON\PLAY_RADIUS_AUTOMATION\screenshots\failed_test_process_name_already_exist_20251201_204921.png
2025-12-01 20:49:22 [INFO] pages.base_page - Loader was not observed during initial check, proceeding without waiting for invisibility.
2025-12-01 20:49:22 [INFO] pages.common.loader - Loader Stopped.
2025-12-01 20:49:22 [INFO] test_cases.process.test_create_process - Page loaded.
2025-12-01 20:49:22 [INFO] test_cases.process.test_create_process - Navigating to Process section via Side Menu...
2025-12-01 20:49:22 [INFO] pages.common.loader - Waiting for loader to disappear...
2025-12-01 20:49:27 [INFO] pages.base_page - Loader was not observed during initial check, proceeding without waiting for invisibility.
2025-12-01 20:49:27 [INFO] pages.common.loader - Loader Stopped.
2025-12-01 20:49:27 [INFO] pages.base_page - Element clickable: ('xpath', "//button[@title='Process']")
2025-12-01 20:49:28 [INFO] pages.common.sidemenupage - Process Showing
2025-12-01 20:49:29 [INFO] utils.screenshot - Screenshot saved: D:\2025\SELENIUM-PYTHON\PLAY_RADIUS_AUTOMATION\screenshots\Process Showing_20251201_204928.png
2025-12-01 20:49:29 [INFO] test_cases.process.test_create_process - Navigated to Process section.
2025-12-01 20:49:29 [INFO] pages.common.loader - Waiting for loader to disappear...
2025-12-01 20:49:29 [INFO] test_cases.process.test_create_process - Starting test_filter_process_by_name
2025-12-01 20:49:29 [INFO] test_cases.process.test_create_process - Opening login page...
2025-12-01 20:49:30 [INFO] pages.base_page - Page fully loaded.
2025-12-01 20:49:30 [INFO] pages.login.login - Opening: https://qaradius.in.qamajor.radius-ois.ai/play/login
2025-12-01 20:49:30 [INFO] test_cases.process.test_create_process - Login page opened.
2025-12-01 20:49:30 [INFO] test_cases.process.test_create_process - Attempting login...
2025-12-01 20:49:30 [INFO] pages.base_page - Page fully loaded.
2025-12-01 20:49:30 [INFO] pages.login.login - Opening: https://qaradius.in.qamajor.radius-ois.ai/play/login
2025-12-01 20:49:30 [INFO] test_cases.process.test_create_process - Login page opened.
2025-12-01 20:49:30 [INFO] test_cases.process.test_create_process - Attempting login...
2025-12-01 20:49:30 [INFO] pages.base_page - Element visible: ('id', 'loginForm.username')
2025-12-01 20:49:30 [INFO] pages.base_page - Element visible: ('id', 'loginForm.username')
2025-12-01 20:49:30 [INFO] pages.base_page - Element visible: ('id', 'password')
2025-12-01 20:49:30 [INFO] pages.base_page - Element visible: ('id', 'password')
2025-12-01 20:49:30 [INFO] pages.base_page - Element visible: ('id', 'loginForm.Login')
2025-12-01 20:49:30 [INFO] pages.base_page - Element visible: ('id', 'loginForm.Login')
2025-12-01 20:49:31 [INFO] pages.login.login - Login submitted for user: playadmin
2025-12-01 20:49:31 [INFO] pages.common.loader - Waiting for loader to disappear...
2025-12-01 20:49:31 [INFO] pages.login.login - Login submitted for user: playadmin
2025-12-01 20:49:31 [INFO] pages.common.loader - Waiting for loader to disappear...
2025-12-01 20:49:31 [INFO] pages.base_page - Loader appeared.
2025-12-01 20:49:31 [INFO] pages.base_page - Loader appeared.
2025-12-01 20:49:34 [INFO] pages.base_page - Loader was not observed during initial check, proceeding without waiting for invisibility.
2025-12-01 20:49:34 [INFO] pages.common.loader - Loader Stopped.
2025-12-01 20:49:34 [INFO] pages.base_page - Element clickable: ('xpath', "//button[@id='add-entity']")
2025-12-01 20:49:36 [INFO] pages.base_page - Page fully loaded.
2025-12-01 20:49:36 [INFO] pages.login.login - Opening: https://qaradius.in.qamajor.radius-ois.ai/play/login
2025-12-01 20:49:36 [INFO] test_cases.process.test_create_process - Login page opened.
2025-12-01 20:49:36 [INFO] test_cases.process.test_create_process - Attempting login...
2025-12-01 20:49:36 [INFO] pages.base_page - Element visible: ('id', 'loginForm.username')
2025-12-01 20:49:37 [INFO] pages.base_page - Element visible: ('id', 'password')
2025-12-01 20:49:37 [INFO] pages.base_page - Element visible: ('id', 'loginForm.Login')
2025-12-01 20:49:37 [INFO] pages.login.login - Login submitted for user: playadmin
2025-12-01 20:49:37 [INFO] pages.common.loader - Waiting for loader to disappear...
2025-12-01 20:49:38 [INFO] pages.base_page - Element visible: ('xpath', "//input[@name='processName']")
2025-12-01 20:49:38 [INFO] automation - Process Name entered: 'Empty Code Process1008'
2025-12-01 20:49:38 [INFO] pages.base_page - Loader appeared.
2025-12-01 20:49:38 [INFO] automation - Setting channel configuration
2025-12-01 20:49:38 [INFO] pages.base_page - Element clickable: ('xpath', "//*[@id='process-basic-info']/div[2]/div/form/div/div/div[4]/div/div/div[2]/label")
2025-12-01 20:49:39 [INFO] pages.base_page - Element clickable: ('xpath', "//button[@title='Save']")
2025-12-01 20:49:41 [INFO] pages.base_page - Loader disappeared.
2025-12-01 20:49:41 [INFO] pages.common.loader - Loader Stopped.
2025-12-01 20:49:41 [INFO] pages.login.login - Login submitted successfully.
2025-12-01 20:49:41 [INFO] pages.base_page - Loader disappeared.
2025-12-01 20:49:41 [INFO] pages.common.loader - Loader Stopped.
2025-12-01 20:49:41 [INFO] pages.login.login - Login submitted successfully.
2025-12-01 20:49:41 [INFO] utils.screenshot - Screenshot saved: D:\2025\SELENIUM-PYTHON\PLAY_RADIUS_AUTOMATION\screenshots\Login Submitted successfully_20251201_204941.png
2025-12-01 20:49:41 [INFO] test_cases.process.test_create_process - Login complete.
2025-12-01 20:49:41 [INFO] test_cases.process.test_create_process - Waiting for page to load after login...
2025-12-01 20:49:41 [INFO] pages.common.loader - Waiting for loader to disappear...
2025-12-01 20:49:41 [INFO] utils.screenshot - Screenshot saved: D:\2025\SELENIUM-PYTHON\PLAY_RADIUS_AUTOMATION\screenshots\Login Submitted successfully_20251201_204941.png
2025-12-01 20:49:41 [INFO] test_cases.process.test_create_process - Login complete.
2025-12-01 20:49:41 [INFO] test_cases.process.test_create_process - Waiting for page to load after login...
2025-12-01 20:49:41 [INFO] pages.common.loader - Waiting for loader to disappear...
2025-12-01 20:49:44 [INFO] utils.screenshot - Screenshot saved: D:\2025\SELENIUM-PYTHON\PLAY_RADIUS_AUTOMATION\screenshots\toast_capture_error_20251201_204944.png
2025-12-01 20:49:44 [ERROR] pages.base_page - No toast captured: Message: 
Stacktrace:
Symbols not available. Dumping unresolved backtrace:
	0xc04103
	0xc04144
	0xa0e71d
	0xa5a03d
	0xa5a41b
	0xaa17f2
	0xa7c954
	0xa9ee17
	0xa7c706
	0xa4da30
	0xa4ed54
	0xe757b4
	0xe7098a
	0xc2c392
	0xc1c4c8
	0xc2324d
	0xc0c478
	0xc0c63c
	0xbf67ca
	0x769d5d49
	0x779ad6db
	0x779ad661
Traceback (most recent call last):
  File "D:\2025\SELENIUM-PYTHON\PLAY_RADIUS_AUTOMATION\pages\base_page.py", line 237, in capture_toast
    toast = WebDriverWait(self.driver, timeout).until(
        EC.visibility_of_element_located(locator)
    )
  File "D:\2025\SELENIUM-PYTHON\PLAY_RADIUS_AUTOMATION\.venv\Lib\site-packages\selenium\webdriver\support\wait.py", line 138, in until
    raise TimeoutException(message, screen, stacktrace)
selenium.common.exceptions.TimeoutException: Message: 
Stacktrace:
Symbols not available. Dumping unresolved backtrace:
	0xc04103
	0xc04144
	0xa0e71d
	0xa5a03d
	0xa5a41b
	0xaa17f2
	0xa7c954
	0xa9ee17
	0xa7c706
	0xa4da30
	0xa4ed54
	0xe757b4
	0xe7098a
	0xc2c392
	0xc1c4c8
	0xc2324d
	0xc0c478
	0xc0c63c
	0xbf67ca
	0x769d5d49
	0x779ad6db
	0x779ad661

2025-12-01 20:49:44 [INFO] automation - Captured Toast: None
2025-12-01 20:49:44 [INFO] pages.common.loader - Waiting for loader to disappear...
2025-12-01 20:49:45 [INFO] pages.base_page - Loader disappeared.
2025-12-01 20:49:45 [INFO] pages.common.loader - Loader Stopped.
2025-12-01 20:49:45 [INFO] pages.login.login - Login submitted successfully.
2025-12-01 20:49:46 [INFO] utils.screenshot - Screenshot saved: D:\2025\SELENIUM-PYTHON\PLAY_RADIUS_AUTOMATION\screenshots\Login Submitted successfully_20251201_204945.png
2025-12-01 20:49:46 [INFO] test_cases.process.test_create_process - Login complete.
2025-12-01 20:49:46 [INFO] test_cases.process.test_create_process - Waiting for page to load after login...
2025-12-01 20:49:46 [INFO] pages.common.loader - Waiting for loader to disappear...
2025-12-01 20:49:46 [INFO] pages.base_page - Loader was not observed during initial check, proceeding without waiting for invisibility.
2025-12-01 20:49:46 [INFO] pages.common.loader - Loader Stopped.
2025-12-01 20:49:46 [INFO] test_cases.process.test_create_process - Page loaded.
2025-12-01 20:49:46 [INFO] test_cases.process.test_create_process - Navigating to Process section via Side Menu...
2025-12-01 20:49:46 [INFO] pages.common.loader - Waiting for loader to disappear...
2025-12-01 20:49:47 [INFO] pages.base_page - Loader was not observed during initial check, proceeding without waiting for invisibility.
2025-12-01 20:49:47 [INFO] pages.common.loader - Loader Stopped.
2025-12-01 20:49:47 [INFO] test_cases.process.test_create_process - Page loaded.
2025-12-01 20:49:47 [INFO] test_cases.process.test_create_process - Navigating to Process section via Side Menu...
2025-12-01 20:49:47 [INFO] pages.common.loader - Waiting for loader to disappear...
2025-12-01 20:49:49 [INFO] pages.base_page - Loader was not observed during initial check, proceeding without waiting for invisibility.
2025-12-01 20:49:49 [INFO] pages.common.loader - Loader Stopped.
2025-12-01 20:49:49 [INFO] utils.screenshot - Screenshot saved: D:\2025\SELENIUM-PYTHON\PLAY_RADIUS_AUTOMATION\screenshots\Process_Created_Play_Automation_Process_1008_20251201_204949.png
2025-12-01 20:49:49 [INFO] pages.base_page - Element visible: ('xpath', "//input[@name='processCode']/following-sibling::div[contains(@class, 'invalid-tooltip')]")
2025-12-01 20:49:51 [INFO] utils.screenshot - Screenshot saved: D:\2025\SELENIUM-PYTHON\PLAY_RADIUS_AUTOMATION\screenshots\failed_test_empty_process_code_20251201_204950.png
2025-12-01 20:49:51 [INFO] pages.base_page - Loader was not observed during initial check, proceeding without waiting for invisibility.
2025-12-01 20:49:51 [INFO] pages.common.loader - Loader Stopped.
2025-12-01 20:49:51 [INFO] test_cases.process.test_create_process - Page loaded.
2025-12-01 20:49:51 [INFO] test_cases.process.test_create_process - Navigating to Process section via Side Menu...
2025-12-01 20:49:51 [INFO] pages.common.loader - Waiting for loader to disappear...
2025-12-01 20:49:51 [INFO] pages.base_page - Loader was not observed during initial check, proceeding without waiting for invisibility.
2025-12-01 20:49:51 [INFO] pages.common.loader - Loader Stopped.
2025-12-01 20:49:51 [INFO] pages.base_page - Element clickable: ('xpath', "//button[@title='Process']")
2025-12-01 20:49:52 [INFO] pages.base_page - Loader was not observed during initial check, proceeding without waiting for invisibility.
2025-12-01 20:49:52 [INFO] pages.common.loader - Loader Stopped.
2025-12-01 20:49:52 [INFO] pages.base_page - Element clickable: ('xpath', "//button[@title='Process']")
2025-12-01 20:49:52 [INFO] pages.common.sidemenupage - Process Showing
2025-12-01 20:49:53 [INFO] utils.screenshot - Screenshot saved: D:\2025\SELENIUM-PYTHON\PLAY_RADIUS_AUTOMATION\screenshots\Process Showing_20251201_204953.png
2025-12-01 20:49:53 [INFO] test_cases.process.test_create_process - Navigated to Process section.
2025-12-01 20:49:53 [INFO] pages.common.loader - Waiting for loader to disappear...
2025-12-01 20:49:53 [INFO] pages.common.sidemenupage - Process Showing
2025-12-01 20:49:53 [INFO] utils.screenshot - Screenshot saved: D:\2025\SELENIUM-PYTHON\PLAY_RADIUS_AUTOMATION\screenshots\Process Showing_20251201_204953.png
2025-12-01 20:49:53 [INFO] test_cases.process.test_create_process - Navigated to Process section.
2025-12-01 20:49:53 [INFO] pages.common.loader - Waiting for loader to disappear...
2025-12-01 20:49:56 [INFO] pages.base_page - Loader was not observed during initial check, proceeding without waiting for invisibility.
2025-12-01 20:49:56 [INFO] pages.common.loader - Loader Stopped.
2025-12-01 20:49:56 [INFO] pages.base_page - Element clickable: ('xpath', "//button[@title='Process']")
2025-12-01 20:49:56 [INFO] pages.common.sidemenupage - Process Showing
2025-12-01 20:49:57 [INFO] utils.screenshot - Screenshot saved: D:\2025\SELENIUM-PYTHON\PLAY_RADIUS_AUTOMATION\screenshots\Process Showing_20251201_204956.png
2025-12-01 20:49:57 [INFO] test_cases.process.test_create_process - Navigated to Process section.
2025-12-01 20:49:57 [INFO] pages.common.loader - Waiting for loader to disappear...
2025-12-01 20:49:58 [INFO] pages.base_page - Loader was not observed during initial check, proceeding without waiting for invisibility.
2025-12-01 20:49:58 [INFO] pages.common.loader - Loader Stopped.
2025-12-01 20:49:58 [INFO] pages.base_page - Element clickable: ('xpath', "//button[@id='add-entity']")
2025-12-01 20:49:58 [INFO] pages.base_page - Loader was not observed during initial check, proceeding without waiting for invisibility.
2025-12-01 20:49:58 [INFO] pages.common.loader - Loader Stopped.
2025-12-01 20:49:58 [INFO] pages.base_page - Element clickable: ('xpath', "//button[@id='add-entity']")
2025-12-01 20:50:01 [INFO] pages.base_page - Element visible: ('xpath', "//input[@name='processName']")
2025-12-01 20:50:02 [INFO] automation - Process Name entered: 'No Channel Process1010'
2025-12-01 20:50:02 [INFO] automation - Setting channel configuration
2025-12-01 20:50:02 [INFO] pages.base_page - Element clickable: ('xpath', "//button[@title='Save']")
2025-12-01 20:50:02 [INFO] pages.base_page - Element visible: ('xpath', "//input[@name='processName']")
2025-12-01 20:50:02 [INFO] pages.base_page - Loader was not observed during initial check, proceeding without waiting for invisibility.
2025-12-01 20:50:02 [INFO] pages.common.loader - Loader Stopped.
2025-12-01 20:50:02 [INFO] pages.base_page - Element clickable: ('xpath', "//button[@id='add-entity']")
2025-12-01 20:50:02 [INFO] automation - Process Name entered: ''
2025-12-01 20:50:02 [INFO] automation - Setting channel configuration
2025-12-01 20:50:02 [INFO] pages.base_page - Element clickable: ('xpath', "//*[@id='process-basic-info']/div[2]/div/form/div/div/div[4]/div/div/div[2]/label")
2025-12-01 20:50:03 [INFO] pages.base_page - Toast appeared: Process saved successfully
2025-12-01 20:50:03 [INFO] pages.base_page - Element clickable: ('xpath', "//button[@title='Save']")
2025-12-01 20:50:05 [INFO] automation - Captured Toast: Process saved successfully
2025-12-01 20:50:05 [INFO] pages.common.loader - Waiting for loader to disappear...
2025-12-01 20:50:05 [INFO] pages.base_page - Element visible: ('xpath', "//input[@name='processName']")
2025-12-01 20:50:06 [INFO] automation - Process Name entered: ''
2025-12-01 20:50:06 [INFO] automation - Setting channel configuration
2025-12-01 20:50:06 [INFO] pages.base_page - Element clickable: ('xpath', "//*[@id='process-basic-info']/div[2]/div/form/div/div/div[4]/div/div/div[2]/label")
2025-12-01 20:50:06 [INFO] pages.base_page - Element clickable: ('xpath', "//button[@title='Save']")
2025-12-01 20:50:08 [INFO] utils.screenshot - Screenshot saved: D:\2025\SELENIUM-PYTHON\PLAY_RADIUS_AUTOMATION\screenshots\toast_capture_error_20251201_205008.png
2025-12-01 20:50:08 [ERROR] pages.base_page - No toast captured: Message: 
Stacktrace:
Symbols not available. Dumping unresolved backtrace:
	0x694103
	0x694144
	0x49e71d
	0x4ea03d
	0x4ea41b
	0x5317f2
	0x50c954
	0x52ee17
	0x50c706
	0x4dda30
	0x4ded54
	0x9057b4
	0x90098a
	0x6bc392
	0x6ac4c8
	0x6b324d
	0x69c478
	0x69c63c
	0x6867ca
	0x769d5d49
	0x779ad6db
	0x779ad661
Traceback (most recent call last):
  File "D:\2025\SELENIUM-PYTHON\PLAY_RADIUS_AUTOMATION\pages\base_page.py", line 237, in capture_toast
    toast = WebDriverWait(self.driver, timeout).until(
        EC.visibility_of_element_located(locator)
    )
  File "D:\2025\SELENIUM-PYTHON\PLAY_RADIUS_AUTOMATION\.venv\Lib\site-packages\selenium\webdriver\support\wait.py", line 138, in until
    raise TimeoutException(message, screen, stacktrace)
selenium.common.exceptions.TimeoutException: Message: 
Stacktrace:
Symbols not available. Dumping unresolved backtrace:
	0x694103
	0x694144
	0x49e71d
	0x4ea03d
	0x4ea41b
	0x5317f2
	0x50c954
	0x52ee17
	0x50c706
	0x4dda30
	0x4ded54
	0x9057b4
	0x90098a
	0x6bc392
	0x6ac4c8
	0x6b324d
	0x69c478
	0x69c63c
	0x6867ca
	0x769d5d49
	0x779ad6db
	0x779ad661

2025-12-01 20:50:08 [INFO] automation - Captured Toast: None
2025-12-01 20:50:08 [INFO] pages.common.loader - Waiting for loader to disappear...
2025-12-01 20:50:10 [INFO] pages.base_page - Loader was not observed during initial check, proceeding without waiting for invisibility.
2025-12-01 20:50:10 [INFO] pages.common.loader - Loader Stopped.
2025-12-01 20:50:10 [INFO] utils.screenshot - Screenshot saved: D:\2025\SELENIUM-PYTHON\PLAY_RADIUS_AUTOMATION\screenshots\Process_Created_Play_Automation_Process_1010_20251201_205010.png
2025-12-01 20:50:10 [INFO] test_cases.process.test_create_process - Logging out...
2025-12-01 20:50:10 [INFO] pages.common.loader - Waiting for loader to disappear...
2025-12-01 20:50:12 [INFO] utils.screenshot - Screenshot saved: D:\2025\SELENIUM-PYTHON\PLAY_RADIUS_AUTOMATION\screenshots\toast_capture_error_20251201_205011.png
2025-12-01 20:50:12 [ERROR] pages.base_page - No toast captured: Message: 
Stacktrace:
Symbols not available. Dumping unresolved backtrace:
	0xc74103
	0xc74144
	0xa7e71d
	0xaca03d
	0xaca41b
	0xb117f2
	0xaec954
	0xb0ee17
	0xaec706
	0xabda30
	0xabed54
	0xee57b4
	0xee098a
	0xc9c392
	0xc8c4c8
	0xc9324d
	0xc7c478
	0xc7c63c
	0xc667ca
	0x769d5d49
	0x779ad6db
	0x779ad661
Traceback (most recent call last):
  File "D:\2025\SELENIUM-PYTHON\PLAY_RADIUS_AUTOMATION\pages\base_page.py", line 237, in capture_toast
    toast = WebDriverWait(self.driver, timeout).until(
        EC.visibility_of_element_located(locator)
    )
  File "D:\2025\SELENIUM-PYTHON\PLAY_RADIUS_AUTOMATION\.venv\Lib\site-packages\selenium\webdriver\support\wait.py", line 138, in until
    raise TimeoutException(message, screen, stacktrace)
selenium.common.exceptions.TimeoutException: Message: 
Stacktrace:
Symbols not available. Dumping unresolved backtrace:
	0xc74103
	0xc74144
	0xa7e71d
	0xaca03d
	0xaca41b
	0xb117f2
	0xaec954
	0xb0ee17
	0xaec706
	0xabda30
	0xabed54
	0xee57b4
	0xee098a
	0xc9c392
	0xc8c4c8
	0xc9324d
	0xc7c478
	0xc7c63c
	0xc667ca
	0x769d5d49
	0x779ad6db
	0x779ad661

2025-12-01 20:50:12 [INFO] automation - Captured Toast: None
2025-12-01 20:50:12 [INFO] pages.common.loader - Waiting for loader to disappear...
2025-12-01 20:50:13 [INFO] pages.base_page - Loader was not observed during initial check, proceeding without waiting for invisibility.
2025-12-01 20:50:13 [INFO] pages.common.loader - Loader Stopped.
2025-12-01 20:50:13 [INFO] utils.screenshot - Screenshot saved: D:\2025\SELENIUM-PYTHON\PLAY_RADIUS_AUTOMATION\screenshots\Process_Created_Play_Automation_Process_1009_20251201_205013.png
2025-12-01 20:50:13 [INFO] pages.base_page - Element visible: ('xpath', "//input[@name='processName']/following-sibling::div[contains(@class, 'invalid-tooltip')]")
2025-12-01 20:50:13 [INFO] test_cases.process.test_create_process - Logging out...
2025-12-01 20:50:13 [INFO] pages.common.loader - Waiting for loader to disappear...
2025-12-01 20:50:16 [INFO] pages.base_page - Loader was not observed during initial check, proceeding without waiting for invisibility.
2025-12-01 20:50:16 [INFO] pages.common.loader - Loader Stopped.
2025-12-01 20:50:16 [INFO] pages.base_page - Element clickable: ('xpath', "//img[@alt='Profile']")
2025-12-01 20:50:16 [INFO] pages.base_page - Clicked element: ('xpath', "//img[@alt='Profile']")
2025-12-01 20:50:16 [INFO] pages.base_page - Element clickable: ('xpath', "//button[@title='Logout']")
2025-12-01 20:50:17 [INFO] pages.base_page - Clicked element: ('xpath', "//button[@title='Logout']")
2025-12-01 20:50:17 [INFO] pages.login.logout - Logout Successfully.
2025-12-01 20:50:17 [INFO] pages.base_page - Loader was not observed during initial check, proceeding without waiting for invisibility.
2025-12-01 20:50:17 [INFO] pages.common.loader - Loader Stopped.
2025-12-01 20:50:17 [INFO] utils.screenshot - Screenshot saved: D:\2025\SELENIUM-PYTHON\PLAY_RADIUS_AUTOMATION\screenshots\Process_Created_Play_Automation_Process_1011_20251201_205017.png
2025-12-01 20:50:17 [INFO] pages.base_page - Element visible: ('xpath', "//input[@name='processCode']/following-sibling::div[contains(@class, 'invalid-tooltip')]")
2025-12-01 20:50:17 [INFO] test_cases.process.test_create_process - Logging out...
2025-12-01 20:50:17 [INFO] pages.common.loader - Waiting for loader to disappear...
2025-12-01 20:50:18 [INFO] pages.base_page - Loader was not observed during initial check, proceeding without waiting for invisibility.
2025-12-01 20:50:18 [INFO] pages.common.loader - Loader Stopped.
2025-12-01 20:50:18 [INFO] pages.base_page - Element clickable: ('xpath', "//img[@alt='Profile']")
2025-12-01 20:50:19 [INFO] pages.base_page - Clicked element: ('xpath', "//img[@alt='Profile']")
2025-12-01 20:50:19 [INFO] pages.base_page - Element clickable: ('xpath', "//button[@title='Logout']")
2025-12-01 20:50:20 [INFO] pages.base_page - Clicked element: ('xpath', "//button[@title='Logout']")
2025-12-01 20:50:20 [INFO] pages.login.logout - Logout Successfully.
2025-12-01 20:50:20 [INFO] utils.screenshot - Screenshot saved: D:\2025\SELENIUM-PYTHON\PLAY_RADIUS_AUTOMATION\screenshots\Logout_Successfully_20251201_205017.png
2025-12-01 20:50:20 [INFO] pages.base_page - Element visible: ('xpath', "//span[text()='Login']")
2025-12-01 20:50:20 [INFO] test_cases.process.test_create_process - Logout complete. Test finished.
2025-12-01 20:50:21 [INFO] utils.screenshot - Screenshot saved: D:\2025\SELENIUM-PYTHON\PLAY_RADIUS_AUTOMATION\screenshots\Logout_Successfully_20251201_205020.png
2025-12-01 20:50:21 [INFO] pages.base_page - Element visible: ('xpath', "//span[text()='Login']")
2025-12-01 20:50:21 [INFO] test_cases.process.test_create_process - Logout complete. Test finished.
2025-12-01 20:50:22 [INFO] pages.base_page - Loader was not observed during initial check, proceeding without waiting for invisibility.
2025-12-01 20:50:22 [INFO] pages.common.loader - Loader Stopped.
2025-12-01 20:50:22 [INFO] pages.base_page - Element clickable: ('xpath', "//img[@alt='Profile']")
2025-12-01 20:50:22 [INFO] pages.base_page - Clicked element: ('xpath', "//img[@alt='Profile']")
2025-12-01 20:50:22 [INFO] pages.base_page - Element clickable: ('xpath', "//button[@title='Logout']")
2025-12-01 20:50:23 [INFO] pages.base_page - Clicked element: ('xpath', "//button[@title='Logout']")
2025-12-01 20:50:23 [INFO] pages.login.logout - Logout Successfully.
2025-12-01 20:50:23 [INFO] utils.screenshot - Screenshot saved: D:\2025\SELENIUM-PYTHON\PLAY_RADIUS_AUTOMATION\screenshots\Logout_Successfully_20251201_205023.png
2025-12-01 20:50:23 [INFO] pages.base_page - Element visible: ('xpath', "//span[text()='Login']")
2025-12-01 20:50:24 [INFO] test_cases.process.test_create_process - Logout complete. Test finished.
2025-12-02 13:44:58 [INFO] test_cases.process.version.test_import_call_version - Starting test_filter_process_by_name
2025-12-02 13:44:58 [INFO] test_cases.process.version.test_import_call_version - Opening login page...
2025-12-02 13:45:06 [INFO] pages.base_page - Page fully loaded.
2025-12-02 13:45:06 [INFO] pages.login.login - Opening: https://qaradius.in.qamajor.radius-ois.ai/play/login
2025-12-02 13:45:06 [INFO] test_cases.process.version.test_import_call_version - Login page opened.
2025-12-02 13:45:06 [INFO] test_cases.process.version.test_import_call_version - Attempting login...
2025-12-02 13:45:06 [INFO] pages.base_page - Element visible: ('id', 'loginForm.username')
2025-12-02 13:45:06 [INFO] pages.base_page - Element visible: ('id', 'password')
2025-12-02 13:45:06 [INFO] pages.base_page - Element visible: ('id', 'loginForm.Login')
2025-12-02 13:45:07 [INFO] pages.login.login - Login submitted for user: playadmin
2025-12-02 13:45:07 [INFO] pages.common.loader - Waiting for loader to disappear...
2025-12-02 13:45:07 [INFO] pages.base_page - Loader appeared.
2025-12-02 13:45:15 [INFO] pages.base_page - Loader disappeared.
2025-12-02 13:45:15 [INFO] pages.common.loader - Loader Stopped.
2025-12-02 13:45:15 [INFO] pages.login.login - Login submitted successfully.
2025-12-02 13:45:15 [INFO] utils.screenshot - Screenshot saved: D:\2025\SELENIUM-PYTHON\PLAY_RADIUS_AUTOMATION\screenshots\Login Submitted successfully_20251202_134515.png
2025-12-02 13:45:15 [INFO] test_cases.process.version.test_import_call_version - Login complete.
2025-12-02 13:45:15 [INFO] test_cases.process.version.test_import_call_version - Waiting for page to load after login...
2025-12-02 13:45:15 [INFO] pages.common.loader - Waiting for loader to disappear...
2025-12-02 13:45:20 [INFO] pages.base_page - Loader was not observed during initial check, proceeding without waiting for invisibility.
2025-12-02 13:45:20 [INFO] pages.common.loader - Loader Stopped.
2025-12-02 13:45:20 [INFO] test_cases.process.version.test_import_call_version - Page loaded.
2025-12-02 13:45:20 [INFO] test_cases.process.version.test_import_call_version - Navigating to Process section via Side Menu...
2025-12-02 13:45:20 [INFO] pages.common.loader - Waiting for loader to disappear...
2025-12-02 13:45:25 [INFO] pages.base_page - Loader was not observed during initial check, proceeding without waiting for invisibility.
2025-12-02 13:45:25 [INFO] pages.common.loader - Loader Stopped.
2025-12-02 13:45:25 [INFO] pages.base_page - Element clickable: ('xpath', "//button[@title='Process']")
2025-12-02 13:45:26 [INFO] pages.common.sidemenupage - Process Showing
2025-12-02 13:45:26 [INFO] utils.screenshot - Screenshot saved: D:\2025\SELENIUM-PYTHON\PLAY_RADIUS_AUTOMATION\screenshots\Process Showing_20251202_134526.png
2025-12-02 13:45:26 [INFO] test_cases.process.version.test_import_call_version - Navigated to Process section.
2025-12-02 13:45:26 [INFO] test_cases.process.version.test_import_call_version - Opening filter search section...
2025-12-02 13:45:26 [INFO] pages.base_page - Element clickable: ('xpath', "//button[@title='Filter']")
2025-12-02 13:45:37 [WARNING] pages.base_page - Filter UI not ready within timeout.
2025-12-02 13:45:37 [INFO] test_cases.process.version.test_import_call_version - Filter search section opened.
2025-12-02 13:45:37 [INFO] test_cases.process.version.test_import_call_version - Reading test data for process filtering...
2025-12-02 13:45:37 [INFO] test_cases.process.version.test_import_call_version - Test data loaded. Filtering by process name: SMK_PLAY_24OCT_A
2025-12-02 13:45:37 [INFO] test_cases.process.version.test_import_call_version - Applying the filter...
2025-12-02 13:45:37 [INFO] pages.base_page - Element clickable: ('id', 'processName')
2025-12-02 13:45:37 [INFO] pages.base_page - Cleared and typed 'SMK_PLAY_24OCT_A' in element: ('id', 'processName')
2025-12-02 13:45:37 [INFO] pages.base_page - Element clickable: ('xpath', "//button[normalize-space(text())='Submit']")
2025-12-02 13:45:37 [INFO] pages.base_page - Clicked element: ('xpath', "//button[normalize-space(text())='Submit']")
2025-12-02 13:45:37 [INFO] pages.common.loader - Waiting for loader to disappear...
2025-12-02 13:45:37 [INFO] pages.base_page - Loader appeared.
2025-12-02 13:45:43 [INFO] pages.base_page - Loader disappeared.
2025-12-02 13:45:43 [INFO] pages.common.loader - Loader Stopped.
2025-12-02 13:45:43 [INFO] pages.base_page - Page fully loaded.
2025-12-02 13:45:43 [INFO] test_cases.process.version.test_import_call_version - Filter applied.
2025-12-02 13:45:43 [INFO] test_cases.process.version.test_import_call_version - Verifying filtered processes...
2025-12-02 13:45:43 [INFO] pages.base_page - Page fully loaded.
2025-12-02 13:45:48 [INFO] pages.base_page - Element visible: ('xpath', "//table[contains(@class, 'rad_grid_table')]/tbody/tr[1]//td[1]//span[@class='record_title']")
2025-12-02 13:45:48 [INFO] test_cases.process.version.test_import_call_version - Successfully filtered and verified processes by name: SMK_PLAY_24OCT_A
2025-12-02 13:45:48 [INFO] test_cases.process.version.test_import_call_version - Logging out...
2025-12-02 13:45:48 [INFO] pages.common.loader - Waiting for loader to disappear...
2025-12-02 13:45:53 [INFO] pages.base_page - Loader was not observed during initial check, proceeding without waiting for invisibility.
2025-12-02 13:45:53 [INFO] pages.common.loader - Loader Stopped.
2025-12-02 13:45:53 [INFO] pages.base_page - Element clickable: ('xpath', "//img[@alt='Profile']")
2025-12-02 13:45:53 [INFO] pages.base_page - Clicked element: ('xpath', "//img[@alt='Profile']")
2025-12-02 13:45:53 [INFO] pages.base_page - Element clickable: ('xpath', "//button[@title='Logout']")
2025-12-02 13:45:55 [INFO] pages.base_page - Clicked element: ('xpath', "//button[@title='Logout']")
2025-12-02 13:45:55 [INFO] pages.login.logout - Logout Successfully.
2025-12-02 13:45:55 [INFO] utils.screenshot - Screenshot saved: D:\2025\SELENIUM-PYTHON\PLAY_RADIUS_AUTOMATION\screenshots\Logout_Successfully_20251202_134555.png
2025-12-02 13:45:55 [INFO] pages.base_page - Element visible: ('xpath', "//span[text()='Login']")
2025-12-02 13:45:55 [INFO] test_cases.process.version.test_import_call_version - Logout complete. Test finished.
2025-12-02 13:55:25 [INFO] test_cases.process.version.test_import_call_version - Starting test_filter_process_by_name
2025-12-02 13:55:25 [INFO] test_cases.process.version.test_import_call_version - Opening login page...
2025-12-02 13:55:33 [INFO] pages.base_page - Page fully loaded.
2025-12-02 13:55:33 [INFO] pages.login.login - Opening: https://qaradius.in.qamajor.radius-ois.ai/play/login
2025-12-02 13:55:33 [INFO] test_cases.process.version.test_import_call_version - Login page opened.
2025-12-02 13:55:33 [INFO] test_cases.process.version.test_import_call_version - Attempting login...
2025-12-02 13:55:33 [INFO] pages.base_page - Element visible: ('id', 'loginForm.username')
2025-12-02 13:55:33 [INFO] pages.base_page - Element visible: ('id', 'password')
2025-12-02 13:55:33 [INFO] pages.base_page - Element visible: ('id', 'loginForm.Login')
2025-12-02 13:55:34 [INFO] pages.login.login - Login submitted for user: playadmin
2025-12-02 13:55:34 [INFO] pages.common.loader - Waiting for loader to disappear...
2025-12-02 13:55:34 [INFO] pages.base_page - Loader appeared.
2025-12-02 13:55:41 [INFO] pages.base_page - Loader disappeared.
2025-12-02 13:55:41 [INFO] pages.common.loader - Loader Stopped.
2025-12-02 13:55:41 [INFO] pages.login.login - Login submitted successfully.
2025-12-02 13:55:41 [INFO] utils.screenshot - Screenshot saved: D:\2025\SELENIUM-PYTHON\PLAY_RADIUS_AUTOMATION\screenshots\Login Submitted successfully_20251202_135541.png
2025-12-02 13:55:41 [INFO] test_cases.process.version.test_import_call_version - Login complete.
2025-12-02 13:55:41 [INFO] test_cases.process.version.test_import_call_version - Waiting for page to load after login...
2025-12-02 13:55:41 [INFO] pages.common.loader - Waiting for loader to disappear...
2025-12-02 13:55:47 [INFO] pages.base_page - Loader was not observed during initial check, proceeding without waiting for invisibility.
2025-12-02 13:55:47 [INFO] pages.common.loader - Loader Stopped.
2025-12-02 13:55:47 [INFO] test_cases.process.version.test_import_call_version - Page loaded.
2025-12-02 13:55:47 [INFO] test_cases.process.version.test_import_call_version - Navigating to Process section via Side Menu...
2025-12-02 13:55:47 [INFO] pages.common.loader - Waiting for loader to disappear...
2025-12-02 13:55:52 [INFO] pages.base_page - Loader was not observed during initial check, proceeding without waiting for invisibility.
2025-12-02 13:55:52 [INFO] pages.common.loader - Loader Stopped.
2025-12-02 13:55:52 [INFO] pages.base_page - Element clickable: ('xpath', "//button[@title='Process']")
2025-12-02 13:55:52 [INFO] pages.common.sidemenupage - Process Showing
2025-12-02 13:55:53 [INFO] utils.screenshot - Screenshot saved: D:\2025\SELENIUM-PYTHON\PLAY_RADIUS_AUTOMATION\screenshots\Process Showing_20251202_135552.png
2025-12-02 13:55:53 [INFO] test_cases.process.version.test_import_call_version - Navigated to Process section.
2025-12-02 13:55:53 [INFO] test_cases.process.version.test_import_call_version - Opening filter search section...
2025-12-02 13:55:53 [INFO] pages.base_page - Element clickable: ('xpath', "//button[@title='Filter']")
2025-12-02 13:56:03 [WARNING] pages.base_page - Filter UI not ready within timeout.
2025-12-02 13:56:03 [INFO] test_cases.process.version.test_import_call_version - Filter search section opened.
2025-12-02 13:56:03 [INFO] test_cases.process.version.test_import_call_version - Reading test data for process filtering...
2025-12-02 13:56:03 [INFO] test_cases.process.version.test_import_call_version - Test data loaded. Filtering by process name: SMK_PLAY_24OCT_A
2025-12-02 13:56:03 [INFO] test_cases.process.version.test_import_call_version - Applying the filter...
2025-12-02 13:56:03 [INFO] pages.base_page - Element clickable: ('id', 'processName')
2025-12-02 13:56:04 [INFO] pages.base_page - Cleared and typed 'SMK_PLAY_24OCT_A' in element: ('id', 'processName')
2025-12-02 13:56:04 [INFO] pages.base_page - Element clickable: ('xpath', "//button[normalize-space(text())='Submit']")
2025-12-02 13:56:04 [INFO] pages.base_page - Clicked element: ('xpath', "//button[normalize-space(text())='Submit']")
2025-12-02 13:56:04 [INFO] pages.common.loader - Waiting for loader to disappear...
2025-12-02 13:56:04 [INFO] pages.base_page - Loader appeared.
2025-12-02 13:56:09 [INFO] pages.base_page - Loader disappeared.
2025-12-02 13:56:09 [INFO] pages.common.loader - Loader Stopped.
2025-12-02 13:56:09 [INFO] pages.base_page - Page fully loaded.
2025-12-02 13:56:09 [INFO] test_cases.process.version.test_import_call_version - Filter applied.
2025-12-02 13:56:09 [INFO] pages.base_page - Element clickable: ('xpath', "//*[@id='root']/div[2]/div/div[3]/div/div/div[2]/div/div[2]/table/tbody/tr[1]")
2025-12-02 13:56:10 [INFO] pages.base_page - Element clickable: ('xpath', "//button[@id='call_version_accord']")
2025-12-02 13:56:10 [INFO] automation - Opened Call Version section.
2025-12-02 13:56:10 [INFO] test_cases.process.version.test_import_call_version - Verifying filtered processes...
2025-12-02 13:56:10 [INFO] test_cases.process.version.test_import_call_version - Logging out...
2025-12-02 13:56:10 [INFO] pages.common.loader - Waiting for loader to disappear...
2025-12-02 13:56:15 [INFO] pages.base_page - Loader was not observed during initial check, proceeding without waiting for invisibility.
2025-12-02 13:56:15 [INFO] pages.common.loader - Loader Stopped.
2025-12-02 13:56:15 [INFO] pages.base_page - Element clickable: ('xpath', "//img[@alt='Profile']")
2025-12-02 13:56:15 [INFO] pages.base_page - Clicked element: ('xpath', "//img[@alt='Profile']")
2025-12-02 13:56:15 [INFO] pages.base_page - Element clickable: ('xpath', "//button[@title='Logout']")
2025-12-02 13:56:15 [INFO] pages.base_page - Clicked element: ('xpath', "//button[@title='Logout']")
2025-12-02 13:56:15 [INFO] pages.login.logout - Logout Successfully.
2025-12-02 13:56:17 [INFO] utils.screenshot - Screenshot saved: D:\2025\SELENIUM-PYTHON\PLAY_RADIUS_AUTOMATION\screenshots\Logout_Successfully_20251202_135615.png
2025-12-02 13:56:17 [INFO] pages.base_page - Element visible: ('xpath', "//span[text()='Login']")
2025-12-02 13:56:17 [INFO] test_cases.process.version.test_import_call_version - Logout complete. Test finished.
2025-12-02 15:05:25 [INFO] test_cases.process.version.test_import_call_version - Starting test_filter_process_by_name
2025-12-02 15:05:25 [INFO] test_cases.process.version.test_import_call_version - Opening login page...
2025-12-02 15:05:36 [INFO] pages.base_page - Page fully loaded.
2025-12-02 15:05:36 [INFO] pages.login.login - Opening: https://qaradius.in.qamajor.radius-ois.ai/play/login
2025-12-02 15:05:36 [INFO] test_cases.process.version.test_import_call_version - Login page opened.
2025-12-02 15:05:36 [INFO] test_cases.process.version.test_import_call_version - Attempting login...
2025-12-02 15:05:37 [INFO] pages.base_page - Element visible: ('id', 'loginForm.username')
2025-12-02 15:05:37 [INFO] pages.base_page - Element visible: ('id', 'password')
2025-12-02 15:05:37 [INFO] pages.base_page - Element visible: ('id', 'loginForm.Login')
2025-12-02 15:05:37 [INFO] pages.login.login - Login submitted for user: playadmin
2025-12-02 15:05:37 [INFO] pages.common.loader - Waiting for loader to disappear...
2025-12-02 15:05:38 [INFO] pages.base_page - Loader appeared.
2025-12-02 15:05:41 [INFO] pages.base_page - Loader disappeared.
2025-12-02 15:05:41 [INFO] pages.common.loader - Loader Stopped.
2025-12-02 15:05:41 [INFO] pages.login.login - Login submitted successfully.
2025-12-02 15:05:41 [INFO] utils.screenshot - Screenshot saved: D:\2025\SELENIUM-PYTHON\PLAY_RADIUS_AUTOMATION\screenshots\Login Submitted successfully_20251202_150541.png
2025-12-02 15:05:41 [INFO] test_cases.process.version.test_import_call_version - Login complete.
2025-12-02 15:05:41 [INFO] test_cases.process.version.test_import_call_version - Waiting for page to load after login...
2025-12-02 15:05:41 [INFO] pages.common.loader - Waiting for loader to disappear...
2025-12-02 15:05:46 [INFO] pages.base_page - Loader was not observed during initial check, proceeding without waiting for invisibility.
2025-12-02 15:05:46 [INFO] pages.common.loader - Loader Stopped.
2025-12-02 15:05:46 [INFO] test_cases.process.version.test_import_call_version - Page loaded.
2025-12-02 15:05:46 [INFO] test_cases.process.version.test_import_call_version - Navigating to Process section via Side Menu...
2025-12-02 15:05:46 [INFO] pages.common.loader - Waiting for loader to disappear...
2025-12-02 15:05:51 [INFO] pages.base_page - Loader was not observed during initial check, proceeding without waiting for invisibility.
2025-12-02 15:05:51 [INFO] pages.common.loader - Loader Stopped.
2025-12-02 15:05:51 [INFO] pages.base_page - Element clickable: ('xpath', "//button[@title='Process']")
2025-12-02 15:05:52 [INFO] pages.common.sidemenupage - Process Showing
2025-12-02 15:05:52 [INFO] utils.screenshot - Screenshot saved: D:\2025\SELENIUM-PYTHON\PLAY_RADIUS_AUTOMATION\screenshots\Process Showing_20251202_150552.png
2025-12-02 15:05:52 [INFO] test_cases.process.version.test_import_call_version - Navigated to Process section.
2025-12-02 15:05:52 [INFO] test_cases.process.version.test_import_call_version - Opening filter search section...
2025-12-02 15:05:52 [INFO] pages.base_page - Element clickable: ('xpath', "//button[@title='Filter']")
2025-12-02 15:06:03 [WARNING] pages.base_page - Filter UI not ready within timeout.
2025-12-02 15:06:03 [INFO] test_cases.process.version.test_import_call_version - Filter search section opened.
2025-12-02 15:06:03 [INFO] test_cases.process.version.test_import_call_version - Reading test data for process filtering...
2025-12-02 15:06:03 [INFO] test_cases.process.version.test_import_call_version - Test data loaded. Filtering by process name: SMK_PLAY_24OCT_A
2025-12-02 15:06:03 [INFO] test_cases.process.version.test_import_call_version - Applying the filter...
2025-12-02 15:06:03 [INFO] pages.base_page - Element clickable: ('id', 'processName')
2025-12-02 15:06:03 [INFO] pages.base_page - Cleared and typed 'SMK_PLAY_24OCT_A' in element: ('id', 'processName')
2025-12-02 15:06:04 [INFO] pages.base_page - Element clickable: ('xpath', "//button[normalize-space(text())='Submit']")
2025-12-02 15:06:04 [INFO] pages.base_page - Clicked element: ('xpath', "//button[normalize-space(text())='Submit']")
2025-12-02 15:06:04 [INFO] pages.common.loader - Waiting for loader to disappear...
2025-12-02 15:06:04 [INFO] pages.base_page - Loader appeared.
2025-12-02 15:06:09 [INFO] pages.base_page - Loader disappeared.
2025-12-02 15:06:09 [INFO] pages.common.loader - Loader Stopped.
2025-12-02 15:06:09 [INFO] pages.base_page - Page fully loaded.
2025-12-02 15:06:09 [INFO] test_cases.process.version.test_import_call_version - Filter applied.
2025-12-02 15:06:09 [INFO] pages.base_page - Element clickable: ('xpath', "//*[@id='root']/div[2]/div/div[3]/div/div/div[2]/div/div[2]/table/tbody/tr[1]")
2025-12-02 15:06:10 [INFO] pages.base_page - Element clickable: ('xpath', "//button[@id='call_version_accord']")
2025-12-02 15:06:10 [INFO] automation - Opened Call Version section.
2025-12-02 15:06:10 [INFO] pages.base_page - Element clickable: ('xpath', "//ul[@id='menuv_call']//button[@title='Import Version']")
2025-12-02 15:06:10 [INFO] automation - Import Version clicked.
2025-12-02 15:06:10 [INFO] pages.base_page - Element clickable: ('xpath', "//select[@name='selProcess']")
2025-12-02 15:06:16 [INFO] utils.screenshot - Screenshot saved: D:\2025\SELENIUM-PYTHON\PLAY_RADIUS_AUTOMATION\screenshots\failed_test_create_process_20251202_150616.png
2025-12-02 15:07:48 [INFO] test_cases.process.version.test_import_call_version - Starting test_filter_process_by_name
2025-12-02 15:07:48 [INFO] test_cases.process.version.test_import_call_version - Opening login page...
2025-12-02 15:07:57 [INFO] pages.base_page - Page fully loaded.
2025-12-02 15:07:57 [INFO] pages.login.login - Opening: https://qaradius.in.qamajor.radius-ois.ai/play/login
2025-12-02 15:07:57 [INFO] test_cases.process.version.test_import_call_version - Login page opened.
2025-12-02 15:07:57 [INFO] test_cases.process.version.test_import_call_version - Attempting login...
2025-12-02 15:07:57 [INFO] pages.base_page - Element visible: ('id', 'loginForm.username')
2025-12-02 15:07:58 [INFO] pages.base_page - Element visible: ('id', 'password')
2025-12-02 15:07:58 [INFO] pages.base_page - Element visible: ('id', 'loginForm.Login')
2025-12-02 15:07:59 [INFO] pages.login.login - Login submitted for user: playadmin
2025-12-02 15:07:59 [INFO] pages.common.loader - Waiting for loader to disappear...
2025-12-02 15:07:59 [INFO] pages.base_page - Loader appeared.
2025-12-02 15:08:07 [INFO] pages.base_page - Loader disappeared.
2025-12-02 15:08:07 [INFO] pages.common.loader - Loader Stopped.
2025-12-02 15:08:07 [INFO] pages.login.login - Login submitted successfully.
2025-12-02 15:08:07 [INFO] utils.screenshot - Screenshot saved: D:\2025\SELENIUM-PYTHON\PLAY_RADIUS_AUTOMATION\screenshots\Login Submitted successfully_20251202_150807.png
2025-12-02 15:08:07 [INFO] test_cases.process.version.test_import_call_version - Login complete.
2025-12-02 15:08:07 [INFO] test_cases.process.version.test_import_call_version - Waiting for page to load after login...
2025-12-02 15:08:07 [INFO] pages.common.loader - Waiting for loader to disappear...
2025-12-02 15:08:12 [INFO] pages.base_page - Loader was not observed during initial check, proceeding without waiting for invisibility.
2025-12-02 15:08:12 [INFO] pages.common.loader - Loader Stopped.
2025-12-02 15:08:12 [INFO] test_cases.process.version.test_import_call_version - Page loaded.
2025-12-02 15:08:12 [INFO] test_cases.process.version.test_import_call_version - Navigating to Process section via Side Menu...
2025-12-02 15:08:12 [INFO] pages.common.loader - Waiting for loader to disappear...
2025-12-02 15:08:17 [INFO] pages.base_page - Loader was not observed during initial check, proceeding without waiting for invisibility.
2025-12-02 15:08:17 [INFO] pages.common.loader - Loader Stopped.
2025-12-02 15:08:17 [INFO] pages.base_page - Element clickable: ('xpath', "//button[@title='Process']")
2025-12-02 15:08:18 [INFO] pages.common.sidemenupage - Process Showing
2025-12-02 15:08:19 [INFO] utils.screenshot - Screenshot saved: D:\2025\SELENIUM-PYTHON\PLAY_RADIUS_AUTOMATION\screenshots\Process Showing_20251202_150818.png
2025-12-02 15:08:19 [INFO] test_cases.process.version.test_import_call_version - Navigated to Process section.
2025-12-02 15:08:19 [INFO] test_cases.process.version.test_import_call_version - Opening filter search section...
2025-12-02 15:08:19 [INFO] pages.base_page - Element clickable: ('xpath', "//button[@title='Filter']")
2025-12-02 15:08:30 [WARNING] pages.base_page - Filter UI not ready within timeout.
2025-12-02 15:08:30 [INFO] test_cases.process.version.test_import_call_version - Filter search section opened.
2025-12-02 15:08:30 [INFO] test_cases.process.version.test_import_call_version - Reading test data for process filtering...
2025-12-02 15:08:30 [INFO] test_cases.process.version.test_import_call_version - Test data loaded. Filtering by process name: SMK_PLAY_24OCT_A
2025-12-02 15:08:30 [INFO] test_cases.process.version.test_import_call_version - Applying the filter...
2025-12-02 15:08:30 [INFO] pages.base_page - Element clickable: ('id', 'processName')
2025-12-02 15:08:30 [INFO] pages.base_page - Cleared and typed 'SMK_PLAY_24OCT_A' in element: ('id', 'processName')
2025-12-02 15:08:30 [INFO] pages.base_page - Element clickable: ('xpath', "//button[normalize-space(text())='Submit']")
2025-12-02 15:08:30 [INFO] pages.base_page - Clicked element: ('xpath', "//button[normalize-space(text())='Submit']")
2025-12-02 15:08:30 [INFO] pages.common.loader - Waiting for loader to disappear...
2025-12-02 15:08:31 [INFO] pages.base_page - Loader appeared.
2025-12-02 15:08:36 [INFO] pages.base_page - Loader disappeared.
2025-12-02 15:08:36 [INFO] pages.common.loader - Loader Stopped.
2025-12-02 15:08:36 [INFO] pages.base_page - Page fully loaded.
2025-12-02 15:08:36 [INFO] test_cases.process.version.test_import_call_version - Filter applied.
2025-12-02 15:08:36 [INFO] pages.base_page - Element clickable: ('xpath', "//*[@id='root']/div[2]/div/div[3]/div/div/div[2]/div/div[2]/table/tbody/tr[1]")
2025-12-02 15:08:36 [INFO] pages.base_page - Element clickable: ('xpath', "//button[@id='call_version_accord']")
2025-12-02 15:08:36 [INFO] automation - Opened Call Version section.
2025-12-02 15:08:37 [INFO] pages.base_page - Element clickable: ('xpath', "//ul[@id='menuv_call']//button[@title='Import Version']")
2025-12-02 15:08:37 [INFO] automation - Import Version clicked.
2025-12-02 15:08:37 [INFO] pages.base_page - Element clickable: ('xpath', "//select[@name='selProcess']")
2025-12-02 15:08:39 [INFO] automation - Selected process: Campaign_ADD
2025-12-02 15:08:39 [INFO] pages.base_page - Element clickable: ('xpath', "//select[@name='selVersion']")
2025-12-02 15:08:39 [INFO] automation - Selected version: test3
2025-12-02 15:08:39 [INFO] pages.base_page - Element clickable: ('xpath', "//select[@name='interaction']")
2025-12-02 15:08:39 [INFO] automation - Selected interaction: ib
2025-12-02 15:08:39 [INFO] pages.base_page - Element visible: ('xpath', "//input[@name='name']")
2025-12-02 15:08:39 [INFO] automation - Entered version name: Imported_001
2025-12-02 15:08:39 [INFO] pages.base_page - Element clickable: ('xpath', "//button[normalize-space()='Submit']")
2025-12-02 15:08:39 [INFO] automation - Submit clicked.
2025-12-02 15:08:45 [INFO] pages.base_page - Element became invisible: ('xpath', "//div[@role='dialog' and contains(@class,'modal') and contains(@class,'show')]")
2025-12-02 15:08:45 [INFO] automation - Modal closed.
2025-12-02 15:08:45 [INFO] test_cases.process.version.test_import_call_version - Verifying filtered processes...
2025-12-02 15:08:45 [INFO] test_cases.process.version.test_import_call_version - Logging out...
2025-12-02 15:08:45 [INFO] pages.common.loader - Waiting for loader to disappear...
2025-12-02 15:08:50 [INFO] pages.base_page - Loader was not observed during initial check, proceeding without waiting for invisibility.
2025-12-02 15:08:50 [INFO] pages.common.loader - Loader Stopped.
2025-12-02 15:08:50 [INFO] pages.base_page - Element clickable: ('xpath', "//img[@alt='Profile']")
2025-12-02 15:08:50 [INFO] pages.base_page - Clicked element: ('xpath', "//img[@alt='Profile']")
2025-12-02 15:08:50 [INFO] pages.base_page - Element clickable: ('xpath', "//button[@title='Logout']")
2025-12-02 15:08:53 [INFO] pages.base_page - Clicked element: ('xpath', "//button[@title='Logout']")
2025-12-02 15:08:53 [INFO] pages.login.logout - Logout Successfully.
2025-12-02 15:08:53 [INFO] utils.screenshot - Screenshot saved: D:\2025\SELENIUM-PYTHON\PLAY_RADIUS_AUTOMATION\screenshots\Logout_Successfully_20251202_150853.png
2025-12-02 15:08:53 [INFO] pages.base_page - Element visible: ('xpath', "//span[text()='Login']")
2025-12-02 15:08:53 [INFO] test_cases.process.version.test_import_call_version - Logout complete. Test finished.
2025-12-02 15:53:41 [INFO] test_cases.process.version.test_import_call_version - Starting test_import_version
2025-12-02 15:53:50 [INFO] pages.base_page - Page fully loaded.
2025-12-02 15:53:50 [INFO] pages.login.login - Opening: https://qaradius.in.qamajor.radius-ois.ai/play/login
2025-12-02 15:53:50 [INFO] pages.base_page - Element visible: ('id', 'loginForm.username')
2025-12-02 15:53:50 [INFO] pages.base_page - Element visible: ('id', 'password')
2025-12-02 15:53:50 [INFO] pages.base_page - Element visible: ('id', 'loginForm.Login')
2025-12-02 15:53:51 [INFO] pages.login.login - Login submitted for user: playadmin
2025-12-02 15:53:51 [INFO] pages.common.loader - Waiting for loader to disappear...
2025-12-02 15:53:51 [INFO] pages.base_page - Loader appeared.
2025-12-02 15:54:00 [INFO] pages.base_page - Loader disappeared.
2025-12-02 15:54:00 [INFO] pages.common.loader - Loader Stopped.
2025-12-02 15:54:00 [INFO] pages.login.login - Login submitted successfully.
2025-12-02 15:54:00 [INFO] utils.screenshot - Screenshot saved: D:\2025\SELENIUM-PYTHON\PLAY_RADIUS_AUTOMATION\screenshots\Login Submitted successfully_20251202_155400.png
2025-12-02 15:54:00 [INFO] pages.common.loader - Waiting for loader to disappear...
2025-12-02 15:54:06 [INFO] pages.base_page - Loader was not observed during initial check, proceeding without waiting for invisibility.
2025-12-02 15:54:06 [INFO] pages.common.loader - Loader Stopped.
2025-12-02 15:54:06 [INFO] pages.common.loader - Waiting for loader to disappear...
2025-12-02 15:54:11 [INFO] pages.base_page - Loader was not observed during initial check, proceeding without waiting for invisibility.
2025-12-02 15:54:11 [INFO] pages.common.loader - Loader Stopped.
2025-12-02 15:54:11 [INFO] pages.base_page - Element clickable: ('xpath', "//button[@title='Process']")
2025-12-02 15:54:12 [INFO] pages.common.sidemenupage - Process Showing
2025-12-02 15:54:12 [INFO] utils.screenshot - Screenshot saved: D:\2025\SELENIUM-PYTHON\PLAY_RADIUS_AUTOMATION\screenshots\Process Showing_20251202_155412.png
2025-12-02 15:54:12 [INFO] pages.base_page - Element clickable: ('xpath', "//button[@title='Filter']")
2025-12-02 15:54:23 [WARNING] pages.base_page - Filter UI not ready within timeout.
2025-12-02 15:54:23 [INFO] pages.base_page - Element clickable: ('id', 'processName')
2025-12-02 15:54:23 [INFO] pages.base_page - Cleared and typed 'SMK_PLAY_24OCT_A' in element: ('id', 'processName')
2025-12-02 15:54:23 [INFO] pages.base_page - Element clickable: ('xpath', "//button[normalize-space(text())='Submit']")
2025-12-02 15:54:23 [INFO] pages.base_page - Clicked element: ('xpath', "//button[normalize-space(text())='Submit']")
2025-12-02 15:54:23 [INFO] pages.common.loader - Waiting for loader to disappear...
2025-12-02 15:54:23 [INFO] pages.base_page - Loader appeared.
2025-12-02 15:54:29 [INFO] pages.base_page - Loader disappeared.
2025-12-02 15:54:29 [INFO] pages.common.loader - Loader Stopped.
2025-12-02 15:54:29 [INFO] pages.base_page - Page fully loaded.
2025-12-02 15:54:29 [INFO] pages.base_page - Element clickable: ('xpath', "//*[@id='root']/div[2]/div/div[3]/div/div/div[2]/div/div[2]/table/tbody/tr[1]")
2025-12-02 15:54:29 [INFO] pages.base_page - Element clickable: ('xpath', "//button[@id='call_version_accord']")
2025-12-02 15:54:29 [INFO] automation - Opened Call Version section.
2025-12-02 15:54:29 [INFO] pages.base_page - Element clickable: ('xpath', "//ul[@id='menuv_call']//button[@title='Import Version']")
2025-12-02 15:54:29 [INFO] automation - Import Version clicked.
2025-12-02 15:54:30 [INFO] pages.base_page - Element clickable: ('xpath', "//select[@name='selProcess']")
2025-12-02 15:54:31 [INFO] automation - Selected process: Campaign_ADD
2025-12-02 15:54:31 [INFO] pages.base_page - Element clickable: ('xpath', "//select[@name='selVersion']")
2025-12-02 15:54:31 [INFO] automation - Selected version: test3
2025-12-02 15:54:31 [INFO] pages.base_page - Element clickable: ('xpath', "//select[@name='interaction']")
2025-12-02 15:54:31 [INFO] automation - Selected interaction: ib
2025-12-02 15:54:31 [INFO] pages.base_page - Element visible: ('xpath', "//input[@name='name']")
2025-12-02 15:54:32 [INFO] automation - Entered version name: Imported_001
2025-12-02 15:54:32 [INFO] pages.base_page - Element clickable: ('xpath', "//button[normalize-space()='Submit']")
2025-12-02 15:54:32 [INFO] automation - Submit clicked.
2025-12-02 15:54:42 [INFO] utils.screenshot - Screenshot saved: D:\2025\SELENIUM-PYTHON\PLAY_RADIUS_AUTOMATION\screenshots\wait_invisible_error___div[@role='dialog' and contains(@class,'modal') and contains(@class,'show')]_20251202_155442.png
2025-12-02 15:54:42 [ERROR] pages.base_page - wait_invisible failed for ('xpath', "//div[@role='dialog' and contains(@class,'modal') and contains(@class,'show')]"): Message: 
Traceback (most recent call last):
  File "D:\2025\SELENIUM-PYTHON\PLAY_RADIUS_AUTOMATION\pages\base_page.py", line 85, in wait_invisible
    wait_obj.until(EC.invisibility_of_element_located(locator))
    ~~~~~~~~~~~~~~^^^^^^^^^^^^^^^^^^^^^^^^^^^^^^^^^^^^^^^^^^^^^
  File "D:\2025\SELENIUM-PYTHON\PLAY_RADIUS_AUTOMATION\.venv\Lib\site-packages\selenium\webdriver\support\wait.py", line 138, in until
    raise TimeoutException(message, screen, stacktrace)
selenium.common.exceptions.TimeoutException: Message: 

2025-12-02 15:54:42 [INFO] utils.screenshot - Screenshot saved: D:\2025\SELENIUM-PYTHON\PLAY_RADIUS_AUTOMATION\screenshots\failed_test_import_version_20251202_155442.png
2025-12-02 15:54:49 [INFO] test_cases.process.version.test_import_call_version - Starting test_copy_version
2025-12-02 15:54:56 [INFO] pages.base_page - Page fully loaded.
2025-12-02 15:54:56 [INFO] pages.login.login - Opening: https://qaradius.in.qamajor.radius-ois.ai/play/login
2025-12-02 15:54:56 [INFO] pages.base_page - Element visible: ('id', 'loginForm.username')
2025-12-02 15:54:56 [INFO] pages.base_page - Element visible: ('id', 'password')
2025-12-02 15:54:57 [INFO] pages.base_page - Element visible: ('id', 'loginForm.Login')
2025-12-02 15:54:57 [INFO] pages.login.login - Login submitted for user: playadmin
2025-12-02 15:54:57 [INFO] pages.common.loader - Waiting for loader to disappear...
2025-12-02 15:54:57 [INFO] pages.base_page - Loader appeared.
2025-12-02 15:55:05 [INFO] pages.base_page - Loader disappeared.
2025-12-02 15:55:05 [INFO] pages.common.loader - Loader Stopped.
2025-12-02 15:55:05 [INFO] pages.login.login - Login submitted successfully.
2025-12-02 15:55:05 [INFO] utils.screenshot - Screenshot saved: D:\2025\SELENIUM-PYTHON\PLAY_RADIUS_AUTOMATION\screenshots\Login Submitted successfully_20251202_155505.png
2025-12-02 15:55:05 [INFO] pages.common.loader - Waiting for loader to disappear...
2025-12-02 15:55:10 [INFO] pages.base_page - Loader was not observed during initial check, proceeding without waiting for invisibility.
2025-12-02 15:55:10 [INFO] pages.common.loader - Loader Stopped.
2025-12-02 15:55:10 [INFO] pages.common.loader - Waiting for loader to disappear...
2025-12-02 15:55:15 [INFO] pages.base_page - Loader was not observed during initial check, proceeding without waiting for invisibility.
2025-12-02 15:55:15 [INFO] pages.common.loader - Loader Stopped.
2025-12-02 15:55:15 [INFO] pages.base_page - Element clickable: ('xpath', "//button[@title='Process']")
2025-12-02 15:55:16 [INFO] pages.common.sidemenupage - Process Showing
2025-12-02 15:55:16 [INFO] utils.screenshot - Screenshot saved: D:\2025\SELENIUM-PYTHON\PLAY_RADIUS_AUTOMATION\screenshots\Process Showing_20251202_155516.png
2025-12-02 15:55:16 [INFO] pages.base_page - Element clickable: ('xpath', "//button[@title='Filter']")
2025-12-02 15:55:27 [WARNING] pages.base_page - Filter UI not ready within timeout.
2025-12-02 15:55:27 [INFO] pages.base_page - Element clickable: ('id', 'processName')
2025-12-02 15:55:27 [INFO] pages.base_page - Cleared and typed 'SMK_PLAY_24OCT_A' in element: ('id', 'processName')
2025-12-02 15:55:27 [INFO] pages.base_page - Element clickable: ('xpath', "//button[normalize-space(text())='Submit']")
2025-12-02 15:55:28 [INFO] pages.base_page - Clicked element: ('xpath', "//button[normalize-space(text())='Submit']")
2025-12-02 15:55:28 [INFO] pages.common.loader - Waiting for loader to disappear...
2025-12-02 15:55:28 [INFO] pages.base_page - Loader appeared.
2025-12-02 15:55:33 [INFO] pages.base_page - Loader disappeared.
2025-12-02 15:55:33 [INFO] pages.common.loader - Loader Stopped.
2025-12-02 15:55:33 [INFO] pages.base_page - Page fully loaded.
2025-12-02 15:55:33 [INFO] pages.base_page - Element clickable: ('xpath', "//*[@id='root']/div[2]/div/div[3]/div/div/div[2]/div/div[2]/table/tbody/tr[1]")
2025-12-02 15:55:33 [INFO] pages.base_page - Element clickable: ('xpath', "//button[@id='call_version_accord']")
2025-12-02 15:55:34 [INFO] automation - Opened Call Version section.
2025-12-02 15:55:34 [INFO] pages.base_page - Element clickable: ('xpath', "//ul[@id='menuv_call']//button[@title='Copy Version']")
2025-12-02 15:55:34 [INFO] automation - Copy Version clicked.
2025-12-02 15:55:44 [INFO] utils.screenshot - Screenshot saved: D:\2025\SELENIUM-PYTHON\PLAY_RADIUS_AUTOMATION\screenshots\wait_until_clickable_error___select[@name='selVersion']_20251202_155544.png
2025-12-02 15:55:44 [ERROR] pages.base_page - wait_until_clickable failed for ('xpath', "//select[@name='selVersion']"): Message: 
Stacktrace:
Symbols not available. Dumping unresolved backtrace:
	0xe94103
	0xe94144
	0xc9e71d
	0xcea03d
	0xcea41b
	0xd317f2
	0xd0c954
	0xd2ee17
	0xd0c706
	0xcdda30
	0xcded54
	0x11057b4
	0x110098a
	0xebc392
	0xeac4c8
	0xeb324d
	0xe9c478
	0xe9c63c
	0xe867ca
	0x769d5d49
	0x779ad6db
	0x779ad661
Traceback (most recent call last):
  File "D:\2025\SELENIUM-PYTHON\PLAY_RADIUS_AUTOMATION\pages\base_page.py", line 172, in _wait_for_condition
    element = wait_obj.until(condition) # Use the passed wait_obj
  File "D:\2025\SELENIUM-PYTHON\PLAY_RADIUS_AUTOMATION\.venv\Lib\site-packages\selenium\webdriver\support\wait.py", line 138, in until
    raise TimeoutException(message, screen, stacktrace)
selenium.common.exceptions.TimeoutException: Message: 
Stacktrace:
Symbols not available. Dumping unresolved backtrace:
	0xe94103
	0xe94144
	0xc9e71d
	0xcea03d
	0xcea41b
	0xd317f2
	0xd0c954
	0xd2ee17
	0xd0c706
	0xcdda30
	0xcded54
	0x11057b4
	0x110098a
	0xebc392
	0xeac4c8
	0xeb324d
	0xe9c478
	0xe9c63c
	0xe867ca
	0x769d5d49
	0x779ad6db
	0x779ad661

2025-12-02 15:55:44 [INFO] utils.screenshot - Screenshot saved: D:\2025\SELENIUM-PYTHON\PLAY_RADIUS_AUTOMATION\screenshots\failed_test_copy_version_20251202_155544.png
2025-12-02 16:00:14 [INFO] test_cases.process.version.test_import_call_version - Starting test_copy_version
2025-12-02 16:00:21 [INFO] pages.base_page - Page fully loaded.
2025-12-02 16:00:21 [INFO] pages.login.login - Opening: https://qaradius.in.qamajor.radius-ois.ai/play/login
2025-12-02 16:00:21 [INFO] pages.base_page - Element visible: ('id', 'loginForm.username')
2025-12-02 16:00:21 [INFO] pages.base_page - Element visible: ('id', 'password')
2025-12-02 16:00:22 [INFO] pages.base_page - Element visible: ('id', 'loginForm.Login')
2025-12-02 16:00:22 [INFO] pages.login.login - Login submitted for user: playadmin
2025-12-02 16:00:22 [INFO] pages.common.loader - Waiting for loader to disappear...
2025-12-02 16:00:22 [INFO] pages.base_page - Loader appeared.
2025-12-02 16:00:30 [INFO] pages.base_page - Loader disappeared.
2025-12-02 16:00:30 [INFO] pages.common.loader - Loader Stopped.
2025-12-02 16:00:30 [INFO] pages.login.login - Login submitted successfully.
2025-12-02 16:00:30 [INFO] utils.screenshot - Screenshot saved: D:\2025\SELENIUM-PYTHON\PLAY_RADIUS_AUTOMATION\screenshots\Login Submitted successfully_20251202_160030.png
2025-12-02 16:00:30 [INFO] pages.common.loader - Waiting for loader to disappear...
2025-12-02 16:00:35 [INFO] pages.base_page - Loader was not observed during initial check, proceeding without waiting for invisibility.
2025-12-02 16:00:35 [INFO] pages.common.loader - Loader Stopped.
2025-12-02 16:00:35 [INFO] pages.common.loader - Waiting for loader to disappear...
2025-12-02 16:00:40 [INFO] pages.base_page - Loader was not observed during initial check, proceeding without waiting for invisibility.
2025-12-02 16:00:40 [INFO] pages.common.loader - Loader Stopped.
2025-12-02 16:00:40 [INFO] pages.base_page - Element clickable: ('xpath', "//button[@title='Process']")
2025-12-02 16:00:41 [INFO] pages.common.sidemenupage - Process Showing
2025-12-02 16:00:41 [INFO] utils.screenshot - Screenshot saved: D:\2025\SELENIUM-PYTHON\PLAY_RADIUS_AUTOMATION\screenshots\Process Showing_20251202_160041.png
2025-12-02 16:00:41 [INFO] pages.base_page - Element clickable: ('xpath', "//button[@title='Filter']")
2025-12-02 16:00:52 [WARNING] pages.base_page - Filter UI not ready within timeout.
2025-12-02 16:00:52 [INFO] pages.base_page - Element clickable: ('id', 'processName')
2025-12-02 16:00:52 [INFO] pages.base_page - Cleared and typed 'SMK_PLAY_24OCT_A' in element: ('id', 'processName')
2025-12-02 16:00:52 [INFO] pages.base_page - Element clickable: ('xpath', "//button[normalize-space(text())='Submit']")
2025-12-02 16:00:52 [INFO] pages.base_page - Clicked element: ('xpath', "//button[normalize-space(text())='Submit']")
2025-12-02 16:00:52 [INFO] pages.common.loader - Waiting for loader to disappear...
2025-12-02 16:00:52 [INFO] pages.base_page - Loader appeared.
2025-12-02 16:00:58 [INFO] pages.base_page - Loader disappeared.
2025-12-02 16:00:58 [INFO] pages.common.loader - Loader Stopped.
2025-12-02 16:00:58 [INFO] pages.base_page - Page fully loaded.
2025-12-02 16:00:58 [INFO] pages.base_page - Element clickable: ('xpath', "//*[@id='root']/div[2]/div/div[3]/div/div/div[2]/div/div[2]/table/tbody/tr[1]")
2025-12-02 16:00:58 [INFO] pages.base_page - Element clickable: ('xpath', "//button[@id='call_version_accord']")
2025-12-02 16:00:58 [INFO] automation - Opened Call Version section.
2025-12-02 16:00:58 [INFO] pages.base_page - Element clickable: ('xpath', "//ul[@id='menuv_call']//button[@title='Copy Version']")
2025-12-02 16:00:58 [INFO] automation - Copy Version clicked.
2025-12-02 16:00:58 [INFO] pages.base_page - Element clickable: ('xpath', "//select[@name='cpyVersion']")
2025-12-02 16:00:59 [INFO] automation - Selected copy version: Robot
2025-12-02 16:00:59 [INFO] pages.base_page - Element clickable: ('xpath', "//select[@name='interaction']")
2025-12-02 16:00:59 [INFO] automation - Selected interaction: ib
2025-12-02 16:00:59 [INFO] pages.base_page - Element visible: ('xpath', "//input[@name='cpyVrsnname']")
2025-12-02 16:00:59 [INFO] automation - Entered copy version name: copy_version_001
2025-12-02 16:00:59 [INFO] pages.base_page - Element clickable: ('xpath', "//button[normalize-space()='Submit']")
2025-12-02 16:00:59 [INFO] automation - Submit clicked.
2025-12-02 16:01:05 [INFO] pages.base_page - Element became invisible: ('xpath', "//div[@role='dialog' and contains(@class,'modal') and contains(@class,'show')]")
2025-12-02 16:01:05 [INFO] automation - Modal closed.
2025-12-02 16:01:05 [INFO] pages.common.loader - Waiting for loader to disappear...
2025-12-02 16:01:10 [INFO] pages.base_page - Loader was not observed during initial check, proceeding without waiting for invisibility.
2025-12-02 16:01:10 [INFO] pages.common.loader - Loader Stopped.
2025-12-02 16:01:10 [INFO] pages.base_page - Element clickable: ('xpath', "//img[@alt='Profile']")
2025-12-02 16:01:10 [INFO] pages.base_page - Clicked element: ('xpath', "//img[@alt='Profile']")
2025-12-02 16:01:10 [INFO] pages.base_page - Element clickable: ('xpath', "//button[@title='Logout']")
2025-12-02 16:01:12 [INFO] pages.base_page - Clicked element: ('xpath', "//button[@title='Logout']")
2025-12-02 16:01:12 [INFO] pages.login.logout - Logout Successfully.
2025-12-02 16:01:12 [INFO] utils.screenshot - Screenshot saved: D:\2025\SELENIUM-PYTHON\PLAY_RADIUS_AUTOMATION\screenshots\Logout_Successfully_20251202_160112.png
2025-12-02 16:01:12 [INFO] pages.base_page - Element visible: ('xpath', "//span[text()='Login']")
2025-12-02 16:01:12 [INFO] test_cases.process.version.test_import_call_version - Logout complete. Test finished.
2025-12-02 16:03:43 [INFO] test_cases.process.version.test_import_call_version - Starting test_copy_version
2025-12-02 16:03:50 [INFO] pages.base_page - Page fully loaded.
2025-12-02 16:03:50 [INFO] pages.login.login - Opening: https://qaradius.in.qamajor.radius-ois.ai/play/login
2025-12-02 16:03:50 [INFO] pages.base_page - Element visible: ('id', 'loginForm.username')
2025-12-02 16:03:51 [INFO] pages.base_page - Element visible: ('id', 'password')
2025-12-02 16:03:51 [INFO] pages.base_page - Element visible: ('id', 'loginForm.Login')
2025-12-02 16:03:51 [INFO] pages.login.login - Login submitted for user: playadmin
2025-12-02 16:03:51 [INFO] pages.common.loader - Waiting for loader to disappear...
2025-12-02 16:03:52 [INFO] pages.base_page - Loader appeared.
2025-12-02 16:04:00 [INFO] pages.base_page - Loader disappeared.
2025-12-02 16:04:00 [INFO] pages.common.loader - Loader Stopped.
2025-12-02 16:04:00 [INFO] pages.login.login - Login submitted successfully.
2025-12-02 16:04:00 [INFO] utils.screenshot - Screenshot saved: D:\2025\SELENIUM-PYTHON\PLAY_RADIUS_AUTOMATION\screenshots\Login Submitted successfully_20251202_160400.png
2025-12-02 16:04:00 [INFO] pages.common.loader - Waiting for loader to disappear...
2025-12-02 16:04:05 [INFO] pages.base_page - Loader was not observed during initial check, proceeding without waiting for invisibility.
2025-12-02 16:04:05 [INFO] pages.common.loader - Loader Stopped.
2025-12-02 16:04:05 [INFO] pages.common.loader - Waiting for loader to disappear...
2025-12-02 16:04:10 [INFO] pages.base_page - Loader was not observed during initial check, proceeding without waiting for invisibility.
2025-12-02 16:04:10 [INFO] pages.common.loader - Loader Stopped.
2025-12-02 16:04:10 [INFO] pages.base_page - Element clickable: ('xpath', "//button[@title='Process']")
2025-12-02 16:04:11 [INFO] pages.common.sidemenupage - Process Showing
2025-12-02 16:04:11 [INFO] utils.screenshot - Screenshot saved: D:\2025\SELENIUM-PYTHON\PLAY_RADIUS_AUTOMATION\screenshots\Process Showing_20251202_160411.png
2025-12-02 16:04:11 [INFO] pages.base_page - Element clickable: ('xpath', "//button[@title='Filter']")
2025-12-02 16:04:22 [WARNING] pages.base_page - Filter UI not ready within timeout.
2025-12-02 16:04:22 [INFO] pages.base_page - Element clickable: ('id', 'processName')
2025-12-02 16:04:22 [INFO] pages.base_page - Cleared and typed 'SMK_PLAY_24OCT_A' in element: ('id', 'processName')
2025-12-02 16:04:23 [INFO] pages.base_page - Element clickable: ('xpath', "//button[normalize-space(text())='Submit']")
2025-12-02 16:04:23 [INFO] pages.base_page - Clicked element: ('xpath', "//button[normalize-space(text())='Submit']")
2025-12-02 16:04:23 [INFO] pages.common.loader - Waiting for loader to disappear...
2025-12-02 16:04:23 [INFO] pages.base_page - Loader appeared.
2025-12-02 16:04:28 [INFO] pages.base_page - Loader disappeared.
2025-12-02 16:04:28 [INFO] pages.common.loader - Loader Stopped.
2025-12-02 16:04:28 [INFO] pages.base_page - Page fully loaded.
2025-12-02 16:04:28 [INFO] pages.base_page - Element clickable: ('xpath', "//*[@id='root']/div[2]/div/div[3]/div/div/div[2]/div/div[2]/table/tbody/tr[1]")
2025-12-02 16:04:28 [INFO] pages.base_page - Element clickable: ('xpath', "//button[@id='call_version_accord']")
2025-12-02 16:04:29 [INFO] automation - Opened Call Version section.
2025-12-02 16:04:29 [INFO] pages.base_page - Element clickable: ('xpath', "//ul[@id='menuv_call']//button[@title='Add Version']")
2025-12-02 16:04:29 [INFO] automation - Add Version clicked.
2025-12-02 16:04:29 [INFO] pages.base_page - Element visible: ('xpath', "//input[@name='name']")
2025-12-02 16:04:29 [INFO] automation - Entered version name: New_Version_001
2025-12-02 16:04:29 [INFO] pages.base_page - Element clickable: ('xpath', "//select[@name='interaction']")
2025-12-02 16:04:29 [INFO] automation - Selected interaction: ib
2025-12-02 16:04:29 [INFO] pages.base_page - Element clickable: ('xpath', "//button[normalize-space()='Submit']")
2025-12-02 16:04:29 [INFO] automation - Submit clicked.
2025-12-02 16:04:35 [INFO] pages.base_page - Element became invisible: ('xpath', "//div[@role='dialog' and contains(@class,'modal') and contains(@class,'show')]")
2025-12-02 16:04:35 [INFO] automation - Modal closed.
2025-12-02 16:04:35 [INFO] pages.common.loader - Waiting for loader to disappear...
2025-12-02 16:04:40 [INFO] pages.base_page - Loader was not observed during initial check, proceeding without waiting for invisibility.
2025-12-02 16:04:40 [INFO] pages.common.loader - Loader Stopped.
2025-12-02 16:04:40 [INFO] pages.base_page - Element clickable: ('xpath', "//img[@alt='Profile']")
2025-12-02 16:04:40 [INFO] pages.base_page - Clicked element: ('xpath', "//img[@alt='Profile']")
2025-12-02 16:04:40 [INFO] pages.base_page - Element clickable: ('xpath', "//button[@title='Logout']")
2025-12-02 16:04:41 [INFO] pages.base_page - Clicked element: ('xpath', "//button[@title='Logout']")
2025-12-02 16:04:41 [INFO] pages.login.logout - Logout Successfully.
2025-12-02 16:04:43 [INFO] utils.screenshot - Screenshot saved: D:\2025\SELENIUM-PYTHON\PLAY_RADIUS_AUTOMATION\screenshots\Logout_Successfully_20251202_160441.png
2025-12-02 16:04:43 [INFO] pages.base_page - Element visible: ('xpath', "//span[text()='Login']")
2025-12-02 16:04:43 [INFO] test_cases.process.version.test_import_call_version - Logout complete. Test finished.
2025-12-02 16:22:22 [INFO] test_cases.process.version.test_import_call_version - Starting test_copy_version
2025-12-02 16:22:31 [INFO] pages.base_page - Page fully loaded.
2025-12-02 16:22:31 [INFO] pages.login.login - Opening: https://qaradius.in.qamajor.radius-ois.ai/play/login
2025-12-02 16:22:31 [INFO] pages.base_page - Element visible: ('id', 'loginForm.username')
2025-12-02 16:22:31 [INFO] pages.base_page - Element visible: ('id', 'password')
2025-12-02 16:22:31 [INFO] pages.base_page - Element visible: ('id', 'loginForm.Login')
2025-12-02 16:22:31 [INFO] pages.login.login - Login submitted for user: playadmin
2025-12-02 16:22:31 [INFO] pages.common.loader - Waiting for loader to disappear...
2025-12-02 16:22:32 [INFO] pages.base_page - Loader appeared.
2025-12-02 16:22:40 [INFO] pages.base_page - Loader disappeared.
2025-12-02 16:22:40 [INFO] pages.common.loader - Loader Stopped.
2025-12-02 16:22:40 [INFO] pages.login.login - Login submitted successfully.
2025-12-02 16:22:41 [INFO] utils.screenshot - Screenshot saved: D:\2025\SELENIUM-PYTHON\PLAY_RADIUS_AUTOMATION\screenshots\Login Submitted successfully_20251202_162240.png
2025-12-02 16:22:41 [INFO] pages.common.loader - Waiting for loader to disappear...
2025-12-02 16:22:46 [INFO] pages.base_page - Loader was not observed during initial check, proceeding without waiting for invisibility.
2025-12-02 16:22:46 [INFO] pages.common.loader - Loader Stopped.
2025-12-02 16:22:46 [INFO] pages.common.loader - Waiting for loader to disappear...
2025-12-02 16:22:51 [INFO] pages.base_page - Loader was not observed during initial check, proceeding without waiting for invisibility.
2025-12-02 16:22:51 [INFO] pages.common.loader - Loader Stopped.
2025-12-02 16:22:51 [INFO] pages.base_page - Element clickable: ('xpath', "//button[@title='Process']")
2025-12-02 16:22:51 [INFO] pages.common.sidemenupage - Process Showing
2025-12-02 16:22:52 [INFO] utils.screenshot - Screenshot saved: D:\2025\SELENIUM-PYTHON\PLAY_RADIUS_AUTOMATION\screenshots\Process Showing_20251202_162251.png
2025-12-02 16:22:52 [INFO] pages.base_page - Element clickable: ('xpath', "//button[@title='Filter']")
2025-12-02 16:23:03 [WARNING] pages.base_page - Filter UI not ready within timeout.
2025-12-02 16:23:03 [INFO] pages.base_page - Element clickable: ('id', 'processName')
2025-12-02 16:23:03 [INFO] pages.base_page - Cleared and typed 'SMK_PLAY_24OCT_A' in element: ('id', 'processName')
2025-12-02 16:23:03 [INFO] pages.base_page - Element clickable: ('xpath', "//button[normalize-space(text())='Submit']")
2025-12-02 16:23:03 [INFO] pages.base_page - Clicked element: ('xpath', "//button[normalize-space(text())='Submit']")
2025-12-02 16:23:03 [INFO] pages.common.loader - Waiting for loader to disappear...
2025-12-02 16:23:03 [INFO] pages.base_page - Loader appeared.
2025-12-02 16:23:09 [INFO] pages.base_page - Loader disappeared.
2025-12-02 16:23:09 [INFO] pages.common.loader - Loader Stopped.
2025-12-02 16:23:09 [INFO] pages.base_page - Page fully loaded.
2025-12-02 16:23:09 [INFO] pages.base_page - Element clickable: ('xpath', "//*[@id='root']/div[2]/div/div[3]/div/div/div[2]/div/div[2]/table/tbody/tr[1]")
2025-12-02 16:23:09 [INFO] pages.base_page - Element clickable: ('xpath', "//button[@id='chat_version_accord']")
2025-12-02 16:23:09 [INFO] automation - Opened Chat Version section.
2025-12-02 16:23:19 [INFO] utils.screenshot - Screenshot saved: D:\2025\SELENIUM-PYTHON\PLAY_RADIUS_AUTOMATION\screenshots\wait_until_clickable_error___ul[@id='menuv_call']__button[@title='Add Version']_20251202_162319.png
2025-12-02 16:23:19 [ERROR] pages.base_page - wait_until_clickable failed for ('xpath', "//ul[@id='menuv_call']//button[@title='Add Version']"): Message: 
Traceback (most recent call last):
  File "D:\2025\SELENIUM-PYTHON\PLAY_RADIUS_AUTOMATION\pages\base_page.py", line 172, in _wait_for_condition
    element = wait_obj.until(condition) # Use the passed wait_obj
  File "D:\2025\SELENIUM-PYTHON\PLAY_RADIUS_AUTOMATION\.venv\Lib\site-packages\selenium\webdriver\support\wait.py", line 138, in until
    raise TimeoutException(message, screen, stacktrace)
selenium.common.exceptions.TimeoutException: Message: 

2025-12-02 16:23:20 [INFO] utils.screenshot - Screenshot saved: D:\2025\SELENIUM-PYTHON\PLAY_RADIUS_AUTOMATION\screenshots\failed_test_add_version_20251202_162320.png
2025-12-02 16:41:49 [INFO] test_cases.process.version.test_import_call_version - Starting test_copy_version
2025-12-02 16:41:55 [INFO] pages.base_page - Page fully loaded.
2025-12-02 16:41:55 [INFO] pages.login.login - Opening: https://qaradius.in.qamajor.radius-ois.ai/play/login
2025-12-02 16:41:55 [INFO] pages.base_page - Element visible: ('id', 'loginForm.username')
2025-12-02 16:41:55 [INFO] pages.base_page - Element visible: ('id', 'password')
2025-12-02 16:41:55 [INFO] pages.base_page - Element visible: ('id', 'loginForm.Login')
2025-12-02 16:41:56 [INFO] pages.login.login - Login submitted for user: playadmin
2025-12-02 16:41:56 [INFO] pages.common.loader - Waiting for loader to disappear...
2025-12-02 16:41:56 [INFO] pages.base_page - Loader appeared.
2025-12-02 16:42:03 [INFO] pages.base_page - Loader disappeared.
2025-12-02 16:42:03 [INFO] pages.common.loader - Loader Stopped.
2025-12-02 16:42:03 [INFO] pages.login.login - Login submitted successfully.
2025-12-02 16:42:03 [INFO] utils.screenshot - Screenshot saved: D:\2025\SELENIUM-PYTHON\PLAY_RADIUS_AUTOMATION\screenshots\Login Submitted successfully_20251202_164203.png
2025-12-02 16:42:03 [INFO] pages.common.loader - Waiting for loader to disappear...
2025-12-02 16:42:08 [INFO] pages.base_page - Loader was not observed during initial check, proceeding without waiting for invisibility.
2025-12-02 16:42:08 [INFO] pages.common.loader - Loader Stopped.
2025-12-02 16:42:08 [INFO] pages.common.loader - Waiting for loader to disappear...
2025-12-02 16:42:13 [INFO] pages.base_page - Loader was not observed during initial check, proceeding without waiting for invisibility.
2025-12-02 16:42:13 [INFO] pages.common.loader - Loader Stopped.
2025-12-02 16:42:13 [INFO] pages.base_page - Element clickable: ('xpath', "//button[@title='Process']")
2025-12-02 16:42:14 [INFO] pages.common.sidemenupage - Process Showing
2025-12-02 16:42:14 [INFO] utils.screenshot - Screenshot saved: D:\2025\SELENIUM-PYTHON\PLAY_RADIUS_AUTOMATION\screenshots\Process Showing_20251202_164214.png
2025-12-02 16:42:14 [INFO] pages.base_page - Element clickable: ('xpath', "//button[@title='Filter']")
2025-12-02 16:42:25 [WARNING] pages.base_page - Filter UI not ready within timeout.
2025-12-02 16:42:25 [INFO] pages.base_page - Element clickable: ('id', 'processName')
2025-12-02 16:42:26 [INFO] pages.base_page - Cleared and typed 'SMK_PLAY_24OCT_A' in element: ('id', 'processName')
2025-12-02 16:42:26 [INFO] pages.base_page - Element clickable: ('xpath', "//button[normalize-space(text())='Submit']")
2025-12-02 16:42:26 [INFO] pages.base_page - Clicked element: ('xpath', "//button[normalize-space(text())='Submit']")
2025-12-02 16:42:26 [INFO] pages.common.loader - Waiting for loader to disappear...
2025-12-02 16:42:26 [INFO] pages.base_page - Loader appeared.
2025-12-02 16:42:31 [INFO] pages.base_page - Loader disappeared.
2025-12-02 16:42:31 [INFO] pages.common.loader - Loader Stopped.
2025-12-02 16:42:31 [INFO] pages.base_page - Page fully loaded.
2025-12-02 16:42:32 [INFO] pages.base_page - Element clickable: ('xpath', "//*[@id='root']/div[2]/div/div[3]/div/div/div[2]/div/div[2]/table/tbody/tr[1]")
2025-12-02 16:42:32 [INFO] pages.base_page - Element clickable: ('xpath', "//button[@id='call_version_accord']")
2025-12-02 16:42:32 [INFO] automation - Opened Call Version section.
2025-12-02 16:42:32 [INFO] pages.base_page - Element clickable: ('xpath', "//ul[@id='menuv_call']//button[@title='Add Version']")
2025-12-02 16:42:32 [INFO] automation - Add Version clicked.
2025-12-02 16:42:33 [INFO] pages.base_page - Element clickable: ('xpath', "//select[@name='interaction']")
2025-12-02 16:42:33 [INFO] automation - Selected interaction: ib
2025-12-02 16:42:33 [INFO] pages.base_page - Element visible: ('xpath', "//input[@name='name']")
2025-12-02 16:42:33 [INFO] automation - Entered version name: version_2589
2025-12-02 16:42:33 [INFO] automation - Modal filled with data: {'name': 'version_2589', 'interaction': 'ib'}
2025-12-02 16:42:33 [INFO] pages.base_page - Element clickable: ('xpath', "//button[normalize-space()='Submit']")
2025-12-02 16:42:33 [INFO] automation - Submit clicked.
2025-12-02 16:42:39 [INFO] pages.base_page - Element became invisible: ('xpath', "//div[@role='dialog' and contains(@class,'modal') and contains(@class,'show')]")
2025-12-02 16:42:39 [INFO] automation - Modal closed.
2025-12-02 16:42:39 [INFO] pages.common.loader - Waiting for loader to disappear...
2025-12-02 16:42:44 [INFO] pages.base_page - Loader was not observed during initial check, proceeding without waiting for invisibility.
2025-12-02 16:42:44 [INFO] pages.common.loader - Loader Stopped.
2025-12-02 16:42:44 [INFO] pages.base_page - Element clickable: ('xpath', "//img[@alt='Profile']")
2025-12-02 16:42:44 [INFO] pages.base_page - Clicked element: ('xpath', "//img[@alt='Profile']")
2025-12-02 16:42:44 [INFO] pages.base_page - Element clickable: ('xpath', "//button[@title='Logout']")
2025-12-02 16:42:44 [INFO] pages.base_page - Clicked element: ('xpath', "//button[@title='Logout']")
2025-12-02 16:42:44 [INFO] pages.login.logout - Logout Successfully.
2025-12-02 16:42:48 [INFO] utils.screenshot - Screenshot saved: D:\2025\SELENIUM-PYTHON\PLAY_RADIUS_AUTOMATION\screenshots\Logout_Successfully_20251202_164244.png
2025-12-02 16:42:48 [INFO] pages.base_page - Element visible: ('xpath', "//span[text()='Login']")
2025-12-02 16:42:48 [INFO] test_cases.process.version.test_import_call_version - Logout complete. Test finished.
2025-12-02 17:31:57 [INFO] test_cases.process.version.test_call_version - Starting test_copy_version
2025-12-02 17:31:59 [INFO] pages.base_page - Page fully loaded.
2025-12-02 17:31:59 [INFO] pages.login.login - Opening: https://qaradius.in.qamajor.radius-ois.ai/play/login
2025-12-02 17:31:59 [INFO] pages.base_page - Element visible: ('id', 'loginForm.username')
2025-12-02 17:31:59 [INFO] pages.base_page - Element visible: ('id', 'password')
2025-12-02 17:32:00 [INFO] pages.base_page - Element visible: ('id', 'loginForm.Login')
2025-12-02 17:32:00 [INFO] pages.login.login - Login submitted for user: playadmin
2025-12-02 17:32:00 [INFO] pages.common.loader - Waiting for loader to disappear...
2025-12-02 17:32:00 [INFO] pages.base_page - Loader appeared.
2025-12-02 17:32:02 [INFO] pages.base_page - Loader disappeared.
2025-12-02 17:32:02 [INFO] pages.common.loader - Loader Stopped.
2025-12-02 17:32:02 [INFO] pages.login.login - Login submitted successfully.
2025-12-02 17:32:02 [INFO] utils.screenshot - Screenshot saved: D:\2025\SELENIUM-PYTHON\PLAY_RADIUS_AUTOMATION\screenshots\Login Submitted successfully_20251202_173202.png
2025-12-02 17:32:02 [INFO] pages.common.loader - Waiting for loader to disappear...
2025-12-02 17:32:07 [INFO] pages.base_page - Loader was not observed during initial check, proceeding without waiting for invisibility.
2025-12-02 17:32:07 [INFO] pages.common.loader - Loader Stopped.
2025-12-02 17:32:07 [INFO] pages.common.loader - Waiting for loader to disappear...
2025-12-02 17:32:12 [INFO] pages.base_page - Loader was not observed during initial check, proceeding without waiting for invisibility.
2025-12-02 17:32:12 [INFO] pages.common.loader - Loader Stopped.
2025-12-02 17:32:12 [INFO] pages.base_page - Element clickable: ('xpath', "//button[@title='Process']")
2025-12-02 17:32:13 [INFO] pages.common.sidemenupage - Process Showing
2025-12-02 17:32:13 [INFO] utils.screenshot - Screenshot saved: D:\2025\SELENIUM-PYTHON\PLAY_RADIUS_AUTOMATION\screenshots\Process Showing_20251202_173213.png
2025-12-02 17:32:13 [INFO] pages.base_page - Element clickable: ('xpath', "//button[@title='Filter']")
2025-12-02 17:32:24 [WARNING] pages.base_page - Filter UI not ready within timeout.
2025-12-02 17:32:24 [INFO] pages.base_page - Element clickable: ('id', 'processName')
2025-12-02 17:32:24 [INFO] pages.base_page - Cleared and typed 'SMK_PLAY_24OCT_A' in element: ('id', 'processName')
2025-12-02 17:32:24 [INFO] pages.base_page - Element clickable: ('xpath', "//button[normalize-space(text())='Submit']")
2025-12-02 17:32:24 [INFO] pages.base_page - Clicked element: ('xpath', "//button[normalize-space(text())='Submit']")
2025-12-02 17:32:24 [INFO] pages.common.loader - Waiting for loader to disappear...
2025-12-02 17:32:29 [INFO] pages.base_page - Loader was not observed during initial check, proceeding without waiting for invisibility.
2025-12-02 17:32:29 [INFO] pages.common.loader - Loader Stopped.
2025-12-02 17:32:29 [INFO] pages.base_page - Page fully loaded.
2025-12-02 17:32:29 [INFO] pages.base_page - Element clickable: ('xpath', "//*[@id='root']/div[2]/div/div[3]/div/div/div[2]/div/div[2]/table/tbody/tr[1]")
2025-12-02 17:32:30 [INFO] pages.base_page - Element clickable: ('xpath', "//button[@id='call_version_accord']")
2025-12-02 17:32:30 [INFO] automation - Opened Call Version section.
2025-12-02 17:32:30 [INFO] pages.base_page - Element clickable: ('xpath', "//ul[@id='menuv_call']//button[@title='Add Version']")
2025-12-02 17:32:30 [INFO] automation - Add Version clicked.
2025-12-02 17:32:30 [INFO] pages.base_page - Element clickable: ('xpath', "//select[@name='interaction']")
2025-12-02 17:32:30 [INFO] automation - Selected interaction: ib
2025-12-02 17:32:30 [INFO] pages.base_page - Element visible: ('xpath', "//input[@name='name']")
2025-12-02 17:32:30 [INFO] automation - Entered version name: version_2589
2025-12-02 17:32:30 [INFO] automation - Modal filled with data: {'name': 'version_2589', 'interaction': 'ib'}
2025-12-02 17:32:30 [INFO] pages.base_page - Element clickable: ('xpath', "//button[normalize-space()='Submit']")
2025-12-02 17:32:30 [INFO] automation - Submit clicked.
2025-12-02 17:32:31 [INFO] pages.base_page - Toast appeared: Version name already exist in this process for channel call
2025-12-02 17:32:34 [INFO] automation - Captured Toast: Version name already exist in this process for channel call
2025-12-02 17:32:44 [INFO] utils.screenshot - Screenshot saved: D:\2025\SELENIUM-PYTHON\PLAY_RADIUS_AUTOMATION\screenshots\wait_invisible_error___div[@role='dialog' and contains(@class,'modal') and contains(@class,'show')]_20251202_173244.png
2025-12-02 17:32:44 [ERROR] pages.base_page - wait_invisible failed for ('xpath', "//div[@role='dialog' and contains(@class,'modal') and contains(@class,'show')]"): Message: 
Traceback (most recent call last):
  File "D:\2025\SELENIUM-PYTHON\PLAY_RADIUS_AUTOMATION\pages\base_page.py", line 85, in wait_invisible
    wait_obj.until(EC.invisibility_of_element_located(locator))
    ~~~~~~~~~~~~~~^^^^^^^^^^^^^^^^^^^^^^^^^^^^^^^^^^^^^^^^^^^^^
  File "D:\2025\SELENIUM-PYTHON\PLAY_RADIUS_AUTOMATION\.venv\Lib\site-packages\selenium\webdriver\support\wait.py", line 138, in until
    raise TimeoutException(message, screen, stacktrace)
selenium.common.exceptions.TimeoutException: Message: 

2025-12-02 17:32:44 [INFO] utils.screenshot - Screenshot saved: D:\2025\SELENIUM-PYTHON\PLAY_RADIUS_AUTOMATION\screenshots\failed_test_add_version_json_20251202_173244.png
2025-12-02 17:32:50 [INFO] test_cases.process.version.test_call_version - Starting test_copy_version
2025-12-02 17:32:53 [INFO] pages.base_page - Page fully loaded.
2025-12-02 17:32:53 [INFO] pages.login.login - Opening: https://qaradius.in.qamajor.radius-ois.ai/play/login
2025-12-02 17:32:53 [INFO] pages.base_page - Element visible: ('id', 'loginForm.username')
2025-12-02 17:32:53 [INFO] pages.base_page - Element visible: ('id', 'password')
2025-12-02 17:32:53 [INFO] pages.base_page - Element visible: ('id', 'loginForm.Login')
2025-12-02 17:32:53 [INFO] pages.login.login - Login submitted for user: playadmin
2025-12-02 17:32:53 [INFO] pages.common.loader - Waiting for loader to disappear...
2025-12-02 17:32:53 [INFO] pages.base_page - Loader appeared.
2025-12-02 17:33:01 [INFO] pages.base_page - Loader disappeared.
2025-12-02 17:33:01 [INFO] pages.common.loader - Loader Stopped.
2025-12-02 17:33:01 [INFO] pages.login.login - Login submitted successfully.
2025-12-02 17:33:01 [INFO] utils.screenshot - Screenshot saved: D:\2025\SELENIUM-PYTHON\PLAY_RADIUS_AUTOMATION\screenshots\Login Submitted successfully_20251202_173301.png
2025-12-02 17:33:01 [INFO] pages.common.loader - Waiting for loader to disappear...
2025-12-02 17:33:06 [INFO] pages.base_page - Loader was not observed during initial check, proceeding without waiting for invisibility.
2025-12-02 17:33:06 [INFO] pages.common.loader - Loader Stopped.
2025-12-02 17:33:06 [INFO] pages.common.loader - Waiting for loader to disappear...
2025-12-02 17:33:11 [INFO] pages.base_page - Loader was not observed during initial check, proceeding without waiting for invisibility.
2025-12-02 17:33:11 [INFO] pages.common.loader - Loader Stopped.
2025-12-02 17:33:11 [INFO] pages.base_page - Element clickable: ('xpath', "//button[@title='Process']")
2025-12-02 17:33:12 [INFO] pages.common.sidemenupage - Process Showing
2025-12-02 17:33:12 [INFO] utils.screenshot - Screenshot saved: D:\2025\SELENIUM-PYTHON\PLAY_RADIUS_AUTOMATION\screenshots\Process Showing_20251202_173312.png
2025-12-02 17:33:12 [INFO] pages.base_page - Element clickable: ('xpath', "//button[@title='Filter']")
2025-12-02 17:33:23 [WARNING] pages.base_page - Filter UI not ready within timeout.
2025-12-02 17:33:23 [INFO] pages.base_page - Element clickable: ('id', 'processName')
2025-12-02 17:33:23 [INFO] pages.base_page - Cleared and typed 'SMK_PLAY_24OCT_A' in element: ('id', 'processName')
2025-12-02 17:33:23 [INFO] pages.base_page - Element clickable: ('xpath', "//button[normalize-space(text())='Submit']")
2025-12-02 17:33:23 [INFO] pages.base_page - Clicked element: ('xpath', "//button[normalize-space(text())='Submit']")
2025-12-02 17:33:23 [INFO] pages.common.loader - Waiting for loader to disappear...
2025-12-02 17:33:23 [INFO] pages.base_page - Loader appeared.
2025-12-02 17:33:29 [INFO] pages.base_page - Loader disappeared.
2025-12-02 17:33:29 [INFO] pages.common.loader - Loader Stopped.
2025-12-02 17:33:29 [INFO] pages.base_page - Page fully loaded.
2025-12-02 17:33:29 [INFO] pages.base_page - Element clickable: ('xpath', "//*[@id='root']/div[2]/div/div[3]/div/div/div[2]/div/div[2]/table/tbody/tr[1]")
2025-12-02 17:33:29 [INFO] pages.base_page - Element clickable: ('xpath', "//button[@id='call_version_accord']")
2025-12-02 17:33:29 [INFO] automation - Opened Call Version section.
2025-12-02 17:33:29 [INFO] pages.base_page - Element clickable: ('xpath', "//ul[@id='menuv_call']//button[@title='Add Version']")
2025-12-02 17:33:29 [INFO] automation - Add Version clicked.
2025-12-02 17:33:30 [INFO] utils.screenshot - Screenshot saved: D:\2025\SELENIUM-PYTHON\PLAY_RADIUS_AUTOMATION\screenshots\failed_test_add_version_20251202_173329.png
2025-12-02 17:37:25 [INFO] test_cases.process.version.test_call_version - Starting test_copy_version
2025-12-02 17:37:28 [INFO] pages.base_page - Page fully loaded.
2025-12-02 17:37:28 [INFO] pages.login.login - Opening: https://qaradius.in.qamajor.radius-ois.ai/play/login
2025-12-02 17:37:28 [INFO] pages.base_page - Element visible: ('id', 'loginForm.username')
2025-12-02 17:37:28 [INFO] pages.base_page - Element visible: ('id', 'password')
2025-12-02 17:37:28 [INFO] pages.base_page - Element visible: ('id', 'loginForm.Login')
2025-12-02 17:37:28 [INFO] pages.login.login - Login submitted for user: playadmin
2025-12-02 17:37:28 [INFO] pages.common.loader - Waiting for loader to disappear...
2025-12-02 17:37:29 [INFO] pages.base_page - Loader appeared.
2025-12-02 17:37:36 [INFO] pages.base_page - Loader disappeared.
2025-12-02 17:37:36 [INFO] pages.common.loader - Loader Stopped.
2025-12-02 17:37:36 [INFO] pages.login.login - Login submitted successfully.
2025-12-02 17:37:36 [INFO] utils.screenshot - Screenshot saved: D:\2025\SELENIUM-PYTHON\PLAY_RADIUS_AUTOMATION\screenshots\Login Submitted successfully_20251202_173736.png
2025-12-02 17:37:36 [INFO] pages.common.loader - Waiting for loader to disappear...
2025-12-02 17:37:41 [INFO] pages.base_page - Loader was not observed during initial check, proceeding without waiting for invisibility.
2025-12-02 17:37:41 [INFO] pages.common.loader - Loader Stopped.
2025-12-02 17:37:41 [INFO] pages.common.loader - Waiting for loader to disappear...
2025-12-02 17:37:46 [INFO] pages.base_page - Loader was not observed during initial check, proceeding without waiting for invisibility.
2025-12-02 17:37:46 [INFO] pages.common.loader - Loader Stopped.
2025-12-02 17:37:46 [INFO] pages.base_page - Element clickable: ('xpath', "//button[@title='Process']")
2025-12-02 17:37:47 [INFO] pages.common.sidemenupage - Process Showing
2025-12-02 17:37:47 [INFO] utils.screenshot - Screenshot saved: D:\2025\SELENIUM-PYTHON\PLAY_RADIUS_AUTOMATION\screenshots\Process Showing_20251202_173747.png
2025-12-02 17:37:47 [INFO] pages.base_page - Element clickable: ('xpath', "//button[@title='Filter']")
2025-12-02 17:37:57 [WARNING] pages.base_page - Filter UI not ready within timeout.
2025-12-02 17:37:58 [INFO] pages.base_page - Element clickable: ('id', 'processName')
2025-12-02 17:37:58 [INFO] pages.base_page - Cleared and typed 'SMK_PLAY_24OCT_A' in element: ('id', 'processName')
2025-12-02 17:37:58 [INFO] pages.base_page - Element clickable: ('xpath', "//button[normalize-space(text())='Submit']")
2025-12-02 17:37:58 [INFO] pages.base_page - Clicked element: ('xpath', "//button[normalize-space(text())='Submit']")
2025-12-02 17:37:58 [INFO] pages.common.loader - Waiting for loader to disappear...
2025-12-02 17:37:58 [INFO] pages.base_page - Loader appeared.
2025-12-02 17:38:04 [INFO] pages.base_page - Loader disappeared.
2025-12-02 17:38:04 [INFO] pages.common.loader - Loader Stopped.
2025-12-02 17:38:04 [INFO] pages.base_page - Page fully loaded.
2025-12-02 17:38:04 [INFO] pages.base_page - Element clickable: ('xpath', "//*[@id='root']/div[2]/div/div[3]/div/div/div[2]/div/div[2]/table/tbody/tr[1]")
2025-12-02 17:38:04 [INFO] pages.base_page - Element clickable: ('xpath', "//button[@id='call_version_accord']")
2025-12-02 17:38:04 [INFO] automation - Opened Call Version section.
2025-12-02 17:38:04 [INFO] pages.base_page - Element clickable: ('xpath', "//ul[@id='menuv_call']//button[@title='Add Version']")
2025-12-02 17:38:04 [INFO] automation - Add Version clicked.
2025-12-02 17:38:04 [INFO] pages.base_page - Element clickable: ('xpath', "//select[@name='interaction']")
2025-12-02 17:38:04 [INFO] automation - Selected interaction: ib
2025-12-02 17:38:05 [INFO] pages.base_page - Element visible: ('xpath', "//input[@name='name']")
2025-12-02 17:38:05 [INFO] automation - Entered version name: version_25812
2025-12-02 17:38:05 [INFO] automation - Modal filled with data: {'name': 'version_25812', 'interaction': 'ib'}
2025-12-02 17:38:05 [INFO] pages.base_page - Element clickable: ('xpath', "//button[normalize-space()='Submit']")
2025-12-02 17:38:05 [INFO] automation - Submit clicked.
2025-12-02 17:38:06 [INFO] pages.base_page - Toast appeared: Version saved successfully
2025-12-02 17:38:08 [INFO] automation - Captured Toast: Version saved successfully
2025-12-02 17:38:13 [INFO] pages.base_page - Element became invisible: ('xpath', "//div[@role='dialog' and contains(@class,'modal') and contains(@class,'show')]")
2025-12-02 17:38:13 [INFO] automation - Modal closed.
2025-12-02 17:38:13 [INFO] pages.common.loader - Waiting for loader to disappear...
2025-12-02 17:38:19 [INFO] pages.base_page - Loader was not observed during initial check, proceeding without waiting for invisibility.
2025-12-02 17:38:19 [INFO] pages.common.loader - Loader Stopped.
2025-12-02 17:38:19 [INFO] pages.base_page - Element clickable: ('xpath', "//img[@alt='Profile']")
2025-12-02 17:38:19 [INFO] pages.base_page - Clicked element: ('xpath', "//img[@alt='Profile']")
2025-12-02 17:38:19 [INFO] pages.base_page - Element clickable: ('xpath', "//button[@title='Logout']")
2025-12-02 17:38:22 [INFO] pages.base_page - Clicked element: ('xpath', "//button[@title='Logout']")
2025-12-02 17:38:22 [INFO] pages.login.logout - Logout Successfully.
2025-12-02 17:38:22 [INFO] utils.screenshot - Screenshot saved: D:\2025\SELENIUM-PYTHON\PLAY_RADIUS_AUTOMATION\screenshots\Logout_Successfully_20251202_173822.png
2025-12-02 17:38:22 [INFO] pages.base_page - Element visible: ('xpath', "//span[text()='Login']")
2025-12-02 17:38:22 [INFO] test_cases.process.version.test_call_version - Logout complete. Test finished.
2025-12-02 17:38:28 [INFO] test_cases.process.version.test_call_version - Starting test_copy_version
2025-12-02 17:38:29 [INFO] pages.base_page - Page fully loaded.
2025-12-02 17:38:29 [INFO] pages.login.login - Opening: https://qaradius.in.qamajor.radius-ois.ai/play/login
2025-12-02 17:38:29 [INFO] pages.base_page - Element visible: ('id', 'loginForm.username')
2025-12-02 17:38:29 [INFO] pages.base_page - Element visible: ('id', 'password')
2025-12-02 17:38:29 [INFO] pages.base_page - Element visible: ('id', 'loginForm.Login')
2025-12-02 17:38:30 [INFO] pages.login.login - Login submitted for user: playadmin
2025-12-02 17:38:30 [INFO] pages.common.loader - Waiting for loader to disappear...
2025-12-02 17:38:30 [INFO] pages.base_page - Loader appeared.
2025-12-02 17:38:37 [INFO] pages.base_page - Loader disappeared.
2025-12-02 17:38:37 [INFO] pages.common.loader - Loader Stopped.
2025-12-02 17:38:37 [INFO] pages.login.login - Login submitted successfully.
2025-12-02 17:38:37 [INFO] utils.screenshot - Screenshot saved: D:\2025\SELENIUM-PYTHON\PLAY_RADIUS_AUTOMATION\screenshots\Login Submitted successfully_20251202_173837.png
2025-12-02 17:38:37 [INFO] pages.common.loader - Waiting for loader to disappear...
2025-12-02 17:38:42 [INFO] pages.base_page - Loader was not observed during initial check, proceeding without waiting for invisibility.
2025-12-02 17:38:42 [INFO] pages.common.loader - Loader Stopped.
2025-12-02 17:38:42 [INFO] pages.common.loader - Waiting for loader to disappear...
2025-12-02 17:38:47 [INFO] pages.base_page - Loader was not observed during initial check, proceeding without waiting for invisibility.
2025-12-02 17:38:47 [INFO] pages.common.loader - Loader Stopped.
2025-12-02 17:38:47 [INFO] pages.base_page - Element clickable: ('xpath', "//button[@title='Process']")
2025-12-02 17:38:48 [INFO] pages.common.sidemenupage - Process Showing
2025-12-02 17:38:48 [INFO] utils.screenshot - Screenshot saved: D:\2025\SELENIUM-PYTHON\PLAY_RADIUS_AUTOMATION\screenshots\Process Showing_20251202_173848.png
2025-12-02 17:38:48 [INFO] pages.base_page - Element clickable: ('xpath', "//button[@title='Filter']")
2025-12-02 17:38:59 [WARNING] pages.base_page - Filter UI not ready within timeout.
2025-12-02 17:38:59 [INFO] pages.base_page - Element clickable: ('id', 'processName')
2025-12-02 17:39:00 [INFO] pages.base_page - Cleared and typed 'SMK_PLAY_24OCT_A' in element: ('id', 'processName')
2025-12-02 17:39:00 [INFO] pages.base_page - Element clickable: ('xpath', "//button[normalize-space(text())='Submit']")
2025-12-02 17:39:00 [INFO] pages.base_page - Clicked element: ('xpath', "//button[normalize-space(text())='Submit']")
2025-12-02 17:39:00 [INFO] pages.common.loader - Waiting for loader to disappear...
2025-12-02 17:39:00 [INFO] pages.base_page - Loader appeared.
2025-12-02 17:39:05 [INFO] pages.base_page - Loader disappeared.
2025-12-02 17:39:05 [INFO] pages.common.loader - Loader Stopped.
2025-12-02 17:39:05 [INFO] pages.base_page - Page fully loaded.
2025-12-02 17:39:05 [INFO] pages.base_page - Element clickable: ('xpath', "//*[@id='root']/div[2]/div/div[3]/div/div/div[2]/div/div[2]/table/tbody/tr[1]")
2025-12-02 17:39:06 [INFO] pages.base_page - Element clickable: ('xpath', "//button[@id='call_version_accord']")
2025-12-02 17:39:06 [INFO] automation - Opened Call Version section.
2025-12-02 17:39:06 [INFO] pages.base_page - Element clickable: ('xpath', "//ul[@id='menuv_call']//button[@title='Add Version']")
2025-12-02 17:39:06 [INFO] automation - Add Version clicked.
2025-12-02 17:39:06 [INFO] pages.base_page - Element visible: ('xpath', "//input[@name='name']")
2025-12-02 17:39:06 [INFO] automation - Entered version name: new_version1013
2025-12-02 17:39:06 [INFO] pages.base_page - Element clickable: ('xpath', "//select[@name='interaction']")
2025-12-02 17:39:06 [INFO] automation - Selected interaction: ib
2025-12-02 17:39:06 [INFO] pages.base_page - Element clickable: ('xpath', "//button[normalize-space()='Submit']")
2025-12-02 17:39:07 [INFO] automation - Submit clicked.
2025-12-02 17:39:07 [INFO] pages.base_page - Toast appeared: Version saved successfully
2025-12-02 17:39:10 [INFO] automation - Captured Toast: Version saved successfully
2025-12-02 17:39:15 [INFO] pages.base_page - Element became invisible: ('xpath', "//div[@role='dialog' and contains(@class,'modal') and contains(@class,'show')]")
2025-12-02 17:39:15 [INFO] automation - Modal closed.
2025-12-02 17:39:15 [INFO] pages.common.loader - Waiting for loader to disappear...
2025-12-02 17:39:20 [INFO] pages.base_page - Loader was not observed during initial check, proceeding without waiting for invisibility.
2025-12-02 17:39:20 [INFO] pages.common.loader - Loader Stopped.
2025-12-02 17:39:20 [INFO] pages.base_page - Element clickable: ('xpath', "//img[@alt='Profile']")
2025-12-02 17:39:20 [INFO] pages.base_page - Clicked element: ('xpath', "//img[@alt='Profile']")
2025-12-02 17:39:20 [INFO] pages.base_page - Element clickable: ('xpath', "//button[@title='Logout']")
2025-12-02 17:39:22 [INFO] pages.base_page - Clicked element: ('xpath', "//button[@title='Logout']")
2025-12-02 17:39:22 [INFO] pages.login.logout - Logout Successfully.
2025-12-02 17:39:22 [INFO] utils.screenshot - Screenshot saved: D:\2025\SELENIUM-PYTHON\PLAY_RADIUS_AUTOMATION\screenshots\Logout_Successfully_20251202_173922.png
2025-12-02 17:39:22 [INFO] pages.base_page - Element visible: ('xpath', "//span[text()='Login']")
2025-12-02 17:39:22 [INFO] test_cases.process.version.test_call_version - Logout complete. Test finished.
2025-12-02 17:42:26 [INFO] test_cases.process.version.test_call_version - Starting test_copy_version
2025-12-02 17:42:29 [INFO] pages.base_page - Page fully loaded.
2025-12-02 17:42:29 [INFO] pages.login.login - Opening: https://qaradius.in.qamajor.radius-ois.ai/play/login
2025-12-02 17:42:29 [INFO] pages.base_page - Element visible: ('id', 'loginForm.username')
2025-12-02 17:42:29 [INFO] pages.base_page - Element visible: ('id', 'password')
2025-12-02 17:42:30 [INFO] pages.base_page - Element visible: ('id', 'loginForm.Login')
2025-12-02 17:42:30 [INFO] pages.login.login - Login submitted for user: playadmin
2025-12-02 17:42:30 [INFO] pages.common.loader - Waiting for loader to disappear...
2025-12-02 17:42:30 [INFO] pages.base_page - Loader appeared.
2025-12-02 17:42:38 [INFO] pages.base_page - Loader disappeared.
2025-12-02 17:42:38 [INFO] pages.common.loader - Loader Stopped.
2025-12-02 17:42:38 [INFO] pages.login.login - Login submitted successfully.
2025-12-02 17:42:38 [INFO] utils.screenshot - Screenshot saved: D:\2025\SELENIUM-PYTHON\PLAY_RADIUS_AUTOMATION\screenshots\Login Submitted successfully_20251202_174238.png
2025-12-02 17:42:38 [INFO] pages.common.loader - Waiting for loader to disappear...
2025-12-02 17:42:43 [INFO] pages.base_page - Loader was not observed during initial check, proceeding without waiting for invisibility.
2025-12-02 17:42:43 [INFO] pages.common.loader - Loader Stopped.
2025-12-02 17:42:43 [INFO] pages.common.loader - Waiting for loader to disappear...
2025-12-02 17:42:48 [INFO] pages.base_page - Loader was not observed during initial check, proceeding without waiting for invisibility.
2025-12-02 17:42:48 [INFO] pages.common.loader - Loader Stopped.
2025-12-02 17:42:48 [INFO] pages.base_page - Element clickable: ('xpath', "//button[@title='Process']")
2025-12-02 17:42:49 [INFO] pages.common.sidemenupage - Process Showing
2025-12-02 17:42:49 [INFO] utils.screenshot - Screenshot saved: D:\2025\SELENIUM-PYTHON\PLAY_RADIUS_AUTOMATION\screenshots\Process Showing_20251202_174249.png
2025-12-02 17:42:49 [INFO] pages.base_page - Element clickable: ('xpath', "//button[@title='Filter']")
2025-12-02 17:43:00 [WARNING] pages.base_page - Filter UI not ready within timeout.
2025-12-02 17:43:00 [INFO] pages.base_page - Element clickable: ('id', 'processName')
2025-12-02 17:43:00 [INFO] pages.base_page - Cleared and typed 'SMK_PLAY_24OCT_A' in element: ('id', 'processName')
2025-12-02 17:43:00 [INFO] pages.base_page - Element clickable: ('xpath', "//button[normalize-space(text())='Submit']")
2025-12-02 17:43:00 [INFO] pages.base_page - Clicked element: ('xpath', "//button[normalize-space(text())='Submit']")
2025-12-02 17:43:00 [INFO] pages.common.loader - Waiting for loader to disappear...
2025-12-02 17:43:00 [INFO] pages.base_page - Loader appeared.
2025-12-02 17:43:06 [INFO] pages.base_page - Loader disappeared.
2025-12-02 17:43:06 [INFO] pages.common.loader - Loader Stopped.
2025-12-02 17:43:06 [INFO] pages.base_page - Page fully loaded.
2025-12-02 17:43:06 [INFO] pages.base_page - Element clickable: ('xpath', "//*[@id='root']/div[2]/div/div[3]/div/div/div[2]/div/div[2]/table/tbody/tr[1]")
2025-12-02 17:43:06 [INFO] pages.base_page - Element clickable: ('xpath', "//button[@id='call_version_accord']")
2025-12-02 17:43:07 [INFO] automation - Opened Call Version section.
2025-12-02 17:43:07 [INFO] pages.base_page - Element clickable: ('xpath', "//ul[@id='menuv_call']//button[@title='Add Version']")
2025-12-02 17:43:07 [INFO] automation - Add Version clicked.
2025-12-02 17:43:07 [INFO] pages.base_page - Element clickable: ('xpath', "//select[@name='interaction']")
2025-12-02 17:43:07 [INFO] automation - Selected interaction: ib
2025-12-02 17:43:07 [INFO] pages.base_page - Element visible: ('xpath', "//input[@name='name']")
2025-12-02 17:43:08 [INFO] automation - Entered version name: version_25813
2025-12-02 17:43:08 [INFO] automation - Modal filled with data: {'name': 'version_25813', 'interaction': 'ib'}
2025-12-02 17:43:08 [INFO] pages.base_page - Element clickable: ('xpath', "//button[normalize-space()='Submit']")
2025-12-02 17:43:08 [INFO] automation - Submit clicked.
2025-12-02 17:43:09 [INFO] pages.base_page - Toast appeared: Version saved successfully
2025-12-02 17:43:11 [INFO] automation - Captured Toast: Version saved successfully
2025-12-02 17:43:17 [INFO] pages.base_page - Element became invisible: ('xpath', "//div[@role='dialog' and contains(@class,'modal') and contains(@class,'show')]")
2025-12-02 17:43:17 [INFO] automation - Modal closed.
2025-12-02 17:43:17 [INFO] pages.common.loader - Waiting for loader to disappear...
2025-12-02 17:43:22 [INFO] pages.base_page - Loader was not observed during initial check, proceeding without waiting for invisibility.
2025-12-02 17:43:22 [INFO] pages.common.loader - Loader Stopped.
2025-12-02 17:43:22 [INFO] pages.base_page - Element clickable: ('xpath', "//img[@alt='Profile']")
2025-12-02 17:43:22 [INFO] pages.base_page - Clicked element: ('xpath', "//img[@alt='Profile']")
2025-12-02 17:43:22 [INFO] pages.base_page - Element clickable: ('xpath', "//button[@title='Logout']")
2025-12-02 17:43:24 [INFO] pages.base_page - Clicked element: ('xpath', "//button[@title='Logout']")
2025-12-02 17:43:24 [INFO] pages.login.logout - Logout Successfully.
2025-12-02 17:43:24 [INFO] utils.screenshot - Screenshot saved: D:\2025\SELENIUM-PYTHON\PLAY_RADIUS_AUTOMATION\screenshots\Logout_Successfully_20251202_174324.png
2025-12-02 17:43:24 [INFO] pages.base_page - Element visible: ('xpath', "//span[text()='Login']")
2025-12-02 17:43:24 [INFO] test_cases.process.version.test_call_version - Logout complete. Test finished.
2025-12-02 17:43:31 [INFO] test_cases.process.version.test_call_version - Starting test_copy_version
2025-12-02 17:43:35 [INFO] pages.base_page - Page fully loaded.
2025-12-02 17:43:35 [INFO] pages.login.login - Opening: https://qaradius.in.qamajor.radius-ois.ai/play/login
2025-12-02 17:43:36 [INFO] pages.base_page - Element visible: ('id', 'loginForm.username')
2025-12-02 17:43:36 [INFO] pages.base_page - Element visible: ('id', 'password')
2025-12-02 17:43:37 [INFO] pages.base_page - Element visible: ('id', 'loginForm.Login')
2025-12-02 17:43:37 [INFO] pages.login.login - Login submitted for user: playadmin
2025-12-02 17:43:37 [INFO] pages.common.loader - Waiting for loader to disappear...
2025-12-02 17:43:37 [INFO] pages.base_page - Loader appeared.
2025-12-02 17:43:39 [INFO] pages.base_page - Loader disappeared.
2025-12-02 17:43:39 [INFO] pages.common.loader - Loader Stopped.
2025-12-02 17:43:39 [INFO] pages.login.login - Login submitted successfully.
2025-12-02 17:43:40 [INFO] utils.screenshot - Screenshot saved: D:\2025\SELENIUM-PYTHON\PLAY_RADIUS_AUTOMATION\screenshots\Login Submitted successfully_20251202_174339.png
2025-12-02 17:43:40 [INFO] pages.common.loader - Waiting for loader to disappear...
2025-12-02 17:43:45 [INFO] pages.base_page - Loader was not observed during initial check, proceeding without waiting for invisibility.
2025-12-02 17:43:45 [INFO] pages.common.loader - Loader Stopped.
2025-12-02 17:43:45 [INFO] pages.common.loader - Waiting for loader to disappear...
2025-12-02 17:43:50 [INFO] pages.base_page - Loader was not observed during initial check, proceeding without waiting for invisibility.
2025-12-02 17:43:50 [INFO] pages.common.loader - Loader Stopped.
2025-12-02 17:43:50 [INFO] pages.base_page - Element clickable: ('xpath', "//button[@title='Process']")
2025-12-02 17:43:51 [INFO] pages.common.sidemenupage - Process Showing
2025-12-02 17:43:52 [INFO] utils.screenshot - Screenshot saved: D:\2025\SELENIUM-PYTHON\PLAY_RADIUS_AUTOMATION\screenshots\Process Showing_20251202_174351.png
2025-12-02 17:43:52 [INFO] pages.base_page - Element clickable: ('xpath', "//button[@title='Filter']")
2025-12-02 17:44:03 [WARNING] pages.base_page - Filter UI not ready within timeout.
2025-12-02 17:44:03 [INFO] pages.base_page - Element clickable: ('id', 'processName')
2025-12-02 17:44:03 [INFO] pages.base_page - Cleared and typed 'SMK_PLAY_24OCT_A' in element: ('id', 'processName')
2025-12-02 17:44:03 [INFO] pages.base_page - Element clickable: ('xpath', "//button[normalize-space(text())='Submit']")
2025-12-02 17:44:04 [INFO] pages.base_page - Clicked element: ('xpath', "//button[normalize-space(text())='Submit']")
2025-12-02 17:44:04 [INFO] pages.common.loader - Waiting for loader to disappear...
2025-12-02 17:44:04 [INFO] pages.base_page - Loader appeared.
2025-12-02 17:44:09 [INFO] pages.base_page - Loader disappeared.
2025-12-02 17:44:09 [INFO] pages.common.loader - Loader Stopped.
2025-12-02 17:44:09 [INFO] pages.base_page - Page fully loaded.
2025-12-02 17:44:09 [INFO] pages.base_page - Element clickable: ('xpath', "//*[@id='root']/div[2]/div/div[3]/div/div/div[2]/div/div[2]/table/tbody/tr[1]")
2025-12-02 17:44:10 [INFO] pages.base_page - Element clickable: ('xpath', "//button[@id='call_version_accord']")
2025-12-02 17:44:10 [INFO] automation - Opened Call Version section.
2025-12-02 17:44:10 [INFO] pages.base_page - Element clickable: ('xpath', "//ul[@id='menuv_call']//button[@title='Add Version']")
2025-12-02 17:44:10 [INFO] automation - Add Version clicked.
2025-12-02 17:44:10 [INFO] pages.base_page - Element visible: ('xpath', "//input[@name='name']")
2025-12-02 17:44:11 [INFO] automation - Entered version name: new_version1014
2025-12-02 17:44:11 [INFO] pages.base_page - Element clickable: ('xpath', "//select[@name='interaction']")
2025-12-02 17:44:11 [INFO] automation - Selected interaction: ib
2025-12-02 17:44:11 [INFO] pages.base_page - Element clickable: ('xpath', "//button[normalize-space()='Submit']")
2025-12-02 17:44:11 [INFO] automation - Submit clicked.
2025-12-02 17:44:13 [INFO] pages.base_page - Toast appeared: Version saved successfully
2025-12-02 17:44:15 [INFO] automation - Captured Toast: Version saved successfully
2025-12-02 17:44:21 [INFO] pages.base_page - Element became invisible: ('xpath', "//div[@role='dialog' and contains(@class,'modal') and contains(@class,'show')]")
2025-12-02 17:44:21 [INFO] automation - Modal closed.
2025-12-02 17:44:21 [INFO] pages.common.loader - Waiting for loader to disappear...
2025-12-02 17:44:26 [INFO] pages.base_page - Loader was not observed during initial check, proceeding without waiting for invisibility.
2025-12-02 17:44:26 [INFO] pages.common.loader - Loader Stopped.
2025-12-02 17:44:26 [INFO] pages.base_page - Element clickable: ('xpath', "//img[@alt='Profile']")
2025-12-02 17:44:26 [INFO] pages.base_page - Clicked element: ('xpath', "//img[@alt='Profile']")
2025-12-02 17:44:26 [INFO] pages.base_page - Element clickable: ('xpath', "//button[@title='Logout']")
2025-12-02 17:44:28 [INFO] pages.base_page - Clicked element: ('xpath', "//button[@title='Logout']")
2025-12-02 17:44:28 [INFO] pages.login.logout - Logout Successfully.
2025-12-02 17:44:30 [INFO] utils.screenshot - Screenshot saved: D:\2025\SELENIUM-PYTHON\PLAY_RADIUS_AUTOMATION\screenshots\Logout_Successfully_20251202_174428.png
2025-12-02 17:44:30 [INFO] pages.base_page - Element visible: ('xpath', "//span[text()='Login']")
2025-12-02 17:44:30 [INFO] test_cases.process.version.test_call_version - Logout complete. Test finished.
2025-12-02 17:49:16 [INFO] test_cases.process.version.test_chat_version - Starting test_import_version
2025-12-02 17:49:25 [INFO] pages.base_page - Page fully loaded.
2025-12-02 17:49:25 [INFO] pages.login.login - Opening: https://qaradius.in.qamajor.radius-ois.ai/play/login
2025-12-02 17:49:25 [INFO] pages.base_page - Element visible: ('id', 'loginForm.username')
2025-12-02 17:49:26 [INFO] pages.base_page - Element visible: ('id', 'password')
2025-12-02 17:49:26 [INFO] pages.base_page - Element visible: ('id', 'loginForm.Login')
2025-12-02 17:49:26 [INFO] pages.login.login - Login submitted for user: playadmin
2025-12-02 17:49:26 [INFO] pages.common.loader - Waiting for loader to disappear...
2025-12-02 17:49:27 [INFO] pages.base_page - Loader appeared.
2025-12-02 17:49:34 [INFO] pages.base_page - Loader disappeared.
2025-12-02 17:49:34 [INFO] pages.common.loader - Loader Stopped.
2025-12-02 17:49:34 [INFO] pages.login.login - Login submitted successfully.
2025-12-02 17:49:34 [INFO] utils.screenshot - Screenshot saved: D:\2025\SELENIUM-PYTHON\PLAY_RADIUS_AUTOMATION\screenshots\Login Submitted successfully_20251202_174934.png
2025-12-02 17:49:34 [INFO] pages.common.loader - Waiting for loader to disappear...
2025-12-02 17:49:40 [INFO] pages.base_page - Loader was not observed during initial check, proceeding without waiting for invisibility.
2025-12-02 17:49:40 [INFO] pages.common.loader - Loader Stopped.
2025-12-02 17:49:40 [INFO] pages.common.loader - Waiting for loader to disappear...
2025-12-02 17:49:45 [INFO] pages.base_page - Loader was not observed during initial check, proceeding without waiting for invisibility.
2025-12-02 17:49:45 [INFO] pages.common.loader - Loader Stopped.
2025-12-02 17:49:45 [INFO] pages.base_page - Element clickable: ('xpath', "//button[@title='Process']")
2025-12-02 17:49:46 [INFO] pages.common.sidemenupage - Process Showing
2025-12-02 17:49:46 [INFO] utils.screenshot - Screenshot saved: D:\2025\SELENIUM-PYTHON\PLAY_RADIUS_AUTOMATION\screenshots\Process Showing_20251202_174946.png
2025-12-02 17:49:46 [INFO] pages.base_page - Element clickable: ('xpath', "//button[@title='Filter']")
2025-12-02 17:49:57 [WARNING] pages.base_page - Filter UI not ready within timeout.
2025-12-02 17:49:57 [INFO] pages.base_page - Element clickable: ('id', 'processName')
2025-12-02 17:49:57 [INFO] pages.base_page - Cleared and typed 'SMK_PLAY_24OCT_A' in element: ('id', 'processName')
2025-12-02 17:49:58 [INFO] pages.base_page - Element clickable: ('xpath', "//button[normalize-space(text())='Submit']")
2025-12-02 17:49:58 [INFO] pages.base_page - Clicked element: ('xpath', "//button[normalize-space(text())='Submit']")
2025-12-02 17:49:58 [INFO] pages.common.loader - Waiting for loader to disappear...
2025-12-02 17:49:58 [INFO] pages.base_page - Loader appeared.
2025-12-02 17:50:03 [INFO] pages.base_page - Loader disappeared.
2025-12-02 17:50:03 [INFO] pages.common.loader - Loader Stopped.
2025-12-02 17:50:03 [INFO] pages.base_page - Page fully loaded.
2025-12-02 17:50:03 [INFO] pages.base_page - Element clickable: ('xpath', "//*[@id='root']/div[2]/div/div[3]/div/div/div[2]/div/div[2]/table/tbody/tr[1]")
2025-12-02 17:50:04 [INFO] pages.base_page - Element clickable: ('xpath', "//button[@id='chat_version_accord']")
2025-12-02 17:50:04 [INFO] automation - Opened Call Version section.
2025-12-02 17:50:04 [INFO] pages.base_page - Element clickable: ('xpath', "//ul[@id='menuv_chat']//button[@title='Import Version']")
2025-12-02 17:50:04 [INFO] automation - Import Version clicked.
2025-12-02 17:50:04 [INFO] pages.base_page - Element clickable: ('xpath', "//select[@name='selProcess']")
2025-12-02 17:50:06 [INFO] automation - Selected process: Campaign_ADD
2025-12-02 17:50:06 [INFO] pages.base_page - Element clickable: ('xpath', "//select[@name='selVersion']")
2025-12-02 17:50:06 [INFO] automation - Selected version: test3
2025-12-02 17:50:06 [INFO] pages.base_page - Element clickable: ('xpath', "//select[@name='interaction']")
2025-12-02 17:50:06 [INFO] automation - Selected interaction: ib
2025-12-02 17:50:06 [INFO] pages.base_page - Element visible: ('xpath', "//input[@name='name']")
2025-12-02 17:50:07 [INFO] automation - Entered version name: Imported_1015
2025-12-02 17:50:07 [INFO] pages.base_page - Element clickable: ('xpath', "//button[normalize-space()='Submit']")
2025-12-02 17:50:07 [INFO] automation - Submit clicked.
2025-12-02 17:50:08 [INFO] pages.base_page - Toast appeared: Version imported successfully
2025-12-02 17:50:11 [INFO] automation - Captured Toast: Version imported successfully
2025-12-02 17:50:16 [INFO] pages.base_page - Element became invisible: ('xpath', "//div[@role='dialog' and contains(@class,'modal') and contains(@class,'show')]")
2025-12-02 17:50:16 [INFO] automation - Modal closed.
2025-12-02 17:50:16 [INFO] pages.common.loader - Waiting for loader to disappear...
2025-12-02 17:50:21 [INFO] pages.base_page - Loader was not observed during initial check, proceeding without waiting for invisibility.
2025-12-02 17:50:21 [INFO] pages.common.loader - Loader Stopped.
2025-12-02 17:50:21 [INFO] pages.base_page - Element clickable: ('xpath', "//img[@alt='Profile']")
2025-12-02 17:50:21 [INFO] pages.base_page - Clicked element: ('xpath', "//img[@alt='Profile']")
2025-12-02 17:50:21 [INFO] pages.base_page - Element clickable: ('xpath', "//button[@title='Logout']")
2025-12-02 17:50:25 [INFO] pages.base_page - Clicked element: ('xpath', "//button[@title='Logout']")
2025-12-02 17:50:25 [INFO] pages.login.logout - Logout Successfully.
2025-12-02 17:50:25 [INFO] utils.screenshot - Screenshot saved: D:\2025\SELENIUM-PYTHON\PLAY_RADIUS_AUTOMATION\screenshots\Logout_Successfully_20251202_175025.png
2025-12-02 17:50:25 [INFO] pages.base_page - Element visible: ('xpath', "//span[text()='Login']")
2025-12-02 17:50:25 [INFO] test_cases.process.version.test_chat_version - Logout complete. Test finished.
2025-12-02 17:50:32 [INFO] test_cases.process.version.test_chat_version - Starting test_copy_version
2025-12-02 17:50:40 [INFO] pages.base_page - Page fully loaded.
2025-12-02 17:50:40 [INFO] pages.login.login - Opening: https://qaradius.in.qamajor.radius-ois.ai/play/login
2025-12-02 17:50:40 [INFO] pages.base_page - Element visible: ('id', 'loginForm.username')
2025-12-02 17:50:40 [INFO] pages.base_page - Element visible: ('id', 'password')
2025-12-02 17:50:40 [INFO] pages.base_page - Element visible: ('id', 'loginForm.Login')
2025-12-02 17:50:41 [INFO] pages.login.login - Login submitted for user: playadmin
2025-12-02 17:50:41 [INFO] pages.common.loader - Waiting for loader to disappear...
2025-12-02 17:50:41 [INFO] pages.base_page - Loader appeared.
2025-12-02 17:50:45 [INFO] pages.base_page - Loader disappeared.
2025-12-02 17:50:45 [INFO] pages.common.loader - Loader Stopped.
2025-12-02 17:50:45 [INFO] pages.login.login - Login submitted successfully.
2025-12-02 17:50:45 [INFO] utils.screenshot - Screenshot saved: D:\2025\SELENIUM-PYTHON\PLAY_RADIUS_AUTOMATION\screenshots\Login Submitted successfully_20251202_175045.png
2025-12-02 17:50:45 [INFO] pages.common.loader - Waiting for loader to disappear...
2025-12-02 17:50:50 [INFO] pages.base_page - Loader was not observed during initial check, proceeding without waiting for invisibility.
2025-12-02 17:50:50 [INFO] pages.common.loader - Loader Stopped.
2025-12-02 17:50:50 [INFO] pages.common.loader - Waiting for loader to disappear...
2025-12-02 17:50:55 [INFO] pages.base_page - Loader was not observed during initial check, proceeding without waiting for invisibility.
2025-12-02 17:50:55 [INFO] pages.common.loader - Loader Stopped.
2025-12-02 17:50:55 [INFO] pages.base_page - Element clickable: ('xpath', "//button[@title='Process']")
2025-12-02 17:50:56 [INFO] pages.common.sidemenupage - Process Showing
2025-12-02 17:50:56 [INFO] utils.screenshot - Screenshot saved: D:\2025\SELENIUM-PYTHON\PLAY_RADIUS_AUTOMATION\screenshots\Process Showing_20251202_175056.png
2025-12-02 17:50:56 [INFO] pages.base_page - Element clickable: ('xpath', "//button[@title='Filter']")
2025-12-02 17:51:07 [WARNING] pages.base_page - Filter UI not ready within timeout.
2025-12-02 17:51:07 [INFO] pages.base_page - Element clickable: ('id', 'processName')
2025-12-02 17:51:08 [INFO] pages.base_page - Cleared and typed 'SMK_PLAY_24OCT_A' in element: ('id', 'processName')
2025-12-02 17:51:08 [INFO] pages.base_page - Element clickable: ('xpath', "//button[normalize-space(text())='Submit']")
2025-12-02 17:51:08 [INFO] pages.base_page - Clicked element: ('xpath', "//button[normalize-space(text())='Submit']")
2025-12-02 17:51:08 [INFO] pages.common.loader - Waiting for loader to disappear...
2025-12-02 17:51:08 [INFO] pages.base_page - Loader appeared.
2025-12-02 17:51:14 [INFO] pages.base_page - Loader disappeared.
2025-12-02 17:51:14 [INFO] pages.common.loader - Loader Stopped.
2025-12-02 17:51:14 [INFO] pages.base_page - Page fully loaded.
2025-12-02 17:51:14 [INFO] pages.base_page - Element clickable: ('xpath', "//*[@id='root']/div[2]/div/div[3]/div/div/div[2]/div/div[2]/table/tbody/tr[1]")
2025-12-02 17:51:14 [INFO] pages.base_page - Element clickable: ('xpath', "//button[@id='chat_version_accord']")
2025-12-02 17:51:14 [INFO] automation - Opened Call Version section.
2025-12-02 17:51:14 [INFO] pages.base_page - Element clickable: ('xpath', "//ul[@id='menuv_chat']//button[@title='Copy Version']")
2025-12-02 17:51:14 [INFO] automation - Copy Version clicked.
2025-12-02 17:51:14 [INFO] pages.base_page - Element clickable: ('xpath', "//select[@name='cpyVersion']")
2025-12-02 17:51:15 [INFO] automation - Selected copy version: Robot
2025-12-02 17:51:15 [INFO] pages.base_page - Element clickable: ('xpath', "//select[@name='interaction']")
2025-12-02 17:51:15 [INFO] automation - Selected interaction: ib
2025-12-02 17:51:15 [INFO] pages.base_page - Element visible: ('xpath', "//input[@name='cpyVrsnname']")
2025-12-02 17:51:15 [INFO] automation - Entered copy version name: copy_version_1016
2025-12-02 17:51:15 [INFO] pages.base_page - Element clickable: ('xpath', "//button[normalize-space()='Submit']")
2025-12-02 17:51:16 [INFO] automation - Submit clicked.
2025-12-02 17:51:16 [INFO] pages.base_page - Toast appeared: Version copied successfully
2025-12-02 17:51:19 [INFO] automation - Captured Toast: Version copied successfully
2025-12-02 17:51:24 [INFO] pages.base_page - Element became invisible: ('xpath', "//div[@role='dialog' and contains(@class,'modal') and contains(@class,'show')]")
2025-12-02 17:51:24 [INFO] automation - Modal closed.
2025-12-02 17:51:24 [INFO] pages.common.loader - Waiting for loader to disappear...
2025-12-02 17:51:29 [INFO] pages.base_page - Loader was not observed during initial check, proceeding without waiting for invisibility.
2025-12-02 17:51:29 [INFO] pages.common.loader - Loader Stopped.
2025-12-02 17:51:29 [INFO] pages.base_page - Element clickable: ('xpath', "//img[@alt='Profile']")
2025-12-02 17:51:29 [INFO] pages.base_page - Clicked element: ('xpath', "//img[@alt='Profile']")
2025-12-02 17:51:30 [INFO] pages.base_page - Element clickable: ('xpath', "//button[@title='Logout']")
2025-12-02 17:51:30 [INFO] pages.base_page - Clicked element: ('xpath', "//button[@title='Logout']")
2025-12-02 17:51:30 [INFO] pages.login.logout - Logout Successfully.
2025-12-02 17:51:33 [INFO] utils.screenshot - Screenshot saved: D:\2025\SELENIUM-PYTHON\PLAY_RADIUS_AUTOMATION\screenshots\Logout_Successfully_20251202_175130.png
2025-12-02 17:51:33 [INFO] pages.base_page - Element visible: ('xpath', "//span[text()='Login']")
2025-12-02 17:51:33 [INFO] test_cases.process.version.test_chat_version - Logout complete. Test finished.
2025-12-02 17:51:41 [INFO] test_cases.process.version.test_chat_version - Starting test_copy_version
2025-12-02 17:51:49 [INFO] pages.base_page - Page fully loaded.
2025-12-02 17:51:49 [INFO] pages.login.login - Opening: https://qaradius.in.qamajor.radius-ois.ai/play/login
2025-12-02 17:51:49 [INFO] pages.base_page - Element visible: ('id', 'loginForm.username')
2025-12-02 17:51:49 [INFO] pages.base_page - Element visible: ('id', 'password')
2025-12-02 17:51:49 [INFO] pages.base_page - Element visible: ('id', 'loginForm.Login')
2025-12-02 17:51:50 [INFO] pages.login.login - Login submitted for user: playadmin
2025-12-02 17:51:50 [INFO] pages.common.loader - Waiting for loader to disappear...
2025-12-02 17:51:50 [INFO] pages.base_page - Loader appeared.
2025-12-02 17:51:58 [INFO] pages.base_page - Loader disappeared.
2025-12-02 17:51:58 [INFO] pages.common.loader - Loader Stopped.
2025-12-02 17:51:58 [INFO] pages.login.login - Login submitted successfully.
2025-12-02 17:51:59 [INFO] utils.screenshot - Screenshot saved: D:\2025\SELENIUM-PYTHON\PLAY_RADIUS_AUTOMATION\screenshots\Login Submitted successfully_20251202_175158.png
2025-12-02 17:51:59 [INFO] pages.common.loader - Waiting for loader to disappear...
2025-12-02 17:52:04 [INFO] pages.base_page - Loader was not observed during initial check, proceeding without waiting for invisibility.
2025-12-02 17:52:04 [INFO] pages.common.loader - Loader Stopped.
2025-12-02 17:52:04 [INFO] pages.common.loader - Waiting for loader to disappear...
2025-12-02 17:52:09 [INFO] pages.base_page - Loader was not observed during initial check, proceeding without waiting for invisibility.
2025-12-02 17:52:09 [INFO] pages.common.loader - Loader Stopped.
2025-12-02 17:52:09 [INFO] pages.base_page - Element clickable: ('xpath', "//button[@title='Process']")
2025-12-02 17:52:10 [INFO] pages.common.sidemenupage - Process Showing
2025-12-02 17:52:10 [INFO] utils.screenshot - Screenshot saved: D:\2025\SELENIUM-PYTHON\PLAY_RADIUS_AUTOMATION\screenshots\Process Showing_20251202_175210.png
2025-12-02 17:52:10 [INFO] pages.base_page - Element clickable: ('xpath', "//button[@title='Filter']")
2025-12-02 17:52:21 [WARNING] pages.base_page - Filter UI not ready within timeout.
2025-12-02 17:52:21 [INFO] pages.base_page - Element clickable: ('id', 'processName')
2025-12-02 17:52:22 [INFO] pages.base_page - Cleared and typed 'SMK_PLAY_24OCT_A' in element: ('id', 'processName')
2025-12-02 17:52:22 [INFO] pages.base_page - Element clickable: ('xpath', "//button[normalize-space(text())='Submit']")
2025-12-02 17:52:22 [INFO] pages.base_page - Clicked element: ('xpath', "//button[normalize-space(text())='Submit']")
2025-12-02 17:52:22 [INFO] pages.common.loader - Waiting for loader to disappear...
2025-12-02 17:52:22 [INFO] pages.base_page - Loader appeared.
2025-12-02 17:52:27 [INFO] pages.base_page - Loader disappeared.
2025-12-02 17:52:27 [INFO] pages.common.loader - Loader Stopped.
2025-12-02 17:52:27 [INFO] pages.base_page - Page fully loaded.
2025-12-02 17:52:28 [INFO] pages.base_page - Element clickable: ('xpath', "//*[@id='root']/div[2]/div/div[3]/div/div/div[2]/div/div[2]/table/tbody/tr[1]")
2025-12-02 17:52:28 [INFO] pages.base_page - Element clickable: ('xpath', "//button[@id='chat_version_accord']")
2025-12-02 17:52:28 [INFO] automation - Opened Call Version section.
2025-12-02 17:52:28 [INFO] pages.base_page - Element clickable: ('xpath', "//ul[@id='menuv_chat']//button[@title='Add Version']")
2025-12-02 17:52:28 [INFO] automation - Add Version clicked.
2025-12-02 17:52:28 [INFO] pages.base_page - Element clickable: ('xpath', "//select[@name='interaction']")
2025-12-02 17:52:29 [INFO] automation - Selected interaction: ib
2025-12-02 17:52:29 [INFO] pages.base_page - Element visible: ('xpath', "//input[@name='name']")
2025-12-02 17:52:29 [INFO] automation - Entered version name: version_25814
2025-12-02 17:52:29 [INFO] automation - Modal filled with data: {'name': 'version_25814', 'interaction': 'ib'}
2025-12-02 17:52:29 [INFO] pages.base_page - Element clickable: ('xpath', "//button[normalize-space()='Submit']")
2025-12-02 17:52:29 [INFO] automation - Submit clicked.
2025-12-02 17:52:29 [INFO] pages.base_page - Toast appeared: Version saved successfully
2025-12-02 17:52:33 [INFO] automation - Captured Toast: Version saved successfully
2025-12-02 17:52:38 [INFO] pages.base_page - Element became invisible: ('xpath', "//div[@role='dialog' and contains(@class,'modal') and contains(@class,'show')]")
2025-12-02 17:52:38 [INFO] automation - Modal closed.
2025-12-02 17:52:38 [INFO] pages.common.loader - Waiting for loader to disappear...
2025-12-02 17:52:43 [INFO] pages.base_page - Loader was not observed during initial check, proceeding without waiting for invisibility.
2025-12-02 17:52:43 [INFO] pages.common.loader - Loader Stopped.
2025-12-02 17:52:43 [INFO] pages.base_page - Element clickable: ('xpath', "//img[@alt='Profile']")
2025-12-02 17:52:43 [INFO] pages.base_page - Clicked element: ('xpath', "//img[@alt='Profile']")
2025-12-02 17:52:43 [INFO] pages.base_page - Element clickable: ('xpath', "//button[@title='Logout']")
2025-12-02 17:52:46 [INFO] pages.base_page - Clicked element: ('xpath', "//button[@title='Logout']")
2025-12-02 17:52:46 [INFO] pages.login.logout - Logout Successfully.
2025-12-02 17:52:46 [INFO] utils.screenshot - Screenshot saved: D:\2025\SELENIUM-PYTHON\PLAY_RADIUS_AUTOMATION\screenshots\Logout_Successfully_20251202_175246.png
2025-12-02 17:52:46 [INFO] pages.base_page - Element visible: ('xpath', "//span[text()='Login']")
2025-12-02 17:52:46 [INFO] test_cases.process.version.test_chat_version - Logout complete. Test finished.
2025-12-02 17:52:53 [INFO] test_cases.process.version.test_chat_version - Starting test_copy_version
2025-12-02 17:53:01 [INFO] pages.base_page - Page fully loaded.
2025-12-02 17:53:01 [INFO] pages.login.login - Opening: https://qaradius.in.qamajor.radius-ois.ai/play/login
2025-12-02 17:53:01 [INFO] pages.base_page - Element visible: ('id', 'loginForm.username')
2025-12-02 17:53:02 [INFO] pages.base_page - Element visible: ('id', 'password')
2025-12-02 17:53:02 [INFO] pages.base_page - Element visible: ('id', 'loginForm.Login')
2025-12-02 17:53:03 [INFO] pages.login.login - Login submitted for user: playadmin
2025-12-02 17:53:03 [INFO] pages.common.loader - Waiting for loader to disappear...
2025-12-02 17:53:03 [INFO] pages.base_page - Loader appeared.
2025-12-02 17:53:11 [INFO] pages.base_page - Loader disappeared.
2025-12-02 17:53:11 [INFO] pages.common.loader - Loader Stopped.
2025-12-02 17:53:11 [INFO] pages.login.login - Login submitted successfully.
2025-12-02 17:53:11 [INFO] utils.screenshot - Screenshot saved: D:\2025\SELENIUM-PYTHON\PLAY_RADIUS_AUTOMATION\screenshots\Login Submitted successfully_20251202_175311.png
2025-12-02 17:53:11 [INFO] pages.common.loader - Waiting for loader to disappear...
2025-12-02 17:53:16 [INFO] pages.base_page - Loader was not observed during initial check, proceeding without waiting for invisibility.
2025-12-02 17:53:16 [INFO] pages.common.loader - Loader Stopped.
2025-12-02 17:53:16 [INFO] pages.common.loader - Waiting for loader to disappear...
2025-12-02 17:53:21 [INFO] pages.base_page - Loader was not observed during initial check, proceeding without waiting for invisibility.
2025-12-02 17:53:21 [INFO] pages.common.loader - Loader Stopped.
2025-12-02 17:53:21 [INFO] pages.base_page - Element clickable: ('xpath', "//button[@title='Process']")
2025-12-02 17:53:22 [INFO] pages.common.sidemenupage - Process Showing
2025-12-02 17:53:22 [INFO] utils.screenshot - Screenshot saved: D:\2025\SELENIUM-PYTHON\PLAY_RADIUS_AUTOMATION\screenshots\Process Showing_20251202_175322.png
2025-12-02 17:53:22 [INFO] pages.base_page - Element clickable: ('xpath', "//button[@title='Filter']")
2025-12-02 17:53:33 [WARNING] pages.base_page - Filter UI not ready within timeout.
2025-12-02 17:53:33 [INFO] pages.base_page - Element clickable: ('id', 'processName')
2025-12-02 17:53:34 [INFO] pages.base_page - Cleared and typed 'SMK_PLAY_24OCT_A' in element: ('id', 'processName')
2025-12-02 17:53:34 [INFO] pages.base_page - Element clickable: ('xpath', "//button[normalize-space(text())='Submit']")
2025-12-02 17:53:34 [INFO] pages.base_page - Clicked element: ('xpath', "//button[normalize-space(text())='Submit']")
2025-12-02 17:53:34 [INFO] pages.common.loader - Waiting for loader to disappear...
2025-12-02 17:53:34 [INFO] pages.base_page - Loader appeared.
2025-12-02 17:53:39 [INFO] pages.base_page - Loader disappeared.
2025-12-02 17:53:39 [INFO] pages.common.loader - Loader Stopped.
2025-12-02 17:53:39 [INFO] pages.base_page - Page fully loaded.
2025-12-02 17:53:40 [INFO] pages.base_page - Element clickable: ('xpath', "//*[@id='root']/div[2]/div/div[3]/div/div/div[2]/div/div[2]/table/tbody/tr[1]")
2025-12-02 17:53:40 [INFO] pages.base_page - Element clickable: ('xpath', "//button[@id='chat_version_accord']")
2025-12-02 17:53:40 [INFO] automation - Opened Call Version section.
2025-12-02 17:53:40 [INFO] pages.base_page - Element clickable: ('xpath', "//ul[@id='menuv_chat']//button[@title='Add Version']")
2025-12-02 17:53:40 [INFO] automation - Add Version clicked.
2025-12-02 17:53:40 [INFO] pages.base_page - Element visible: ('xpath', "//input[@name='name']")
2025-12-02 17:53:41 [INFO] automation - Entered version name: new_version1017
2025-12-02 17:53:41 [INFO] pages.base_page - Element clickable: ('xpath', "//select[@name='interaction']")
2025-12-02 17:53:41 [INFO] automation - Selected interaction: ib
2025-12-02 17:53:41 [INFO] pages.base_page - Element clickable: ('xpath', "//button[normalize-space()='Submit']")
2025-12-02 17:53:41 [INFO] automation - Submit clicked.
2025-12-02 17:53:42 [INFO] pages.base_page - Toast appeared: Version saved successfully
2025-12-02 17:53:45 [INFO] automation - Captured Toast: Version saved successfully
2025-12-02 17:53:50 [INFO] pages.base_page - Element became invisible: ('xpath', "//div[@role='dialog' and contains(@class,'modal') and contains(@class,'show')]")
2025-12-02 17:53:50 [INFO] automation - Modal closed.
2025-12-02 17:53:50 [INFO] pages.common.loader - Waiting for loader to disappear...
2025-12-02 17:53:55 [INFO] pages.base_page - Loader was not observed during initial check, proceeding without waiting for invisibility.
2025-12-02 17:53:55 [INFO] pages.common.loader - Loader Stopped.
2025-12-02 17:53:55 [INFO] pages.base_page - Element clickable: ('xpath', "//img[@alt='Profile']")
2025-12-02 17:53:55 [INFO] pages.base_page - Clicked element: ('xpath', "//img[@alt='Profile']")
2025-12-02 17:53:55 [INFO] pages.base_page - Element clickable: ('xpath', "//button[@title='Logout']")
2025-12-02 17:53:56 [INFO] pages.base_page - Clicked element: ('xpath', "//button[@title='Logout']")
2025-12-02 17:53:56 [INFO] pages.login.logout - Logout Successfully.
2025-12-02 17:53:58 [INFO] utils.screenshot - Screenshot saved: D:\2025\SELENIUM-PYTHON\PLAY_RADIUS_AUTOMATION\screenshots\Logout_Successfully_20251202_175356.png
2025-12-02 17:53:58 [INFO] pages.base_page - Element visible: ('xpath', "//span[text()='Login']")
2025-12-02 17:53:58 [INFO] test_cases.process.version.test_chat_version - Logout complete. Test finished.
2025-12-02 17:58:30 [INFO] test_cases.process.version.test_email_version - Starting test_import_version
2025-12-02 17:58:37 [INFO] pages.base_page - Page fully loaded.
2025-12-02 17:58:37 [INFO] pages.login.login - Opening: https://qaradius.in.qamajor.radius-ois.ai/play/login
2025-12-02 17:58:37 [INFO] pages.base_page - Element visible: ('id', 'loginForm.username')
2025-12-02 17:58:38 [INFO] pages.base_page - Element visible: ('id', 'password')
2025-12-02 17:58:38 [INFO] pages.base_page - Element visible: ('id', 'loginForm.Login')
2025-12-02 17:58:38 [INFO] pages.login.login - Login submitted for user: playadmin
2025-12-02 17:58:39 [INFO] pages.common.loader - Waiting for loader to disappear...
2025-12-02 17:58:39 [INFO] pages.base_page - Loader appeared.
2025-12-02 17:58:47 [INFO] pages.base_page - Loader disappeared.
2025-12-02 17:58:47 [INFO] pages.common.loader - Loader Stopped.
2025-12-02 17:58:47 [INFO] pages.login.login - Login submitted successfully.
2025-12-02 17:58:47 [INFO] utils.screenshot - Screenshot saved: D:\2025\SELENIUM-PYTHON\PLAY_RADIUS_AUTOMATION\screenshots\Login Submitted successfully_20251202_175847.png
2025-12-02 17:58:47 [INFO] pages.common.loader - Waiting for loader to disappear...
2025-12-02 17:58:52 [INFO] pages.base_page - Loader was not observed during initial check, proceeding without waiting for invisibility.
2025-12-02 17:58:52 [INFO] pages.common.loader - Loader Stopped.
2025-12-02 17:58:52 [INFO] pages.common.loader - Waiting for loader to disappear...
2025-12-02 17:58:57 [INFO] pages.base_page - Loader was not observed during initial check, proceeding without waiting for invisibility.
2025-12-02 17:58:57 [INFO] pages.common.loader - Loader Stopped.
2025-12-02 17:58:58 [INFO] pages.base_page - Element clickable: ('xpath', "//button[@title='Process']")
2025-12-02 17:58:58 [INFO] pages.common.sidemenupage - Process Showing
2025-12-02 17:58:59 [INFO] utils.screenshot - Screenshot saved: D:\2025\SELENIUM-PYTHON\PLAY_RADIUS_AUTOMATION\screenshots\Process Showing_20251202_175858.png
2025-12-02 17:58:59 [INFO] pages.base_page - Element clickable: ('xpath', "//button[@title='Filter']")
2025-12-02 17:59:10 [WARNING] pages.base_page - Filter UI not ready within timeout.
2025-12-02 17:59:10 [INFO] pages.base_page - Element clickable: ('id', 'processName')
2025-12-02 17:59:10 [INFO] pages.base_page - Cleared and typed 'SMK_PLAY_24OCT_A' in element: ('id', 'processName')
2025-12-02 17:59:10 [INFO] pages.base_page - Element clickable: ('xpath', "//button[normalize-space(text())='Submit']")
2025-12-02 17:59:10 [INFO] pages.base_page - Clicked element: ('xpath', "//button[normalize-space(text())='Submit']")
2025-12-02 17:59:10 [INFO] pages.common.loader - Waiting for loader to disappear...
2025-12-02 17:59:11 [INFO] pages.base_page - Loader appeared.
2025-12-02 17:59:16 [INFO] pages.base_page - Loader disappeared.
2025-12-02 17:59:16 [INFO] pages.common.loader - Loader Stopped.
2025-12-02 17:59:16 [INFO] pages.base_page - Page fully loaded.
2025-12-02 17:59:16 [INFO] pages.base_page - Element clickable: ('xpath', "//*[@id='root']/div[2]/div/div[3]/div/div/div[2]/div/div[2]/table/tbody/tr[1]")
2025-12-02 17:59:17 [INFO] pages.base_page - Element clickable: ('xpath', "//button[@id='email_version_accord']")
2025-12-02 17:59:17 [INFO] automation - Opened Call Version section.
2025-12-02 17:59:17 [INFO] pages.base_page - Element clickable: ('xpath', "//ul[@id='menuv_email']//button[@title='Import Version']")
2025-12-02 17:59:17 [INFO] automation - Import Version clicked.
2025-12-02 17:59:17 [INFO] pages.base_page - Element clickable: ('xpath', "//select[@name='selProcess']")
2025-12-02 17:59:18 [INFO] automation - Selected process: Campaign_ADD
2025-12-02 17:59:19 [INFO] pages.base_page - Element clickable: ('xpath', "//select[@name='selVersion']")
2025-12-02 17:59:19 [INFO] automation - Selected version: test3
2025-12-02 17:59:19 [INFO] pages.base_page - Element clickable: ('xpath', "//select[@name='interaction']")
2025-12-02 17:59:19 [INFO] automation - Selected interaction: ib
2025-12-02 17:59:19 [INFO] pages.base_page - Element visible: ('xpath', "//input[@name='name']")
2025-12-02 17:59:19 [INFO] automation - Entered version name: Imported_1018
2025-12-02 17:59:19 [INFO] pages.base_page - Element clickable: ('xpath', "//button[normalize-space()='Submit']")
2025-12-02 17:59:20 [INFO] automation - Submit clicked.
2025-12-02 17:59:21 [INFO] pages.base_page - Toast appeared: Version imported successfully
2025-12-02 17:59:23 [INFO] automation - Captured Toast: Version imported successfully
2025-12-02 17:59:28 [INFO] pages.base_page - Element became invisible: ('xpath', "//div[@role='dialog' and contains(@class,'modal') and contains(@class,'show')]")
2025-12-02 17:59:28 [INFO] automation - Modal closed.
2025-12-02 17:59:28 [INFO] pages.common.loader - Waiting for loader to disappear...
2025-12-02 17:59:33 [INFO] pages.base_page - Loader was not observed during initial check, proceeding without waiting for invisibility.
2025-12-02 17:59:33 [INFO] pages.common.loader - Loader Stopped.
2025-12-02 17:59:33 [INFO] pages.base_page - Element clickable: ('xpath', "//img[@alt='Profile']")
2025-12-02 17:59:33 [INFO] pages.base_page - Clicked element: ('xpath', "//img[@alt='Profile']")
2025-12-02 17:59:34 [INFO] pages.base_page - Element clickable: ('xpath', "//button[@title='Logout']")
2025-12-02 17:59:35 [INFO] pages.base_page - Clicked element: ('xpath', "//button[@title='Logout']")
2025-12-02 17:59:35 [INFO] pages.login.logout - Logout Successfully.
2025-12-02 17:59:37 [INFO] utils.screenshot - Screenshot saved: D:\2025\SELENIUM-PYTHON\PLAY_RADIUS_AUTOMATION\screenshots\Logout_Successfully_20251202_175935.png
2025-12-02 17:59:37 [INFO] pages.base_page - Element visible: ('xpath', "//span[text()='Login']")
2025-12-02 17:59:37 [INFO] test_cases.process.version.test_email_version - Logout complete. Test finished.
2025-12-02 17:59:46 [INFO] test_cases.process.version.test_email_version - Starting test_copy_version
2025-12-02 17:59:58 [INFO] pages.base_page - Page fully loaded.
2025-12-02 17:59:58 [INFO] pages.login.login - Opening: https://qaradius.in.qamajor.radius-ois.ai/play/login
2025-12-02 17:59:58 [INFO] pages.base_page - Element visible: ('id', 'loginForm.username')
2025-12-02 17:59:58 [INFO] pages.base_page - Element visible: ('id', 'password')
2025-12-02 17:59:59 [INFO] pages.base_page - Element visible: ('id', 'loginForm.Login')
2025-12-02 17:59:59 [INFO] pages.login.login - Login submitted for user: playadmin
2025-12-02 17:59:59 [INFO] pages.common.loader - Waiting for loader to disappear...
2025-12-02 17:59:59 [INFO] pages.base_page - Loader appeared.
2025-12-02 18:00:08 [INFO] pages.base_page - Loader disappeared.
2025-12-02 18:00:08 [INFO] pages.common.loader - Loader Stopped.
2025-12-02 18:00:08 [INFO] pages.login.login - Login submitted successfully.
2025-12-02 18:00:08 [INFO] utils.screenshot - Screenshot saved: D:\2025\SELENIUM-PYTHON\PLAY_RADIUS_AUTOMATION\screenshots\Login Submitted successfully_20251202_180008.png
2025-12-02 18:00:08 [INFO] pages.common.loader - Waiting for loader to disappear...
2025-12-02 18:00:13 [INFO] pages.base_page - Loader was not observed during initial check, proceeding without waiting for invisibility.
2025-12-02 18:00:13 [INFO] pages.common.loader - Loader Stopped.
2025-12-02 18:00:13 [INFO] pages.common.loader - Waiting for loader to disappear...
2025-12-02 18:00:19 [INFO] pages.base_page - Loader was not observed during initial check, proceeding without waiting for invisibility.
2025-12-02 18:00:19 [INFO] pages.common.loader - Loader Stopped.
2025-12-02 18:00:19 [INFO] pages.base_page - Element clickable: ('xpath', "//button[@title='Process']")
2025-12-02 18:00:20 [INFO] pages.common.sidemenupage - Process Showing
2025-12-02 18:00:20 [INFO] utils.screenshot - Screenshot saved: D:\2025\SELENIUM-PYTHON\PLAY_RADIUS_AUTOMATION\screenshots\Process Showing_20251202_180020.png
2025-12-02 18:00:20 [INFO] pages.base_page - Element clickable: ('xpath', "//button[@title='Filter']")
2025-12-02 18:00:31 [WARNING] pages.base_page - Filter UI not ready within timeout.
2025-12-02 18:00:31 [INFO] pages.base_page - Element clickable: ('id', 'processName')
2025-12-02 18:00:31 [INFO] pages.base_page - Cleared and typed 'SMK_PLAY_24OCT_A' in element: ('id', 'processName')
2025-12-02 18:00:32 [INFO] pages.base_page - Element clickable: ('xpath', "//button[normalize-space(text())='Submit']")
2025-12-02 18:00:32 [INFO] pages.base_page - Clicked element: ('xpath', "//button[normalize-space(text())='Submit']")
2025-12-02 18:00:32 [INFO] pages.common.loader - Waiting for loader to disappear...
2025-12-02 18:00:32 [INFO] pages.base_page - Loader appeared.
2025-12-02 18:00:38 [INFO] pages.base_page - Loader disappeared.
2025-12-02 18:00:38 [INFO] pages.common.loader - Loader Stopped.
2025-12-02 18:00:38 [INFO] pages.base_page - Page fully loaded.
2025-12-02 18:00:38 [INFO] pages.base_page - Element clickable: ('xpath', "//*[@id='root']/div[2]/div/div[3]/div/div/div[2]/div/div[2]/table/tbody/tr[1]")
2025-12-02 18:00:38 [INFO] pages.base_page - Element clickable: ('xpath', "//button[@id='email_version_accord']")
2025-12-02 18:00:38 [INFO] automation - Opened Call Version section.
2025-12-02 18:00:38 [INFO] pages.base_page - Element clickable: ('xpath', "//ul[@id='menuv_email']//button[@title='Copy Version']")
2025-12-02 18:00:38 [INFO] automation - Copy Version clicked.
2025-12-02 18:00:38 [INFO] pages.base_page - Element clickable: ('xpath', "//select[@name='cpyVersion']")
2025-12-02 18:00:39 [INFO] automation - Selected copy version: Robot
2025-12-02 18:00:39 [INFO] pages.base_page - Element clickable: ('xpath', "//select[@name='interaction']")
2025-12-02 18:00:39 [INFO] automation - Selected interaction: ib
2025-12-02 18:00:39 [INFO] pages.base_page - Element visible: ('xpath', "//input[@name='cpyVrsnname']")
2025-12-02 18:00:40 [INFO] automation - Entered copy version name: copy_version_1019
2025-12-02 18:00:40 [INFO] pages.base_page - Element clickable: ('xpath', "//button[normalize-space()='Submit']")
2025-12-02 18:00:40 [INFO] automation - Submit clicked.
2025-12-02 18:00:41 [INFO] pages.base_page - Toast appeared: Version copied successfully
2025-12-02 18:00:43 [INFO] automation - Captured Toast: Version copied successfully
2025-12-02 18:00:48 [INFO] pages.base_page - Element became invisible: ('xpath', "//div[@role='dialog' and contains(@class,'modal') and contains(@class,'show')]")
2025-12-02 18:00:48 [INFO] automation - Modal closed.
2025-12-02 18:00:48 [INFO] pages.common.loader - Waiting for loader to disappear...
2025-12-02 18:00:53 [INFO] pages.base_page - Loader was not observed during initial check, proceeding without waiting for invisibility.
2025-12-02 18:00:53 [INFO] pages.common.loader - Loader Stopped.
2025-12-02 18:00:53 [INFO] pages.base_page - Element clickable: ('xpath', "//img[@alt='Profile']")
2025-12-02 18:00:54 [INFO] pages.base_page - Clicked element: ('xpath', "//img[@alt='Profile']")
2025-12-02 18:00:54 [INFO] pages.base_page - Element clickable: ('xpath', "//button[@title='Logout']")
2025-12-02 18:00:54 [INFO] pages.base_page - Clicked element: ('xpath', "//button[@title='Logout']")
2025-12-02 18:00:54 [INFO] pages.login.logout - Logout Successfully.
2025-12-02 18:00:56 [INFO] utils.screenshot - Screenshot saved: D:\2025\SELENIUM-PYTHON\PLAY_RADIUS_AUTOMATION\screenshots\Logout_Successfully_20251202_180054.png
2025-12-02 18:00:56 [INFO] pages.base_page - Element visible: ('xpath', "//span[text()='Login']")
2025-12-02 18:00:56 [INFO] test_cases.process.version.test_email_version - Logout complete. Test finished.
2025-12-02 18:01:03 [INFO] test_cases.process.version.test_email_version - Starting test_copy_version
2025-12-02 18:01:10 [INFO] pages.base_page - Page fully loaded.
2025-12-02 18:01:10 [INFO] pages.login.login - Opening: https://qaradius.in.qamajor.radius-ois.ai/play/login
2025-12-02 18:01:11 [INFO] pages.base_page - Element visible: ('id', 'loginForm.username')
2025-12-02 18:01:11 [INFO] pages.base_page - Element visible: ('id', 'password')
2025-12-02 18:01:11 [INFO] pages.base_page - Element visible: ('id', 'loginForm.Login')
2025-12-02 18:01:12 [INFO] pages.login.login - Login submitted for user: playadmin
2025-12-02 18:01:12 [INFO] pages.common.loader - Waiting for loader to disappear...
2025-12-02 18:01:12 [INFO] pages.base_page - Loader appeared.
2025-12-02 18:01:20 [INFO] pages.base_page - Loader disappeared.
2025-12-02 18:01:20 [INFO] pages.common.loader - Loader Stopped.
2025-12-02 18:01:20 [INFO] pages.login.login - Login submitted successfully.
2025-12-02 18:01:20 [INFO] utils.screenshot - Screenshot saved: D:\2025\SELENIUM-PYTHON\PLAY_RADIUS_AUTOMATION\screenshots\Login Submitted successfully_20251202_180120.png
2025-12-02 18:01:20 [INFO] pages.common.loader - Waiting for loader to disappear...
2025-12-02 18:01:25 [INFO] pages.base_page - Loader was not observed during initial check, proceeding without waiting for invisibility.
2025-12-02 18:01:25 [INFO] pages.common.loader - Loader Stopped.
2025-12-02 18:01:25 [INFO] pages.common.loader - Waiting for loader to disappear...
2025-12-02 18:01:30 [INFO] pages.base_page - Loader was not observed during initial check, proceeding without waiting for invisibility.
2025-12-02 18:01:30 [INFO] pages.common.loader - Loader Stopped.
2025-12-02 18:01:30 [INFO] pages.base_page - Element clickable: ('xpath', "//button[@title='Process']")
2025-12-02 18:01:31 [INFO] pages.common.sidemenupage - Process Showing
2025-12-02 18:01:31 [INFO] utils.screenshot - Screenshot saved: D:\2025\SELENIUM-PYTHON\PLAY_RADIUS_AUTOMATION\screenshots\Process Showing_20251202_180131.png
2025-12-02 18:01:31 [INFO] pages.base_page - Element clickable: ('xpath', "//button[@title='Filter']")
2025-12-02 18:01:42 [WARNING] pages.base_page - Filter UI not ready within timeout.
2025-12-02 18:01:42 [INFO] pages.base_page - Element clickable: ('id', 'processName')
2025-12-02 18:01:43 [INFO] pages.base_page - Cleared and typed 'SMK_PLAY_24OCT_A' in element: ('id', 'processName')
2025-12-02 18:01:43 [INFO] pages.base_page - Element clickable: ('xpath', "//button[normalize-space(text())='Submit']")
2025-12-02 18:01:43 [INFO] pages.base_page - Clicked element: ('xpath', "//button[normalize-space(text())='Submit']")
2025-12-02 18:01:43 [INFO] pages.common.loader - Waiting for loader to disappear...
2025-12-02 18:01:43 [INFO] pages.base_page - Loader appeared.
2025-12-02 18:01:49 [INFO] pages.base_page - Loader disappeared.
2025-12-02 18:01:49 [INFO] pages.common.loader - Loader Stopped.
2025-12-02 18:01:49 [INFO] pages.base_page - Page fully loaded.
2025-12-02 18:01:49 [INFO] pages.base_page - Element clickable: ('xpath', "//*[@id='root']/div[2]/div/div[3]/div/div/div[2]/div/div[2]/table/tbody/tr[1]")
2025-12-02 18:01:49 [INFO] pages.base_page - Element clickable: ('xpath', "//button[@id='email_version_accord']")
2025-12-02 18:01:49 [INFO] automation - Opened Call Version section.
2025-12-02 18:01:49 [INFO] pages.base_page - Element clickable: ('xpath', "//ul[@id='menuv_email']//button[@title='Add Version']")
2025-12-02 18:01:49 [INFO] automation - Add Version clicked.
2025-12-02 18:01:49 [INFO] pages.base_page - Element clickable: ('xpath', "//select[@name='interaction']")
2025-12-02 18:01:50 [INFO] automation - Selected interaction: ib
2025-12-02 18:01:50 [INFO] pages.base_page - Element visible: ('xpath', "//input[@name='name']")
2025-12-02 18:01:50 [INFO] automation - Entered version name: version_25815
2025-12-02 18:01:50 [INFO] automation - Modal filled with data: {'name': 'version_25815', 'interaction': 'ib'}
2025-12-02 18:01:50 [INFO] pages.base_page - Element clickable: ('xpath', "//button[normalize-space()='Submit']")
2025-12-02 18:01:50 [INFO] automation - Submit clicked.
2025-12-02 18:01:51 [INFO] pages.base_page - Toast appeared: Version saved successfully
2025-12-02 18:01:54 [INFO] automation - Captured Toast: Version saved successfully
2025-12-02 18:01:59 [INFO] pages.base_page - Element became invisible: ('xpath', "//div[@role='dialog' and contains(@class,'modal') and contains(@class,'show')]")
2025-12-02 18:01:59 [INFO] automation - Modal closed.
2025-12-02 18:01:59 [INFO] pages.common.loader - Waiting for loader to disappear...
2025-12-02 18:02:04 [INFO] pages.base_page - Loader was not observed during initial check, proceeding without waiting for invisibility.
2025-12-02 18:02:04 [INFO] pages.common.loader - Loader Stopped.
2025-12-02 18:02:04 [INFO] pages.base_page - Element clickable: ('xpath', "//img[@alt='Profile']")
2025-12-02 18:02:04 [INFO] pages.base_page - Clicked element: ('xpath', "//img[@alt='Profile']")
2025-12-02 18:02:04 [INFO] pages.base_page - Element clickable: ('xpath', "//button[@title='Logout']")
2025-12-02 18:02:05 [INFO] pages.base_page - Clicked element: ('xpath', "//button[@title='Logout']")
2025-12-02 18:02:05 [INFO] pages.login.logout - Logout Successfully.
2025-12-02 18:02:07 [INFO] utils.screenshot - Screenshot saved: D:\2025\SELENIUM-PYTHON\PLAY_RADIUS_AUTOMATION\screenshots\Logout_Successfully_20251202_180205.png
2025-12-02 18:02:07 [INFO] pages.base_page - Element visible: ('xpath', "//span[text()='Login']")
2025-12-02 18:02:07 [INFO] test_cases.process.version.test_email_version - Logout complete. Test finished.
2025-12-02 18:02:14 [INFO] test_cases.process.version.test_email_version - Starting test_copy_version
2025-12-02 18:02:21 [INFO] pages.base_page - Page fully loaded.
2025-12-02 18:02:21 [INFO] pages.login.login - Opening: https://qaradius.in.qamajor.radius-ois.ai/play/login
2025-12-02 18:02:21 [INFO] pages.base_page - Element visible: ('id', 'loginForm.username')
2025-12-02 18:02:21 [INFO] pages.base_page - Element visible: ('id', 'password')
2025-12-02 18:02:22 [INFO] pages.base_page - Element visible: ('id', 'loginForm.Login')
2025-12-02 18:02:22 [INFO] pages.login.login - Login submitted for user: playadmin
2025-12-02 18:02:22 [INFO] pages.common.loader - Waiting for loader to disappear...
2025-12-02 18:02:23 [INFO] pages.base_page - Loader appeared.
2025-12-02 18:02:31 [INFO] pages.base_page - Loader disappeared.
2025-12-02 18:02:31 [INFO] pages.common.loader - Loader Stopped.
2025-12-02 18:02:31 [INFO] pages.login.login - Login submitted successfully.
2025-12-02 18:02:31 [INFO] utils.screenshot - Screenshot saved: D:\2025\SELENIUM-PYTHON\PLAY_RADIUS_AUTOMATION\screenshots\Login Submitted successfully_20251202_180231.png
2025-12-02 18:02:31 [INFO] pages.common.loader - Waiting for loader to disappear...
2025-12-02 18:02:36 [INFO] pages.base_page - Loader was not observed during initial check, proceeding without waiting for invisibility.
2025-12-02 18:02:36 [INFO] pages.common.loader - Loader Stopped.
2025-12-02 18:02:36 [INFO] pages.common.loader - Waiting for loader to disappear...
2025-12-02 18:02:41 [INFO] pages.base_page - Loader was not observed during initial check, proceeding without waiting for invisibility.
2025-12-02 18:02:41 [INFO] pages.common.loader - Loader Stopped.
2025-12-02 18:02:41 [INFO] pages.base_page - Element clickable: ('xpath', "//button[@title='Process']")
2025-12-02 18:02:42 [INFO] pages.common.sidemenupage - Process Showing
2025-12-02 18:02:42 [INFO] utils.screenshot - Screenshot saved: D:\2025\SELENIUM-PYTHON\PLAY_RADIUS_AUTOMATION\screenshots\Process Showing_20251202_180242.png
2025-12-02 18:02:43 [INFO] pages.base_page - Element clickable: ('xpath', "//button[@title='Filter']")
2025-12-02 18:02:53 [WARNING] pages.base_page - Filter UI not ready within timeout.
2025-12-02 18:02:53 [INFO] pages.base_page - Element clickable: ('id', 'processName')
2025-12-02 18:02:54 [INFO] pages.base_page - Cleared and typed 'SMK_PLAY_24OCT_A' in element: ('id', 'processName')
2025-12-02 18:02:54 [INFO] pages.base_page - Element clickable: ('xpath', "//button[normalize-space(text())='Submit']")
2025-12-02 18:02:54 [INFO] pages.base_page - Clicked element: ('xpath', "//button[normalize-space(text())='Submit']")
2025-12-02 18:02:54 [INFO] pages.common.loader - Waiting for loader to disappear...
2025-12-02 18:02:54 [INFO] pages.base_page - Loader appeared.
2025-12-02 18:03:00 [INFO] pages.base_page - Loader disappeared.
2025-12-02 18:03:00 [INFO] pages.common.loader - Loader Stopped.
2025-12-02 18:03:00 [INFO] pages.base_page - Page fully loaded.
2025-12-02 18:03:00 [INFO] pages.base_page - Element clickable: ('xpath', "//*[@id='root']/div[2]/div/div[3]/div/div/div[2]/div/div[2]/table/tbody/tr[1]")
2025-12-02 18:03:00 [INFO] pages.base_page - Element clickable: ('xpath', "//button[@id='email_version_accord']")
2025-12-02 18:03:00 [INFO] automation - Opened Call Version section.
2025-12-02 18:03:00 [INFO] pages.base_page - Element clickable: ('xpath', "//ul[@id='menuv_email']//button[@title='Add Version']")
2025-12-02 18:03:01 [INFO] automation - Add Version clicked.
2025-12-02 18:03:01 [INFO] pages.base_page - Element visible: ('xpath', "//input[@name='name']")
2025-12-02 18:03:01 [INFO] automation - Entered version name: new_version1020
2025-12-02 18:03:01 [INFO] pages.base_page - Element clickable: ('xpath', "//select[@name='interaction']")
2025-12-02 18:03:02 [INFO] automation - Selected interaction: ib
2025-12-02 18:03:02 [INFO] pages.base_page - Element clickable: ('xpath', "//button[normalize-space()='Submit']")
2025-12-02 18:03:02 [INFO] automation - Submit clicked.
2025-12-02 18:03:03 [INFO] pages.base_page - Toast appeared: Version saved successfully
2025-12-02 18:03:06 [INFO] automation - Captured Toast: Version saved successfully
2025-12-02 18:03:11 [INFO] pages.base_page - Element became invisible: ('xpath', "//div[@role='dialog' and contains(@class,'modal') and contains(@class,'show')]")
2025-12-02 18:03:11 [INFO] automation - Modal closed.
2025-12-02 18:03:11 [INFO] pages.common.loader - Waiting for loader to disappear...
2025-12-02 18:03:16 [INFO] pages.base_page - Loader was not observed during initial check, proceeding without waiting for invisibility.
2025-12-02 18:03:16 [INFO] pages.common.loader - Loader Stopped.
2025-12-02 18:03:16 [INFO] pages.base_page - Element clickable: ('xpath', "//img[@alt='Profile']")
2025-12-02 18:03:16 [INFO] pages.base_page - Clicked element: ('xpath', "//img[@alt='Profile']")
2025-12-02 18:03:16 [INFO] pages.base_page - Element clickable: ('xpath', "//button[@title='Logout']")
2025-12-02 18:03:20 [INFO] pages.base_page - Clicked element: ('xpath', "//button[@title='Logout']")
2025-12-02 18:03:20 [INFO] pages.login.logout - Logout Successfully.
2025-12-02 18:03:20 [INFO] utils.screenshot - Screenshot saved: D:\2025\SELENIUM-PYTHON\PLAY_RADIUS_AUTOMATION\screenshots\Logout_Successfully_20251202_180320.png
2025-12-02 18:03:20 [INFO] pages.base_page - Element visible: ('xpath', "//span[text()='Login']")
2025-12-02 18:03:20 [INFO] test_cases.process.version.test_email_version - Logout complete. Test finished.
2025-12-02 18:11:18 [INFO] test_cases.process.version.test_video_version - Starting test_import_version
2025-12-02 18:11:28 [INFO] pages.base_page - Page fully loaded.
2025-12-02 18:11:28 [INFO] pages.login.login - Opening: https://qaradius.in.qamajor.radius-ois.ai/play/login
2025-12-02 18:11:28 [INFO] pages.base_page - Element visible: ('id', 'loginForm.username')
2025-12-02 18:11:28 [INFO] pages.base_page - Element visible: ('id', 'password')
2025-12-02 18:11:28 [INFO] pages.base_page - Element visible: ('id', 'loginForm.Login')
2025-12-02 18:11:29 [INFO] pages.login.login - Login submitted for user: playadmin
2025-12-02 18:11:29 [INFO] pages.common.loader - Waiting for loader to disappear...
2025-12-02 18:11:29 [INFO] pages.base_page - Loader appeared.
2025-12-02 18:11:38 [INFO] pages.base_page - Loader disappeared.
2025-12-02 18:11:38 [INFO] pages.common.loader - Loader Stopped.
2025-12-02 18:11:38 [INFO] pages.login.login - Login submitted successfully.
2025-12-02 18:11:38 [INFO] utils.screenshot - Screenshot saved: D:\2025\SELENIUM-PYTHON\PLAY_RADIUS_AUTOMATION\screenshots\Login Submitted successfully_20251202_181138.png
2025-12-02 18:11:38 [INFO] pages.common.loader - Waiting for loader to disappear...
2025-12-02 18:11:43 [INFO] pages.base_page - Loader was not observed during initial check, proceeding without waiting for invisibility.
2025-12-02 18:11:43 [INFO] pages.common.loader - Loader Stopped.
2025-12-02 18:11:43 [INFO] pages.common.loader - Waiting for loader to disappear...
2025-12-02 18:11:48 [INFO] pages.base_page - Loader was not observed during initial check, proceeding without waiting for invisibility.
2025-12-02 18:11:48 [INFO] pages.common.loader - Loader Stopped.
2025-12-02 18:11:48 [INFO] pages.base_page - Element clickable: ('xpath', "//button[@title='Process']")
2025-12-02 18:11:49 [INFO] pages.common.sidemenupage - Process Showing
2025-12-02 18:11:49 [INFO] utils.screenshot - Screenshot saved: D:\2025\SELENIUM-PYTHON\PLAY_RADIUS_AUTOMATION\screenshots\Process Showing_20251202_181149.png
2025-12-02 18:11:49 [INFO] pages.base_page - Element clickable: ('xpath', "//button[@title='Filter']")
2025-12-02 18:12:00 [WARNING] pages.base_page - Filter UI not ready within timeout.
2025-12-02 18:12:00 [INFO] pages.base_page - Element clickable: ('id', 'processName')
2025-12-02 18:12:01 [INFO] pages.base_page - Cleared and typed 'SMK_PLAY_24OCT_A' in element: ('id', 'processName')
2025-12-02 18:12:01 [INFO] pages.base_page - Element clickable: ('xpath', "//button[normalize-space(text())='Submit']")
2025-12-02 18:12:01 [INFO] pages.base_page - Clicked element: ('xpath', "//button[normalize-space(text())='Submit']")
2025-12-02 18:12:01 [INFO] pages.common.loader - Waiting for loader to disappear...
2025-12-02 18:12:01 [INFO] pages.base_page - Loader appeared.
2025-12-02 18:12:07 [INFO] pages.base_page - Loader disappeared.
2025-12-02 18:12:07 [INFO] pages.common.loader - Loader Stopped.
2025-12-02 18:12:07 [INFO] pages.base_page - Page fully loaded.
2025-12-02 18:12:07 [INFO] pages.base_page - Element clickable: ('xpath', "//*[@id='root']/div[2]/div/div[3]/div/div/div[2]/div/div[2]/table/tbody/tr[1]")
2025-12-02 18:12:07 [INFO] pages.base_page - Element clickable: ('xpath', "//button[@id='video_version_accord']")
2025-12-02 18:12:07 [INFO] automation - Opened Call Version section.
2025-12-02 18:12:07 [INFO] pages.base_page - Element clickable: ('xpath', "//ul[@id='menuv_video']//button[@title='Import Version']")
2025-12-02 18:12:07 [INFO] automation - Import Version clicked.
2025-12-02 18:12:07 [INFO] pages.base_page - Element clickable: ('xpath', "//select[@name='selProcess']")
2025-12-02 18:12:09 [INFO] automation - Selected process: Campaign_ADD
2025-12-02 18:12:09 [INFO] pages.base_page - Element clickable: ('xpath', "//select[@name='selVersion']")
2025-12-02 18:12:10 [INFO] automation - Selected version: test3
2025-12-02 18:12:10 [INFO] pages.base_page - Element clickable: ('xpath', "//select[@name='interaction']")
2025-12-02 18:12:10 [INFO] automation - Selected interaction: ib
2025-12-02 18:12:10 [INFO] pages.base_page - Element visible: ('xpath', "//input[@name='name']")
2025-12-02 18:12:10 [INFO] automation - Entered version name: Imported_1021
2025-12-02 18:12:10 [INFO] pages.base_page - Element clickable: ('xpath', "//button[normalize-space()='Submit']")
2025-12-02 18:12:11 [INFO] automation - Submit clicked.
2025-12-02 18:12:11 [INFO] pages.base_page - Toast appeared: Version imported successfully
2025-12-02 18:12:14 [INFO] automation - Captured Toast: Version imported successfully
2025-12-02 18:12:19 [INFO] pages.base_page - Element became invisible: ('xpath', "//div[@role='dialog' and contains(@class,'modal') and contains(@class,'show')]")
2025-12-02 18:12:19 [INFO] automation - Modal closed.
2025-12-02 18:12:19 [INFO] pages.common.loader - Waiting for loader to disappear...
2025-12-02 18:12:24 [INFO] pages.base_page - Loader was not observed during initial check, proceeding without waiting for invisibility.
2025-12-02 18:12:24 [INFO] pages.common.loader - Loader Stopped.
2025-12-02 18:12:24 [INFO] pages.base_page - Element clickable: ('xpath', "//img[@alt='Profile']")
2025-12-02 18:12:24 [INFO] pages.base_page - Clicked element: ('xpath', "//img[@alt='Profile']")
2025-12-02 18:12:24 [INFO] pages.base_page - Element clickable: ('xpath', "//button[@title='Logout']")
2025-12-02 18:12:26 [INFO] pages.base_page - Clicked element: ('xpath', "//button[@title='Logout']")
2025-12-02 18:12:26 [INFO] pages.login.logout - Logout Successfully.
2025-12-02 18:12:28 [INFO] utils.screenshot - Screenshot saved: D:\2025\SELENIUM-PYTHON\PLAY_RADIUS_AUTOMATION\screenshots\Logout_Successfully_20251202_181226.png
2025-12-02 18:12:28 [INFO] pages.base_page - Element visible: ('xpath', "//span[text()='Login']")
2025-12-02 18:12:28 [INFO] test_cases.process.version.test_video_version - Logout complete. Test finished.
2025-12-02 18:12:36 [INFO] test_cases.process.version.test_video_version - Starting test_copy_version
2025-12-02 18:12:45 [INFO] pages.base_page - Page fully loaded.
2025-12-02 18:12:45 [INFO] pages.login.login - Opening: https://qaradius.in.qamajor.radius-ois.ai/play/login
2025-12-02 18:12:45 [INFO] pages.base_page - Element visible: ('id', 'loginForm.username')
2025-12-02 18:12:45 [INFO] pages.base_page - Element visible: ('id', 'password')
2025-12-02 18:12:45 [INFO] pages.base_page - Element visible: ('id', 'loginForm.Login')
2025-12-02 18:12:46 [INFO] pages.login.login - Login submitted for user: playadmin
2025-12-02 18:12:46 [INFO] pages.common.loader - Waiting for loader to disappear...
2025-12-02 18:12:46 [INFO] pages.base_page - Loader appeared.
2025-12-02 18:12:55 [INFO] pages.base_page - Loader disappeared.
2025-12-02 18:12:55 [INFO] pages.common.loader - Loader Stopped.
2025-12-02 18:12:55 [INFO] pages.login.login - Login submitted successfully.
2025-12-02 18:12:56 [INFO] utils.screenshot - Screenshot saved: D:\2025\SELENIUM-PYTHON\PLAY_RADIUS_AUTOMATION\screenshots\Login Submitted successfully_20251202_181255.png
2025-12-02 18:12:56 [INFO] pages.common.loader - Waiting for loader to disappear...
2025-12-02 18:13:01 [INFO] pages.base_page - Loader was not observed during initial check, proceeding without waiting for invisibility.
2025-12-02 18:13:01 [INFO] pages.common.loader - Loader Stopped.
2025-12-02 18:13:01 [INFO] pages.common.loader - Waiting for loader to disappear...
2025-12-02 18:13:06 [INFO] pages.base_page - Loader was not observed during initial check, proceeding without waiting for invisibility.
2025-12-02 18:13:06 [INFO] pages.common.loader - Loader Stopped.
2025-12-02 18:13:06 [INFO] pages.base_page - Element clickable: ('xpath', "//button[@title='Process']")
2025-12-02 18:13:07 [INFO] pages.common.sidemenupage - Process Showing
2025-12-02 18:13:07 [INFO] utils.screenshot - Screenshot saved: D:\2025\SELENIUM-PYTHON\PLAY_RADIUS_AUTOMATION\screenshots\Process Showing_20251202_181307.png
2025-12-02 18:13:07 [INFO] pages.base_page - Element clickable: ('xpath', "//button[@title='Filter']")
2025-12-02 18:13:18 [WARNING] pages.base_page - Filter UI not ready within timeout.
2025-12-02 18:13:18 [INFO] pages.base_page - Element clickable: ('id', 'processName')
2025-12-02 18:13:19 [INFO] pages.base_page - Cleared and typed 'SMK_PLAY_24OCT_A' in element: ('id', 'processName')
2025-12-02 18:13:19 [INFO] pages.base_page - Element clickable: ('xpath', "//button[normalize-space(text())='Submit']")
2025-12-02 18:13:19 [INFO] pages.base_page - Clicked element: ('xpath', "//button[normalize-space(text())='Submit']")
2025-12-02 18:13:19 [INFO] pages.common.loader - Waiting for loader to disappear...
2025-12-02 18:13:19 [INFO] pages.base_page - Loader appeared.
2025-12-02 18:13:25 [INFO] pages.base_page - Loader disappeared.
2025-12-02 18:13:25 [INFO] pages.common.loader - Loader Stopped.
2025-12-02 18:13:25 [INFO] pages.base_page - Page fully loaded.
2025-12-02 18:13:25 [INFO] pages.base_page - Element clickable: ('xpath', "//*[@id='root']/div[2]/div/div[3]/div/div/div[2]/div/div[2]/table/tbody/tr[1]")
2025-12-02 18:13:25 [INFO] pages.base_page - Element clickable: ('xpath', "//button[@id='video_version_accord']")
2025-12-02 18:13:25 [INFO] automation - Opened Call Version section.
2025-12-02 18:13:26 [INFO] pages.base_page - Element clickable: ('xpath', "//ul[@id='menuv_video']//button[@title='Copy Version']")
2025-12-02 18:13:26 [INFO] automation - Copy Version clicked.
2025-12-02 18:13:26 [INFO] pages.base_page - Element clickable: ('xpath', "//select[@name='cpyVersion']")
2025-12-02 18:13:26 [INFO] automation - Selected copy version: Robot
2025-12-02 18:13:26 [INFO] pages.base_page - Element clickable: ('xpath', "//select[@name='interaction']")
2025-12-02 18:13:27 [INFO] automation - Selected interaction: ib
2025-12-02 18:13:27 [INFO] pages.base_page - Element visible: ('xpath', "//input[@name='cpyVrsnname']")
2025-12-02 18:13:27 [INFO] automation - Entered copy version name: copy_version_1022
2025-12-02 18:13:27 [INFO] pages.base_page - Element clickable: ('xpath', "//button[normalize-space()='Submit']")
2025-12-02 18:13:27 [INFO] automation - Submit clicked.
2025-12-02 18:13:28 [INFO] pages.base_page - Toast appeared: Version copied successfully
2025-12-02 18:13:31 [INFO] automation - Captured Toast: Version copied successfully
2025-12-02 18:13:36 [INFO] pages.base_page - Element became invisible: ('xpath', "//div[@role='dialog' and contains(@class,'modal') and contains(@class,'show')]")
2025-12-02 18:13:36 [INFO] automation - Modal closed.
2025-12-02 18:13:36 [INFO] pages.common.loader - Waiting for loader to disappear...
2025-12-02 18:13:41 [INFO] pages.base_page - Loader was not observed during initial check, proceeding without waiting for invisibility.
2025-12-02 18:13:41 [INFO] pages.common.loader - Loader Stopped.
2025-12-02 18:13:41 [INFO] pages.base_page - Element clickable: ('xpath', "//img[@alt='Profile']")
2025-12-02 18:13:41 [INFO] pages.base_page - Clicked element: ('xpath', "//img[@alt='Profile']")
2025-12-02 18:13:41 [INFO] pages.base_page - Element clickable: ('xpath', "//button[@title='Logout']")
2025-12-02 18:13:42 [INFO] pages.base_page - Clicked element: ('xpath', "//button[@title='Logout']")
2025-12-02 18:13:42 [INFO] pages.login.logout - Logout Successfully.
2025-12-02 18:13:46 [INFO] utils.screenshot - Screenshot saved: D:\2025\SELENIUM-PYTHON\PLAY_RADIUS_AUTOMATION\screenshots\Logout_Successfully_20251202_181342.png
2025-12-02 18:13:46 [INFO] pages.base_page - Element visible: ('xpath', "//span[text()='Login']")
2025-12-02 18:13:46 [INFO] test_cases.process.version.test_video_version - Logout complete. Test finished.
2025-12-02 18:13:54 [INFO] test_cases.process.version.test_video_version - Starting test_copy_version
2025-12-02 18:14:05 [INFO] pages.base_page - Page fully loaded.
2025-12-02 18:14:05 [INFO] pages.login.login - Opening: https://qaradius.in.qamajor.radius-ois.ai/play/login
2025-12-02 18:14:05 [INFO] pages.base_page - Element visible: ('id', 'loginForm.username')
2025-12-02 18:14:05 [INFO] pages.base_page - Element visible: ('id', 'password')
2025-12-02 18:14:06 [INFO] pages.base_page - Element visible: ('id', 'loginForm.Login')
2025-12-02 18:14:06 [INFO] pages.login.login - Login submitted for user: playadmin
2025-12-02 18:14:06 [INFO] pages.common.loader - Waiting for loader to disappear...
2025-12-02 18:14:07 [INFO] pages.base_page - Loader appeared.
2025-12-02 18:14:15 [INFO] pages.base_page - Loader disappeared.
2025-12-02 18:14:15 [INFO] pages.common.loader - Loader Stopped.
2025-12-02 18:14:15 [INFO] pages.login.login - Login submitted successfully.
2025-12-02 18:14:15 [INFO] utils.screenshot - Screenshot saved: D:\2025\SELENIUM-PYTHON\PLAY_RADIUS_AUTOMATION\screenshots\Login Submitted successfully_20251202_181415.png
2025-12-02 18:14:15 [INFO] pages.common.loader - Waiting for loader to disappear...
2025-12-02 18:14:20 [INFO] pages.base_page - Loader was not observed during initial check, proceeding without waiting for invisibility.
2025-12-02 18:14:20 [INFO] pages.common.loader - Loader Stopped.
2025-12-02 18:14:20 [INFO] pages.common.loader - Waiting for loader to disappear...
2025-12-02 18:14:25 [INFO] pages.base_page - Loader was not observed during initial check, proceeding without waiting for invisibility.
2025-12-02 18:14:25 [INFO] pages.common.loader - Loader Stopped.
2025-12-02 18:14:25 [INFO] pages.base_page - Element clickable: ('xpath', "//button[@title='Process']")
2025-12-02 18:14:26 [INFO] pages.common.sidemenupage - Process Showing
2025-12-02 18:14:27 [INFO] utils.screenshot - Screenshot saved: D:\2025\SELENIUM-PYTHON\PLAY_RADIUS_AUTOMATION\screenshots\Process Showing_20251202_181426.png
2025-12-02 18:14:27 [INFO] pages.base_page - Element clickable: ('xpath', "//button[@title='Filter']")
2025-12-02 18:14:38 [WARNING] pages.base_page - Filter UI not ready within timeout.
2025-12-02 18:14:38 [INFO] pages.base_page - Element clickable: ('id', 'processName')
2025-12-02 18:14:39 [INFO] pages.base_page - Cleared and typed 'SMK_PLAY_24OCT_A' in element: ('id', 'processName')
2025-12-02 18:14:39 [INFO] pages.base_page - Element clickable: ('xpath', "//button[normalize-space(text())='Submit']")
2025-12-02 18:14:39 [INFO] pages.base_page - Clicked element: ('xpath', "//button[normalize-space(text())='Submit']")
2025-12-02 18:14:39 [INFO] pages.common.loader - Waiting for loader to disappear...
2025-12-02 18:14:39 [INFO] pages.base_page - Loader appeared.
2025-12-02 18:14:44 [INFO] pages.base_page - Loader disappeared.
2025-12-02 18:14:44 [INFO] pages.common.loader - Loader Stopped.
2025-12-02 18:14:45 [INFO] pages.base_page - Page fully loaded.
2025-12-02 18:14:45 [INFO] pages.base_page - Element clickable: ('xpath', "//*[@id='root']/div[2]/div/div[3]/div/div/div[2]/div/div[2]/table/tbody/tr[1]")
2025-12-02 18:14:45 [INFO] pages.base_page - Element clickable: ('xpath', "//button[@id='video_version_accord']")
2025-12-02 18:14:45 [INFO] automation - Opened Call Version section.
2025-12-02 18:14:45 [INFO] pages.base_page - Element clickable: ('xpath', "//ul[@id='menuv_video']//button[@title='Add Version']")
2025-12-02 18:14:45 [INFO] automation - Add Version clicked.
2025-12-02 18:14:45 [INFO] pages.base_page - Element clickable: ('xpath', "//select[@name='interaction']")
2025-12-02 18:14:46 [INFO] automation - Selected interaction: ib
2025-12-02 18:14:46 [INFO] pages.base_page - Element visible: ('xpath', "//input[@name='name']")
2025-12-02 18:14:46 [INFO] automation - Entered version name: version_1023
2025-12-02 18:14:46 [INFO] automation - Modal filled with data: {'name': 'version_', 'interaction': 'ib'}
2025-12-02 18:14:46 [INFO] pages.base_page - Element clickable: ('xpath', "//button[normalize-space()='Submit']")
2025-12-02 18:14:46 [INFO] automation - Submit clicked.
2025-12-02 18:14:47 [INFO] pages.base_page - Toast appeared: Version saved successfully
2025-12-02 18:14:50 [INFO] automation - Captured Toast: Version saved successfully
2025-12-02 18:14:55 [INFO] pages.base_page - Element became invisible: ('xpath', "//div[@role='dialog' and contains(@class,'modal') and contains(@class,'show')]")
2025-12-02 18:14:55 [INFO] automation - Modal closed.
2025-12-02 18:14:55 [INFO] pages.common.loader - Waiting for loader to disappear...
2025-12-02 18:15:00 [INFO] pages.base_page - Loader was not observed during initial check, proceeding without waiting for invisibility.
2025-12-02 18:15:00 [INFO] pages.common.loader - Loader Stopped.
2025-12-02 18:15:00 [INFO] pages.base_page - Element clickable: ('xpath', "//img[@alt='Profile']")
2025-12-02 18:15:00 [INFO] pages.base_page - Clicked element: ('xpath', "//img[@alt='Profile']")
2025-12-02 18:15:00 [INFO] pages.base_page - Element clickable: ('xpath', "//button[@title='Logout']")
2025-12-02 18:15:04 [INFO] pages.base_page - Clicked element: ('xpath', "//button[@title='Logout']")
2025-12-02 18:15:04 [INFO] pages.login.logout - Logout Successfully.
2025-12-02 18:15:04 [INFO] utils.screenshot - Screenshot saved: D:\2025\SELENIUM-PYTHON\PLAY_RADIUS_AUTOMATION\screenshots\Logout_Successfully_20251202_181504.png
2025-12-02 18:15:04 [INFO] pages.base_page - Element visible: ('xpath', "//span[text()='Login']")
2025-12-02 18:15:04 [INFO] test_cases.process.version.test_video_version - Logout complete. Test finished.
2025-12-02 18:15:13 [INFO] test_cases.process.version.test_video_version - Starting test_copy_version
2025-12-02 18:15:25 [INFO] pages.base_page - Page fully loaded.
2025-12-02 18:15:25 [INFO] pages.login.login - Opening: https://qaradius.in.qamajor.radius-ois.ai/play/login
2025-12-02 18:15:25 [INFO] pages.base_page - Element visible: ('id', 'loginForm.username')
2025-12-02 18:15:25 [INFO] pages.base_page - Element visible: ('id', 'password')
2025-12-02 18:15:25 [INFO] pages.base_page - Element visible: ('id', 'loginForm.Login')
2025-12-02 18:15:27 [INFO] pages.login.login - Login submitted for user: playadmin
2025-12-02 18:15:27 [INFO] pages.common.loader - Waiting for loader to disappear...
2025-12-02 18:15:27 [INFO] pages.base_page - Loader appeared.
2025-12-02 18:15:37 [INFO] pages.base_page - Loader disappeared.
2025-12-02 18:15:37 [INFO] pages.common.loader - Loader Stopped.
2025-12-02 18:15:37 [INFO] pages.login.login - Login submitted successfully.
2025-12-02 18:15:38 [INFO] utils.screenshot - Screenshot saved: D:\2025\SELENIUM-PYTHON\PLAY_RADIUS_AUTOMATION\screenshots\Login Submitted successfully_20251202_181537.png
2025-12-02 18:15:38 [INFO] pages.common.loader - Waiting for loader to disappear...
2025-12-02 18:15:43 [INFO] pages.base_page - Loader was not observed during initial check, proceeding without waiting for invisibility.
2025-12-02 18:15:43 [INFO] pages.common.loader - Loader Stopped.
2025-12-02 18:15:43 [INFO] pages.common.loader - Waiting for loader to disappear...
2025-12-02 18:15:48 [INFO] pages.base_page - Loader was not observed during initial check, proceeding without waiting for invisibility.
2025-12-02 18:15:48 [INFO] pages.common.loader - Loader Stopped.
2025-12-02 18:15:48 [INFO] pages.base_page - Element clickable: ('xpath', "//button[@title='Process']")
2025-12-02 18:15:49 [INFO] pages.common.sidemenupage - Process Showing
2025-12-02 18:15:49 [INFO] utils.screenshot - Screenshot saved: D:\2025\SELENIUM-PYTHON\PLAY_RADIUS_AUTOMATION\screenshots\Process Showing_20251202_181549.png
2025-12-02 18:15:49 [INFO] pages.base_page - Element clickable: ('xpath', "//button[@title='Filter']")
2025-12-02 18:16:00 [WARNING] pages.base_page - Filter UI not ready within timeout.
2025-12-02 18:16:00 [INFO] pages.base_page - Element clickable: ('id', 'processName')
2025-12-02 18:16:00 [INFO] pages.base_page - Cleared and typed 'SMK_PLAY_24OCT_A' in element: ('id', 'processName')
2025-12-02 18:16:00 [INFO] pages.base_page - Element clickable: ('xpath', "//button[normalize-space(text())='Submit']")
2025-12-02 18:16:01 [INFO] pages.base_page - Clicked element: ('xpath', "//button[normalize-space(text())='Submit']")
2025-12-02 18:16:01 [INFO] pages.common.loader - Waiting for loader to disappear...
2025-12-02 18:16:01 [INFO] pages.base_page - Loader appeared.
2025-12-02 18:16:06 [INFO] pages.base_page - Loader disappeared.
2025-12-02 18:16:06 [INFO] pages.common.loader - Loader Stopped.
2025-12-02 18:16:06 [INFO] pages.base_page - Page fully loaded.
2025-12-02 18:16:06 [INFO] pages.base_page - Element clickable: ('xpath', "//*[@id='root']/div[2]/div/div[3]/div/div/div[2]/div/div[2]/table/tbody/tr[1]")
2025-12-02 18:16:07 [INFO] pages.base_page - Element clickable: ('xpath', "//button[@id='video_version_accord']")
2025-12-02 18:16:07 [INFO] automation - Opened Call Version section.
2025-12-02 18:16:07 [INFO] pages.base_page - Element clickable: ('xpath', "//ul[@id='menuv_video']//button[@title='Add Version']")
2025-12-02 18:16:07 [INFO] automation - Add Version clicked.
2025-12-02 18:16:07 [INFO] pages.base_page - Element visible: ('xpath', "//input[@name='name']")
2025-12-02 18:16:08 [INFO] automation - Entered version name: new_version1024
2025-12-02 18:16:08 [INFO] pages.base_page - Element clickable: ('xpath', "//select[@name='interaction']")
2025-12-02 18:16:08 [INFO] automation - Selected interaction: ib
2025-12-02 18:16:08 [INFO] pages.base_page - Element clickable: ('xpath', "//button[normalize-space()='Submit']")
2025-12-02 18:16:08 [INFO] automation - Submit clicked.
2025-12-02 18:16:09 [INFO] pages.base_page - Toast appeared: Version saved successfully
2025-12-02 18:16:12 [INFO] automation - Captured Toast: Version saved successfully
2025-12-02 18:16:17 [INFO] pages.base_page - Element became invisible: ('xpath', "//div[@role='dialog' and contains(@class,'modal') and contains(@class,'show')]")
2025-12-02 18:16:17 [INFO] automation - Modal closed.
2025-12-02 18:16:17 [INFO] pages.common.loader - Waiting for loader to disappear...
2025-12-02 18:16:22 [INFO] pages.base_page - Loader was not observed during initial check, proceeding without waiting for invisibility.
2025-12-02 18:16:22 [INFO] pages.common.loader - Loader Stopped.
2025-12-02 18:16:22 [INFO] pages.base_page - Element clickable: ('xpath', "//img[@alt='Profile']")
2025-12-02 18:16:23 [INFO] pages.base_page - Clicked element: ('xpath', "//img[@alt='Profile']")
2025-12-02 18:16:23 [INFO] pages.base_page - Element clickable: ('xpath', "//button[@title='Logout']")
2025-12-02 18:16:23 [INFO] pages.base_page - Clicked element: ('xpath', "//button[@title='Logout']")
2025-12-02 18:16:23 [INFO] pages.login.logout - Logout Successfully.
2025-12-02 18:16:27 [INFO] utils.screenshot - Screenshot saved: D:\2025\SELENIUM-PYTHON\PLAY_RADIUS_AUTOMATION\screenshots\Logout_Successfully_20251202_181623.png
2025-12-02 18:16:27 [INFO] pages.base_page - Element visible: ('xpath', "//span[text()='Login']")
2025-12-02 18:16:27 [INFO] test_cases.process.version.test_video_version - Logout complete. Test finished.
2025-12-02 19:15:06 [INFO] pages.base_page - Page fully loaded.
2025-12-02 19:15:06 [INFO] pages.login.login - Opening: https://qaradius.in.qamajor.radius-ois.ai/play/login
2025-12-02 19:15:31 [INFO] pages.base_page - Element visible: ('id', 'loginForm.username')
2025-12-02 19:15:31 [INFO] pages.base_page - Element visible: ('id', 'password')
2025-12-02 19:15:32 [INFO] pages.base_page - Element visible: ('id', 'loginForm.Login')
2025-12-02 19:15:32 [INFO] pages.login.login - Login submitted for user: playadmin
2025-12-02 19:15:32 [INFO] pages.common.loader - Waiting for loader to disappear...
2025-12-02 19:15:33 [INFO] pages.base_page - Loader appeared.
2025-12-02 19:15:41 [INFO] pages.base_page - Loader disappeared.
2025-12-02 19:15:41 [INFO] pages.common.loader - Loader Stopped.
2025-12-02 19:15:41 [INFO] pages.login.login - Login submitted successfully.
2025-12-02 19:15:41 [INFO] utils.screenshot - Screenshot saved: D:\2025\SELENIUM-PYTHON\PLAY_RADIUS_AUTOMATION\screenshots\Login Submitted successfully_20251202_191541.png
2025-12-02 19:15:41 [INFO] pages.common.loader - Waiting for loader to disappear...
2025-12-02 19:15:46 [INFO] pages.base_page - Loader was not observed during initial check, proceeding without waiting for invisibility.
2025-12-02 19:15:46 [INFO] pages.common.loader - Loader Stopped.
2025-12-02 19:15:46 [INFO] pages.common.loader - Waiting for loader to disappear...
2025-12-02 19:15:51 [INFO] pages.base_page - Loader was not observed during initial check, proceeding without waiting for invisibility.
2025-12-02 19:15:51 [INFO] pages.common.loader - Loader Stopped.
2025-12-02 19:15:51 [INFO] pages.base_page - Element clickable: ('xpath', "//button[@title='Process']")
2025-12-02 19:15:52 [INFO] pages.common.sidemenupage - Process Showing
2025-12-02 19:15:53 [INFO] utils.screenshot - Screenshot saved: D:\2025\SELENIUM-PYTHON\PLAY_RADIUS_AUTOMATION\screenshots\Process Showing_20251202_191552.png
2025-12-02 19:15:53 [INFO] pages.base_page - Element clickable: ('xpath', "//button[@title='Filter']")
2025-12-02 19:16:03 [WARNING] pages.base_page - Filter UI not ready within timeout.
2025-12-02 19:16:04 [INFO] pages.base_page - Element clickable: ('id', 'processName')
2025-12-02 19:16:04 [INFO] pages.base_page - Cleared and typed 'SMK_PLAY_24OCT_A' in element: ('id', 'processName')
2025-12-02 19:16:04 [INFO] pages.base_page - Element clickable: ('xpath', "//button[normalize-space(text())='Submit']")
2025-12-02 19:16:05 [INFO] pages.base_page - Clicked element: ('xpath', "//button[normalize-space(text())='Submit']")
2025-12-02 19:16:05 [INFO] pages.common.loader - Waiting for loader to disappear...
2025-12-02 19:16:05 [INFO] pages.base_page - Loader appeared.
2025-12-02 19:16:10 [INFO] pages.base_page - Loader disappeared.
2025-12-02 19:16:10 [INFO] pages.common.loader - Loader Stopped.
2025-12-02 19:16:10 [INFO] pages.base_page - Page fully loaded.
2025-12-02 19:16:10 [INFO] pages.base_page - Element clickable: ('xpath', "//*[@id='root']/div[2]/div/div[3]/div/div/div[2]/div/div[2]/table/tbody/tr[1]")
2025-12-02 19:16:11 [INFO] pages.base_page - Element clickable: ('xpath', "//button[@id='call_version_accord']")
2025-12-02 19:16:11 [INFO] automation - Opened Call Version section.
2025-12-02 19:16:11 [INFO] pages.base_page - Element clickable: ('xpath', "//ul[@id='menuv_call']//button[@title='Import Version']")
2025-12-02 19:16:11 [INFO] automation - Import Version clicked.
2025-12-02 19:16:11 [INFO] pages.base_page - Element clickable: ('xpath', "//select[@name='selProcess']")
2025-12-02 19:16:13 [INFO] automation - Selected process: Campaign_ADD
2025-12-02 19:16:13 [INFO] pages.base_page - Element clickable: ('xpath', "//select[@name='selVersion']")
2025-12-02 19:16:13 [INFO] automation - Selected version: test3
2025-12-02 19:16:13 [INFO] pages.base_page - Element clickable: ('xpath', "//select[@name='interaction']")
2025-12-02 19:16:13 [INFO] automation - Selected interaction: ib
2025-12-02 19:16:13 [INFO] pages.base_page - Element visible: ('xpath', "//input[@name='name']")
2025-12-02 19:16:14 [INFO] automation - Entered version name: Imported_1025
2025-12-02 19:16:14 [INFO] pages.base_page - Element clickable: ('xpath', "//button[normalize-space()='Submit']")
2025-12-02 19:16:14 [INFO] automation - Submit clicked.
2025-12-02 19:16:15 [INFO] pages.base_page - Toast appeared: Version imported successfully
2025-12-02 19:16:17 [INFO] automation - Captured Toast: Version imported successfully
2025-12-02 19:16:22 [INFO] pages.base_page - Element became invisible: ('xpath', "//div[@role='dialog' and contains(@class,'modal') and contains(@class,'show')]")
2025-12-02 19:16:22 [INFO] automation - Modal closed.
2025-12-02 19:16:22 [INFO] pages.common.loader - Waiting for loader to disappear...
2025-12-02 19:16:27 [INFO] pages.base_page - Loader was not observed during initial check, proceeding without waiting for invisibility.
2025-12-02 19:16:27 [INFO] pages.common.loader - Loader Stopped.
2025-12-02 19:16:28 [INFO] pages.base_page - Element clickable: ('xpath', "//img[@alt='Profile']")
2025-12-02 19:16:28 [INFO] pages.base_page - Clicked element: ('xpath', "//img[@alt='Profile']")
2025-12-02 19:16:28 [INFO] pages.base_page - Element clickable: ('xpath', "//button[@title='Logout']")
2025-12-02 19:16:29 [INFO] pages.base_page - Clicked element: ('xpath', "//button[@title='Logout']")
2025-12-02 19:16:29 [INFO] pages.login.logout - Logout Successfully.
2025-12-02 19:16:31 [INFO] utils.screenshot - Screenshot saved: D:\2025\SELENIUM-PYTHON\PLAY_RADIUS_AUTOMATION\screenshots\Logout_Successfully_20251202_191629.png
2025-12-02 19:16:31 [INFO] pages.base_page - Element visible: ('xpath', "//span[text()='Login']")
2025-12-02 19:16:52 [INFO] pages.base_page - Page fully loaded.
2025-12-02 19:16:52 [INFO] pages.login.login - Opening: https://qaradius.in.qamajor.radius-ois.ai/play/login
2025-12-02 19:16:52 [INFO] pages.base_page - Element visible: ('id', 'loginForm.username')
2025-12-02 19:16:52 [INFO] pages.base_page - Element visible: ('id', 'password')
2025-12-02 19:16:53 [INFO] pages.base_page - Element visible: ('id', 'loginForm.Login')
2025-12-02 19:16:53 [INFO] pages.login.login - Login submitted for user: playadmin
2025-12-02 19:16:53 [INFO] pages.common.loader - Waiting for loader to disappear...
2025-12-02 19:16:53 [INFO] pages.base_page - Loader appeared.
2025-12-02 19:17:02 [INFO] pages.base_page - Loader disappeared.
2025-12-02 19:17:02 [INFO] pages.common.loader - Loader Stopped.
2025-12-02 19:17:02 [INFO] pages.login.login - Login submitted successfully.
2025-12-02 19:17:02 [INFO] utils.screenshot - Screenshot saved: D:\2025\SELENIUM-PYTHON\PLAY_RADIUS_AUTOMATION\screenshots\Login Submitted successfully_20251202_191702.png
2025-12-02 19:17:02 [INFO] pages.common.loader - Waiting for loader to disappear...
2025-12-02 19:17:07 [INFO] pages.base_page - Loader was not observed during initial check, proceeding without waiting for invisibility.
2025-12-02 19:17:07 [INFO] pages.common.loader - Loader Stopped.
2025-12-02 19:17:07 [INFO] pages.common.loader - Waiting for loader to disappear...
2025-12-02 19:17:12 [INFO] pages.base_page - Loader was not observed during initial check, proceeding without waiting for invisibility.
2025-12-02 19:17:12 [INFO] pages.common.loader - Loader Stopped.
2025-12-02 19:17:12 [INFO] pages.base_page - Element clickable: ('xpath', "//button[@title='Process']")
2025-12-02 19:17:13 [INFO] pages.common.sidemenupage - Process Showing
2025-12-02 19:17:13 [INFO] utils.screenshot - Screenshot saved: D:\2025\SELENIUM-PYTHON\PLAY_RADIUS_AUTOMATION\screenshots\Process Showing_20251202_191713.png
2025-12-02 19:17:14 [INFO] pages.base_page - Element clickable: ('xpath', "//button[@title='Filter']")
2025-12-02 19:17:25 [WARNING] pages.base_page - Filter UI not ready within timeout.
2025-12-02 19:17:25 [INFO] pages.base_page - Element clickable: ('id', 'processName')
2025-12-02 19:17:25 [INFO] pages.base_page - Cleared and typed 'SMK_PLAY_24OCT_A' in element: ('id', 'processName')
2025-12-02 19:17:25 [INFO] pages.base_page - Element clickable: ('xpath', "//button[normalize-space(text())='Submit']")
2025-12-02 19:17:26 [INFO] pages.base_page - Clicked element: ('xpath', "//button[normalize-space(text())='Submit']")
2025-12-02 19:17:26 [INFO] pages.common.loader - Waiting for loader to disappear...
2025-12-02 19:17:26 [INFO] pages.base_page - Loader appeared.
2025-12-02 19:17:31 [INFO] pages.base_page - Loader disappeared.
2025-12-02 19:17:31 [INFO] pages.common.loader - Loader Stopped.
2025-12-02 19:17:31 [INFO] pages.base_page - Page fully loaded.
2025-12-02 19:17:31 [INFO] pages.base_page - Element clickable: ('xpath', "//*[@id='root']/div[2]/div/div[3]/div/div/div[2]/div/div[2]/table/tbody/tr[1]")
2025-12-02 19:17:32 [INFO] pages.base_page - Element clickable: ('xpath', "//button[@id='call_version_accord']")
2025-12-02 19:17:32 [INFO] automation - Opened Call Version section.
2025-12-02 19:17:32 [INFO] pages.base_page - Element clickable: ('xpath', "//ul[@id='menuv_call']//button[@title='Copy Version']")
2025-12-02 19:17:32 [INFO] automation - Copy Version clicked.
2025-12-02 19:17:32 [INFO] pages.base_page - Element clickable: ('xpath', "//select[@name='cpyVersion']")
2025-12-02 19:17:33 [INFO] automation - Selected copy version: Robot
2025-12-02 19:17:33 [INFO] pages.base_page - Element clickable: ('xpath', "//select[@name='interaction']")
2025-12-02 19:17:33 [INFO] automation - Selected interaction: ib
2025-12-02 19:17:33 [INFO] pages.base_page - Element visible: ('xpath', "//input[@name='cpyVrsnname']")
2025-12-02 19:17:34 [INFO] automation - Entered copy version name: copy_version_1026
2025-12-02 19:17:34 [INFO] pages.base_page - Element clickable: ('xpath', "//button[normalize-space()='Submit']")
2025-12-02 19:17:34 [INFO] automation - Submit clicked.
2025-12-02 19:17:35 [INFO] pages.base_page - Toast appeared: Version copied successfully
2025-12-02 19:17:37 [INFO] automation - Captured Toast: Version copied successfully
2025-12-02 19:17:42 [INFO] pages.base_page - Element became invisible: ('xpath', "//div[@role='dialog' and contains(@class,'modal') and contains(@class,'show')]")
2025-12-02 19:17:42 [INFO] automation - Modal closed.
2025-12-02 19:17:42 [INFO] pages.common.loader - Waiting for loader to disappear...
2025-12-02 19:17:47 [INFO] pages.base_page - Loader was not observed during initial check, proceeding without waiting for invisibility.
2025-12-02 19:17:47 [INFO] pages.common.loader - Loader Stopped.
2025-12-02 19:17:48 [INFO] pages.base_page - Element clickable: ('xpath', "//img[@alt='Profile']")
2025-12-02 19:17:48 [INFO] pages.base_page - Clicked element: ('xpath', "//img[@alt='Profile']")
2025-12-02 19:17:48 [INFO] pages.base_page - Element clickable: ('xpath', "//button[@title='Logout']")
2025-12-02 19:17:50 [INFO] pages.base_page - Clicked element: ('xpath', "//button[@title='Logout']")
2025-12-02 19:17:50 [INFO] pages.login.logout - Logout Successfully.
2025-12-02 19:17:52 [INFO] utils.screenshot - Screenshot saved: D:\2025\SELENIUM-PYTHON\PLAY_RADIUS_AUTOMATION\screenshots\Logout_Successfully_20251202_191750.png
2025-12-02 19:17:52 [INFO] pages.base_page - Element visible: ('xpath', "//span[text()='Login']")
2025-12-02 19:18:15 [INFO] pages.base_page - Page fully loaded.
2025-12-02 19:18:15 [INFO] pages.login.login - Opening: https://qaradius.in.qamajor.radius-ois.ai/play/login
2025-12-02 19:18:16 [INFO] pages.base_page - Element visible: ('id', 'loginForm.username')
2025-12-02 19:18:16 [INFO] pages.base_page - Element visible: ('id', 'password')
2025-12-02 19:18:16 [INFO] pages.base_page - Element visible: ('id', 'loginForm.Login')
2025-12-02 19:18:17 [INFO] pages.login.login - Login submitted for user: playadmin
2025-12-02 19:18:17 [INFO] pages.common.loader - Waiting for loader to disappear...
2025-12-02 19:18:17 [INFO] pages.base_page - Loader appeared.
2025-12-02 19:18:28 [INFO] utils.screenshot - Screenshot saved: D:\2025\SELENIUM-PYTHON\PLAY_RADIUS_AUTOMATION\screenshots\wait_loader_to_disappear_error___div[@class='loader_holder']_20251202_191828.png
2025-12-02 19:18:28 [ERROR] pages.base_page - wait_loader_to_disappear failed for ('xpath', "//div[@class='loader_holder']"): Message: 
Traceback (most recent call last):
  File "D:\2025\SELENIUM-PYTHON\PLAY_RADIUS_AUTOMATION\pages\base_page.py", line 106, in wait_loader_to_disappear
    self.wait.until(EC.invisibility_of_element_located(locator))
    ~~~~~~~~~~~~~~~^^^^^^^^^^^^^^^^^^^^^^^^^^^^^^^^^^^^^^^^^^^^^
  File "D:\2025\SELENIUM-PYTHON\PLAY_RADIUS_AUTOMATION\.venv\Lib\site-packages\selenium\webdriver\support\wait.py", line 138, in until
    raise TimeoutException(message, screen, stacktrace)
selenium.common.exceptions.TimeoutException: Message: 

2025-12-02 19:18:28 [ERROR] pages.common.loader - Failed to load: Message: 
Traceback (most recent call last):
  File "D:\2025\SELENIUM-PYTHON\PLAY_RADIUS_AUTOMATION\pages\common\loader.py", line 16, in load
    self.wait_loader_to_disappear(self.LOADER)
    ~~~~~~~~~~~~~~~~~~~~~~~~~~~~~^^^^^^^^^^^^^
  File "D:\2025\SELENIUM-PYTHON\PLAY_RADIUS_AUTOMATION\pages\base_page.py", line 112, in wait_loader_to_disappear
    self._handle_error("wait_loader_to_disappear", locator, e)
    ~~~~~~~~~~~~~~~~~~^^^^^^^^^^^^^^^^^^^^^^^^^^^^^^^^^^^^^^^^
  File "D:\2025\SELENIUM-PYTHON\PLAY_RADIUS_AUTOMATION\pages\base_page.py", line 183, in _handle_error
    raise error
  File "D:\2025\SELENIUM-PYTHON\PLAY_RADIUS_AUTOMATION\pages\base_page.py", line 106, in wait_loader_to_disappear
    self.wait.until(EC.invisibility_of_element_located(locator))
    ~~~~~~~~~~~~~~~^^^^^^^^^^^^^^^^^^^^^^^^^^^^^^^^^^^^^^^^^^^^^
  File "D:\2025\SELENIUM-PYTHON\PLAY_RADIUS_AUTOMATION\.venv\Lib\site-packages\selenium\webdriver\support\wait.py", line 138, in until
    raise TimeoutException(message, screen, stacktrace)
selenium.common.exceptions.TimeoutException: Message: 

2025-12-02 19:18:28 [INFO] pages.login.login - Login submitted successfully.
2025-12-02 19:18:28 [INFO] utils.screenshot - Screenshot saved: D:\2025\SELENIUM-PYTHON\PLAY_RADIUS_AUTOMATION\screenshots\Login Submitted successfully_20251202_191828.png
2025-12-02 19:18:28 [INFO] pages.common.loader - Waiting for loader to disappear...
2025-12-02 19:18:28 [INFO] pages.base_page - Loader appeared.
2025-12-02 19:18:35 [INFO] pages.base_page - Loader disappeared.
2025-12-02 19:18:35 [INFO] pages.common.loader - Loader Stopped.
2025-12-02 19:18:35 [INFO] pages.common.loader - Waiting for loader to disappear...
2025-12-02 19:18:40 [INFO] pages.base_page - Loader was not observed during initial check, proceeding without waiting for invisibility.
2025-12-02 19:18:40 [INFO] pages.common.loader - Loader Stopped.
2025-12-02 19:18:40 [INFO] pages.base_page - Element clickable: ('xpath', "//button[@title='Process']")
2025-12-02 19:18:41 [INFO] pages.common.sidemenupage - Process Showing
2025-12-02 19:18:41 [INFO] utils.screenshot - Screenshot saved: D:\2025\SELENIUM-PYTHON\PLAY_RADIUS_AUTOMATION\screenshots\Process Showing_20251202_191841.png
2025-12-02 19:18:41 [INFO] pages.base_page - Element clickable: ('xpath', "//button[@title='Filter']")
2025-12-02 19:18:52 [WARNING] pages.base_page - Filter UI not ready within timeout.
2025-12-02 19:18:52 [INFO] pages.base_page - Element clickable: ('id', 'processName')
2025-12-02 19:18:53 [INFO] pages.base_page - Cleared and typed 'SMK_PLAY_24OCT_A' in element: ('id', 'processName')
2025-12-02 19:18:53 [INFO] pages.base_page - Element clickable: ('xpath', "//button[normalize-space(text())='Submit']")
2025-12-02 19:18:53 [INFO] pages.base_page - Clicked element: ('xpath', "//button[normalize-space(text())='Submit']")
2025-12-02 19:18:53 [INFO] pages.common.loader - Waiting for loader to disappear...
2025-12-02 19:18:53 [INFO] pages.base_page - Loader appeared.
2025-12-02 19:18:59 [INFO] pages.base_page - Loader disappeared.
2025-12-02 19:18:59 [INFO] pages.common.loader - Loader Stopped.
2025-12-02 19:18:59 [INFO] pages.base_page - Page fully loaded.
2025-12-02 19:18:59 [INFO] pages.base_page - Element clickable: ('xpath', "//*[@id='root']/div[2]/div/div[3]/div/div/div[2]/div/div[2]/table/tbody/tr[1]")
2025-12-02 19:18:59 [INFO] pages.base_page - Element clickable: ('xpath', "//button[@id='call_version_accord']")
2025-12-02 19:18:59 [INFO] automation - Opened Call Version section.
2025-12-02 19:19:00 [INFO] pages.base_page - Element clickable: ('xpath', "//ul[@id='menuv_call']//button[@title='Add Version']")
2025-12-02 19:19:00 [INFO] automation - Add Version clicked.
2025-12-02 19:19:00 [INFO] pages.base_page - Element clickable: ('xpath', "//select[@name='interaction']")
2025-12-02 19:19:00 [INFO] automation - Selected interaction: ib
2025-12-02 19:19:00 [INFO] pages.base_page - Element visible: ('xpath', "//input[@name='name']")
2025-12-02 19:19:01 [INFO] automation - Entered version name: version_1027
2025-12-02 19:19:01 [INFO] automation - Modal filled with data: {'name': 'version_', 'interaction': 'ib'}
2025-12-02 19:19:01 [INFO] pages.base_page - Element clickable: ('xpath', "//button[normalize-space()='Submit']")
2025-12-02 19:19:01 [INFO] automation - Submit clicked.
2025-12-02 19:19:02 [INFO] pages.base_page - Toast appeared: Version saved successfully
2025-12-02 19:19:05 [INFO] automation - Captured Toast: Version saved successfully
2025-12-02 19:19:10 [INFO] pages.base_page - Element became invisible: ('xpath', "//div[@role='dialog' and contains(@class,'modal') and contains(@class,'show')]")
2025-12-02 19:19:10 [INFO] automation - Modal closed.
2025-12-02 19:19:10 [INFO] utils.screenshot - Screenshot saved: D:\2025\SELENIUM-PYTHON\PLAY_RADIUS_AUTOMATION\screenshots\failed_test_add_version_json_20251202_191910.png
2025-12-02 19:19:26 [INFO] pages.base_page - Page fully loaded.
2025-12-02 19:19:26 [INFO] pages.login.login - Opening: https://qaradius.in.qamajor.radius-ois.ai/play/login
2025-12-02 19:19:27 [INFO] pages.base_page - Element visible: ('id', 'loginForm.username')
2025-12-02 19:19:27 [INFO] pages.base_page - Element visible: ('id', 'password')
2025-12-02 19:19:27 [INFO] pages.base_page - Element visible: ('id', 'loginForm.Login')
2025-12-02 19:19:28 [INFO] pages.login.login - Login submitted for user: playadmin
2025-12-02 19:19:28 [INFO] pages.common.loader - Waiting for loader to disappear...
2025-12-02 19:19:28 [INFO] pages.base_page - Loader appeared.
2025-12-02 19:19:38 [INFO] pages.base_page - Loader disappeared.
2025-12-02 19:19:38 [INFO] pages.common.loader - Loader Stopped.
2025-12-02 19:19:38 [INFO] pages.login.login - Login submitted successfully.
2025-12-02 19:19:38 [INFO] utils.screenshot - Screenshot saved: D:\2025\SELENIUM-PYTHON\PLAY_RADIUS_AUTOMATION\screenshots\Login Submitted successfully_20251202_191938.png
2025-12-02 19:19:38 [INFO] pages.common.loader - Waiting for loader to disappear...
2025-12-02 19:19:43 [INFO] pages.base_page - Loader was not observed during initial check, proceeding without waiting for invisibility.
2025-12-02 19:19:43 [INFO] pages.common.loader - Loader Stopped.
2025-12-02 19:19:43 [INFO] pages.common.loader - Waiting for loader to disappear...
2025-12-02 19:19:48 [INFO] pages.base_page - Loader was not observed during initial check, proceeding without waiting for invisibility.
2025-12-02 19:19:48 [INFO] pages.common.loader - Loader Stopped.
2025-12-02 19:19:48 [INFO] pages.base_page - Element clickable: ('xpath', "//button[@title='Process']")
2025-12-02 19:19:49 [INFO] pages.common.sidemenupage - Process Showing
2025-12-02 19:19:50 [INFO] utils.screenshot - Screenshot saved: D:\2025\SELENIUM-PYTHON\PLAY_RADIUS_AUTOMATION\screenshots\Process Showing_20251202_191949.png
2025-12-02 19:19:50 [INFO] pages.base_page - Element clickable: ('xpath', "//button[@title='Filter']")
2025-12-02 19:20:00 [WARNING] pages.base_page - Filter UI not ready within timeout.
2025-12-02 19:20:01 [INFO] pages.base_page - Element clickable: ('id', 'processName')
2025-12-02 19:20:01 [INFO] pages.base_page - Cleared and typed 'SMK_PLAY_24OCT_A' in element: ('id', 'processName')
2025-12-02 19:20:01 [INFO] pages.base_page - Element clickable: ('xpath', "//button[normalize-space(text())='Submit']")
2025-12-02 19:20:01 [INFO] pages.base_page - Clicked element: ('xpath', "//button[normalize-space(text())='Submit']")
2025-12-02 19:20:01 [INFO] pages.common.loader - Waiting for loader to disappear...
2025-12-02 19:20:01 [INFO] pages.base_page - Loader appeared.
2025-12-02 19:20:07 [INFO] pages.base_page - Loader disappeared.
2025-12-02 19:20:07 [INFO] pages.common.loader - Loader Stopped.
2025-12-02 19:20:07 [INFO] pages.base_page - Page fully loaded.
2025-12-02 19:20:07 [INFO] pages.base_page - Element clickable: ('xpath', "//*[@id='root']/div[2]/div/div[3]/div/div/div[2]/div/div[2]/table/tbody/tr[1]")
2025-12-02 19:20:07 [INFO] pages.base_page - Element clickable: ('xpath', "//button[@id='call_version_accord']")
2025-12-02 19:20:08 [INFO] automation - Opened Call Version section.
2025-12-02 19:20:08 [INFO] pages.base_page - Element clickable: ('xpath', "//ul[@id='menuv_call']//button[@title='Add Version']")
2025-12-02 19:20:08 [INFO] automation - Add Version clicked.
2025-12-02 19:20:08 [INFO] pages.base_page - Element visible: ('xpath', "//input[@name='name']")
2025-12-02 19:20:08 [INFO] automation - Entered version name: new_version1028
2025-12-02 19:20:09 [INFO] pages.base_page - Element clickable: ('xpath', "//select[@name='interaction']")
2025-12-02 19:20:09 [INFO] automation - Selected interaction: ib
2025-12-02 19:20:09 [INFO] pages.base_page - Element clickable: ('xpath', "//button[normalize-space()='Submit']")
2025-12-02 19:20:09 [INFO] automation - Submit clicked.
2025-12-02 19:20:11 [INFO] pages.base_page - Toast appeared: Version saved successfully
2025-12-02 19:20:14 [INFO] automation - Captured Toast: Version saved successfully
2025-12-02 19:20:19 [INFO] pages.base_page - Element became invisible: ('xpath', "//div[@role='dialog' and contains(@class,'modal') and contains(@class,'show')]")
2025-12-02 19:20:19 [INFO] automation - Modal closed.
2025-12-02 19:20:19 [INFO] utils.screenshot - Screenshot saved: D:\2025\SELENIUM-PYTHON\PLAY_RADIUS_AUTOMATION\screenshots\failed_test_add_version_20251202_192019.png
2025-12-02 19:27:42 [INFO] pages.base_page - Page fully loaded.
2025-12-02 19:27:42 [INFO] pages.login.login - Opening: https://qaradius.in.qamajor.radius-ois.ai/play/login
2025-12-02 19:27:42 [INFO] pages.base_page - Element visible: ('id', 'loginForm.username')
2025-12-02 19:27:43 [INFO] pages.base_page - Element visible: ('id', 'password')
2025-12-02 19:27:43 [INFO] pages.base_page - Element visible: ('id', 'loginForm.Login')
2025-12-02 19:27:43 [INFO] pages.login.login - Login submitted for user: playadmin
2025-12-02 19:27:43 [INFO] pages.common.loader - Waiting for loader to disappear...
2025-12-02 19:27:44 [INFO] pages.base_page - Loader appeared.
2025-12-02 19:27:52 [INFO] pages.base_page - Loader disappeared.
2025-12-02 19:27:52 [INFO] pages.common.loader - Loader Stopped.
2025-12-02 19:27:52 [INFO] pages.login.login - Login submitted successfully.
2025-12-02 19:27:52 [INFO] utils.screenshot - Screenshot saved: D:\2025\SELENIUM-PYTHON\PLAY_RADIUS_AUTOMATION\screenshots\Login Submitted successfully_20251202_192752.png
2025-12-02 19:27:52 [INFO] pages.common.loader - Waiting for loader to disappear...
2025-12-02 19:27:57 [INFO] pages.base_page - Loader was not observed during initial check, proceeding without waiting for invisibility.
2025-12-02 19:27:57 [INFO] pages.common.loader - Loader Stopped.
2025-12-02 19:27:57 [INFO] pages.common.loader - Waiting for loader to disappear...
2025-12-02 19:28:02 [INFO] pages.base_page - Loader was not observed during initial check, proceeding without waiting for invisibility.
2025-12-02 19:28:02 [INFO] pages.common.loader - Loader Stopped.
2025-12-02 19:28:02 [INFO] pages.base_page - Element clickable: ('xpath', "//button[@title='Process']")
2025-12-02 19:28:03 [INFO] pages.common.sidemenupage - Process Showing
2025-12-02 19:28:04 [INFO] utils.screenshot - Screenshot saved: D:\2025\SELENIUM-PYTHON\PLAY_RADIUS_AUTOMATION\screenshots\Process Showing_20251202_192803.png
2025-12-02 19:28:04 [INFO] pages.base_page - Element clickable: ('xpath', "//button[@title='Filter']")
2025-12-02 19:28:14 [WARNING] pages.base_page - Filter UI not ready within timeout.
2025-12-02 19:28:15 [INFO] pages.base_page - Element clickable: ('id', 'processName')
2025-12-02 19:28:15 [INFO] pages.base_page - Cleared and typed 'SMK_PLAY_24OCT_A' in element: ('id', 'processName')
2025-12-02 19:28:15 [INFO] pages.base_page - Element clickable: ('xpath', "//button[normalize-space(text())='Submit']")
2025-12-02 19:28:15 [INFO] pages.base_page - Clicked element: ('xpath', "//button[normalize-space(text())='Submit']")
2025-12-02 19:28:15 [INFO] pages.common.loader - Waiting for loader to disappear...
2025-12-02 19:28:15 [INFO] pages.base_page - Loader appeared.
2025-12-02 19:28:21 [INFO] pages.base_page - Loader disappeared.
2025-12-02 19:28:21 [INFO] pages.common.loader - Loader Stopped.
2025-12-02 19:28:21 [INFO] pages.base_page - Page fully loaded.
2025-12-02 19:28:21 [INFO] pages.base_page - Element clickable: ('xpath', "//*[@id='root']/div[2]/div/div[3]/div/div/div[2]/div/div[2]/table/tbody/tr[1]")
2025-12-02 19:28:21 [INFO] pages.base_page - Element clickable: ('xpath', "//button[@id='call_version_accord']")
2025-12-02 19:28:21 [INFO] automation - Opened Call Version section.
2025-12-02 19:28:21 [INFO] pages.base_page - Element clickable: ('xpath', "//ul[@id='menuv_call']//button[@title='Add Version']")
2025-12-02 19:28:22 [INFO] automation - Add Version clicked.
2025-12-02 19:28:22 [INFO] pages.base_page - Element clickable: ('xpath', "//select[@name='interaction']")
2025-12-02 19:28:22 [INFO] automation - Selected interaction: ib
2025-12-02 19:28:22 [INFO] pages.base_page - Element visible: ('xpath', "//input[@name='name']")
2025-12-02 19:28:23 [INFO] automation - Entered version name: version_1029
2025-12-02 19:28:23 [INFO] automation - Modal filled with data: {'name': 'version_', 'interaction': 'ib'}
2025-12-02 19:28:23 [INFO] pages.base_page - Element clickable: ('xpath', "//button[normalize-space()='Submit']")
2025-12-02 19:28:23 [INFO] automation - Submit clicked.
2025-12-02 19:28:24 [INFO] pages.base_page - Toast appeared: Version saved successfully
2025-12-02 19:28:26 [INFO] automation - Captured Toast: Version saved successfully
2025-12-02 19:28:31 [INFO] pages.base_page - Element became invisible: ('xpath', "//div[@role='dialog' and contains(@class,'modal') and contains(@class,'show')]")
2025-12-02 19:28:31 [INFO] automation - Modal closed.
2025-12-02 19:28:31 [INFO] pages.common.loader - Waiting for loader to disappear...
2025-12-02 19:28:36 [INFO] pages.base_page - Loader was not observed during initial check, proceeding without waiting for invisibility.
2025-12-02 19:28:36 [INFO] pages.common.loader - Loader Stopped.
2025-12-02 19:28:37 [INFO] pages.base_page - Element clickable: ('xpath', "//img[@alt='Profile']")
2025-12-02 19:28:37 [INFO] pages.base_page - Clicked element: ('xpath', "//img[@alt='Profile']")
2025-12-02 19:28:37 [INFO] pages.base_page - Element clickable: ('xpath', "//button[@title='Logout']")
2025-12-02 19:28:37 [INFO] pages.base_page - Clicked element: ('xpath', "//button[@title='Logout']")
2025-12-02 19:28:37 [INFO] pages.login.logout - Logout Successfully.
2025-12-02 19:28:39 [INFO] utils.screenshot - Screenshot saved: D:\2025\SELENIUM-PYTHON\PLAY_RADIUS_AUTOMATION\screenshots\Logout_Successfully_20251202_192837.png
2025-12-02 19:28:39 [INFO] pages.base_page - Element visible: ('xpath', "//span[text()='Login']")
2025-12-02 19:29:08 [INFO] pages.base_page - Page fully loaded.
2025-12-02 19:29:08 [INFO] pages.login.login - Opening: https://qaradius.in.qamajor.radius-ois.ai/play/login
2025-12-02 19:29:09 [INFO] pages.base_page - Element visible: ('id', 'loginForm.username')
2025-12-02 19:29:09 [INFO] pages.base_page - Element visible: ('id', 'password')
2025-12-02 19:29:09 [INFO] pages.base_page - Element visible: ('id', 'loginForm.Login')
2025-12-02 19:29:10 [INFO] pages.login.login - Login submitted for user: playadmin
2025-12-02 19:29:10 [INFO] pages.common.loader - Waiting for loader to disappear...
2025-12-02 19:29:10 [INFO] pages.base_page - Loader appeared.
2025-12-02 19:29:19 [INFO] pages.base_page - Loader disappeared.
2025-12-02 19:29:19 [INFO] pages.common.loader - Loader Stopped.
2025-12-02 19:29:19 [INFO] pages.login.login - Login submitted successfully.
2025-12-02 19:29:19 [INFO] utils.screenshot - Screenshot saved: D:\2025\SELENIUM-PYTHON\PLAY_RADIUS_AUTOMATION\screenshots\Login Submitted successfully_20251202_192919.png
2025-12-02 19:29:19 [INFO] pages.common.loader - Waiting for loader to disappear...
2025-12-02 19:29:24 [INFO] pages.base_page - Loader was not observed during initial check, proceeding without waiting for invisibility.
2025-12-02 19:29:24 [INFO] pages.common.loader - Loader Stopped.
2025-12-02 19:29:24 [INFO] pages.common.loader - Waiting for loader to disappear...
2025-12-02 19:29:29 [INFO] pages.base_page - Loader was not observed during initial check, proceeding without waiting for invisibility.
2025-12-02 19:29:29 [INFO] pages.common.loader - Loader Stopped.
2025-12-02 19:29:29 [INFO] pages.base_page - Element clickable: ('xpath', "//button[@title='Process']")
2025-12-02 19:29:30 [INFO] pages.common.sidemenupage - Process Showing
2025-12-02 19:29:31 [INFO] utils.screenshot - Screenshot saved: D:\2025\SELENIUM-PYTHON\PLAY_RADIUS_AUTOMATION\screenshots\Process Showing_20251202_192930.png
2025-12-02 19:29:31 [INFO] pages.base_page - Element clickable: ('xpath', "//button[@title='Filter']")
2025-12-02 19:29:42 [WARNING] pages.base_page - Filter UI not ready within timeout.
2025-12-02 19:29:42 [INFO] pages.base_page - Element clickable: ('id', 'processName')
2025-12-02 19:29:42 [INFO] pages.base_page - Cleared and typed 'SMK_PLAY_24OCT_A' in element: ('id', 'processName')
2025-12-02 19:29:42 [INFO] pages.base_page - Element clickable: ('xpath', "//button[normalize-space(text())='Submit']")
2025-12-02 19:29:43 [INFO] pages.base_page - Clicked element: ('xpath', "//button[normalize-space(text())='Submit']")
2025-12-02 19:29:43 [INFO] pages.common.loader - Waiting for loader to disappear...
2025-12-02 19:29:43 [INFO] pages.base_page - Loader appeared.
2025-12-02 19:29:48 [INFO] pages.base_page - Loader disappeared.
2025-12-02 19:29:48 [INFO] pages.common.loader - Loader Stopped.
2025-12-02 19:29:48 [INFO] pages.base_page - Page fully loaded.
2025-12-02 19:29:48 [INFO] pages.base_page - Element clickable: ('xpath', "//*[@id='root']/div[2]/div/div[3]/div/div/div[2]/div/div[2]/table/tbody/tr[1]")
2025-12-02 19:29:49 [INFO] pages.base_page - Element clickable: ('xpath', "//button[@id='call_version_accord']")
2025-12-02 19:29:49 [INFO] automation - Opened Call Version section.
2025-12-02 19:29:49 [INFO] pages.base_page - Element clickable: ('xpath', "//ul[@id='menuv_call']//button[@title='Add Version']")
2025-12-02 19:29:49 [INFO] automation - Add Version clicked.
2025-12-02 19:29:49 [INFO] pages.base_page - Element visible: ('xpath', "//input[@name='name']")
2025-12-02 19:29:50 [INFO] automation - Entered version name: new_version1030
2025-12-02 19:29:50 [INFO] pages.base_page - Element clickable: ('xpath', "//select[@name='interaction']")
2025-12-02 19:29:50 [INFO] automation - Selected interaction: ib
2025-12-02 19:29:50 [INFO] pages.base_page - Element clickable: ('xpath', "//button[normalize-space()='Submit']")
2025-12-02 19:29:50 [INFO] automation - Submit clicked.
2025-12-02 19:29:51 [INFO] pages.base_page - Toast appeared: Version saved successfully
2025-12-02 19:29:54 [INFO] automation - Captured Toast: Version saved successfully
2025-12-02 19:29:59 [INFO] pages.base_page - Element became invisible: ('xpath', "//div[@role='dialog' and contains(@class,'modal') and contains(@class,'show')]")
2025-12-02 19:29:59 [INFO] automation - Modal closed.
2025-12-02 19:29:59 [INFO] pages.common.loader - Waiting for loader to disappear...
2025-12-02 19:30:04 [INFO] pages.base_page - Loader was not observed during initial check, proceeding without waiting for invisibility.
2025-12-02 19:30:04 [INFO] pages.common.loader - Loader Stopped.
2025-12-02 19:30:04 [INFO] pages.base_page - Element clickable: ('xpath', "//img[@alt='Profile']")
2025-12-02 19:30:04 [INFO] pages.base_page - Clicked element: ('xpath', "//img[@alt='Profile']")
2025-12-02 19:30:04 [INFO] pages.base_page - Element clickable: ('xpath', "//button[@title='Logout']")
2025-12-02 19:30:06 [INFO] pages.base_page - Clicked element: ('xpath', "//button[@title='Logout']")
2025-12-02 19:30:06 [INFO] pages.login.logout - Logout Successfully.
2025-12-02 19:30:08 [INFO] utils.screenshot - Screenshot saved: D:\2025\SELENIUM-PYTHON\PLAY_RADIUS_AUTOMATION\screenshots\Logout_Successfully_20251202_193006.png
2025-12-02 19:30:08 [INFO] pages.base_page - Element visible: ('xpath', "//span[text()='Login']")
